++ python3 -c 'import torch_npu'
++ echo gpu
+ DEVICE=gpu
+ INFER_BACKEND=vllm
+ MACHINE=
+ MODEL_PATH=Qwen/Qwen3-8B
+ NNODES=1
+ NGPUS_PER_NODE=
+ NPUS_PER_NODE=
+ train_batch_size=1024
+ ppo_mini_batch_size=256
+ max_prompt_length=1024
+ max_response_length=2048
+ ppo_max_token_len_per_gpu=24576
+ actor_lr=1e-6
+ kl_loss_coef=0.001
+ entropy_coeff=0
+ rollout_tp=
+ rollout_gpu_mem_util=
+ rollout_n=5
+ sp_size=1
+ total_epochs=15
+ save_freq=20
+ test_freq=5
+ PROJECT_NAME=verl_grpo_gsm8k_math
++ date +%Y%m%d_%H%M
+ EXPERIMENT_NAME=qwen3_8b_grpo_vllm_fsdp_20260525_0229
+ case "${DEVICE}" in
+ '[' gpu = npu ']'
+ EXTRA=()
+ case "${DEVICE}" in
+ actor_param_offload=False
+ actor_optimizer_offload=False
+ rollout_tp=2
+ rollout_gpu_mem_util=0.6
+ case "${MACHINE}" in
+ NGPUS_PER_NODE=8
+ n_trainer_devices=8
+ DATA=(algorithm.adv_estimator=grpo algorithm.use_kl_in_reward=False data.train_files="['$HOME/data/gsm8k/train.parquet', '$HOME/data/math/train.parquet']" data.val_files="['$HOME/data/gsm8k/test.parquet', '$HOME/data/math/test.parquet']" data.train_batch_size=${train_batch_size} data.max_prompt_length=${max_prompt_length} data.max_response_length=${max_response_length} data.filter_overlong_prompts=True data.truncation='error')
+ MODEL=(actor_rollout_ref.model.path="$MODEL_PATH" actor_rollout_ref.model.use_remove_padding=True actor_rollout_ref.model.enable_gradient_checkpointing=True)
+ ACTOR=(actor_rollout_ref.actor.optim.lr=${actor_lr} actor_rollout_ref.actor.ppo_mini_batch_size=${ppo_mini_batch_size} actor_rollout_ref.actor.use_dynamic_bsz=True actor_rollout_ref.actor.ppo_max_token_len_per_gpu=${ppo_max_token_len_per_gpu} actor_rollout_ref.actor.use_kl_loss=True actor_rollout_ref.actor.kl_loss_coef=${kl_loss_coef} actor_rollout_ref.actor.kl_loss_type=low_var_kl actor_rollout_ref.actor.entropy_coeff=${entropy_coeff} actor_rollout_ref.actor.fsdp_config.param_offload=${actor_param_offload} actor_rollout_ref.actor.fsdp_config.optimizer_offload=${actor_optimizer_offload} actor_rollout_ref.actor.fsdp_config.param_offload=True actor_rollout_ref.actor.fsdp_config.optimizer_offload=True)
+ ROLLOUT=(actor_rollout_ref.rollout.name=${INFER_BACKEND} actor_rollout_ref.rollout.tensor_model_parallel_size=${rollout_tp} actor_rollout_ref.rollout.gpu_memory_utilization=${rollout_gpu_mem_util} actor_rollout_ref.rollout.n=${rollout_n} actor_rollout_ref.rollout.log_prob_use_dynamic_bsz=True actor_rollout_ref.rollout.log_prob_max_token_len_per_gpu=${ppo_max_token_len_per_gpu})
+ REF=(actor_rollout_ref.ref.log_prob_use_dynamic_bsz=True actor_rollout_ref.ref.log_prob_max_token_len_per_gpu=${ppo_max_token_len_per_gpu} actor_rollout_ref.ref.fsdp_config.param_offload=True)
+ TRAINER=(trainer.balance_batch=True trainer.logger='["console"]' trainer.project_name=${PROJECT_NAME} trainer.experiment_name=${EXPERIMENT_NAME} trainer.n_gpus_per_node=${n_trainer_devices} trainer.nnodes=${NNODES} trainer.save_freq=${save_freq} trainer.test_freq=${test_freq} trainer.total_epochs=${total_epochs})
+ python3 -m verl.trainer.main_ppo algorithm.adv_estimator=grpo algorithm.use_kl_in_reward=False 'data.train_files=['\''/apps/mingjiel/data/gsm8k/train.parquet'\'', '\''/apps/mingjiel/data/math/train.parquet'\'']' 'data.val_files=['\''/apps/mingjiel/data/gsm8k/test.parquet'\'', '\''/apps/mingjiel/data/math/test.parquet'\'']' data.train_batch_size=1024 data.max_prompt_length=1024 data.max_response_length=2048 data.filter_overlong_prompts=True data.truncation=error actor_rollout_ref.model.path=Qwen/Qwen3-8B actor_rollout_ref.model.use_remove_padding=True actor_rollout_ref.model.enable_gradient_checkpointing=True actor_rollout_ref.actor.optim.lr=1e-6 actor_rollout_ref.actor.ppo_mini_batch_size=256 actor_rollout_ref.actor.use_dynamic_bsz=True actor_rollout_ref.actor.ppo_max_token_len_per_gpu=24576 actor_rollout_ref.actor.use_kl_loss=True actor_rollout_ref.actor.kl_loss_coef=0.001 actor_rollout_ref.actor.kl_loss_type=low_var_kl actor_rollout_ref.actor.entropy_coeff=0 actor_rollout_ref.actor.fsdp_config.param_offload=False actor_rollout_ref.actor.fsdp_config.optimizer_offload=False actor_rollout_ref.actor.fsdp_config.param_offload=True actor_rollout_ref.actor.fsdp_config.optimizer_offload=True actor_rollout_ref.rollout.name=vllm actor_rollout_ref.rollout.tensor_model_parallel_size=2 actor_rollout_ref.rollout.gpu_memory_utilization=0.6 actor_rollout_ref.rollout.n=5 actor_rollout_ref.rollout.log_prob_use_dynamic_bsz=True actor_rollout_ref.rollout.log_prob_max_token_len_per_gpu=24576 actor_rollout_ref.ref.log_prob_use_dynamic_bsz=True actor_rollout_ref.ref.log_prob_max_token_len_per_gpu=24576 actor_rollout_ref.ref.fsdp_config.param_offload=True trainer.balance_batch=True 'trainer.logger=["console"]' trainer.project_name=verl_grpo_gsm8k_math trainer.experiment_name=qwen3_8b_grpo_vllm_fsdp_20260525_0229 trainer.n_gpus_per_node=8 trainer.nnodes=1 trainer.save_freq=20 trainer.test_freq=5 trainer.total_epochs=15
[aiter] import [module_aiter_core] under /workspace/aiter/aiter/jit/module_aiter_core.so
/usr/local/lib/python3.12/dist-packages/apex/transformer/functional/fused_rope.py:49: UserWarning: Aiter backend is selected for fused RoPE. This has lower precision. To disable aiter, export USE_ROCM_AITER_ROPE_BACKEND=0
  warnings.warn("Aiter backend is selected for fused RoPE. This has lower precision. To disable aiter, export USE_ROCM_AITER_ROPE_BACKEND=0", UserWarning)
2026-05-25 02:30:00,611	INFO worker.py:2003 -- Started a local Ray instance. View the dashboard at [1m[32mhttp://127.0.0.1:8265 [39m[22m
/usr/local/lib/python3.12/dist-packages/ray/_private/worker.py:2051: FutureWarning: Tip: In future versions of Ray, Ray will no longer override accelerator visible devices env var if num_gpus=0 or num_gpus=None (default). To enable this behavior and turn off this error message, set RAY_ACCEL_ENV_VAR_OVERRIDE_ON_ZERO=0
  warnings.warn(
[36m(pid=1876115)[0m [aiter] import [module_aiter_core] under /workspace/aiter/aiter/jit/module_aiter_core.so
[36m(pid=1876115)[0m [aiter] ROCm/HIP JIT runtime not available: No module named 'jax'. CK and HIP ops are disabled. Triton ops remain available.
[36m(pid=1876115)[0m /usr/local/lib/python3.12/dist-packages/apex/transformer/functional/fused_rope.py:49: UserWarning: Aiter backend is selected for fused RoPE. This has lower precision. To disable aiter, export USE_ROCM_AITER_ROPE_BACKEND=0
[36m(pid=1876115)[0m   warnings.warn("Aiter backend is selected for fused RoPE. This has lower precision. To disable aiter, export USE_ROCM_AITER_ROPE_BACKEND=0", UserWarning)
ray init kwargs: {'num_cpus': None, 'runtime_env': {'env_vars': {'TOKENIZERS_PARALLELISM': 'true', 'NCCL_DEBUG': 'WARN', 'VLLM_LOGGING_LEVEL': 'WARN', 'VLLM_ALLOW_RUNTIME_LORA_UPDATING': 'true', 'CUDA_DEVICE_MAX_CONNECTIONS': '1', 'VLLM_DISABLE_COMPILE_CACHE': '1', 'HCCL_HOST_SOCKET_PORT_RANGE': 'auto', 'HCCL_NPU_SOCKET_PORT_RANGE': 'auto', 'HSA_NO_SCRATCH_RECLAIM': '1'}, 'working_dir': None}}
[36m(TaskRunner pid=1876115)[0m TaskRunner hostname: mi308-ccs-aus-e07-22.prov.aus.ccs.cpe.ice.amd.com, PID: 1876115
[36m(TaskRunner pid=1876115)[0m {'actor_rollout_ref': {'actor': {'_target_': 'verl.workers.config.FSDPActorConfig',
[36m(TaskRunner pid=1876115)[0m                                  'calculate_entropy': False,
[36m(TaskRunner pid=1876115)[0m                                  'calculate_sum_pi_squared': False,
[36m(TaskRunner pid=1876115)[0m                                  'checkpoint': {'_target_': 'verl.trainer.config.CheckpointConfig',
[36m(TaskRunner pid=1876115)[0m                                                 'async_save': False,
[36m(TaskRunner pid=1876115)[0m                                                 'load_contents': ['model',
[36m(TaskRunner pid=1876115)[0m                                                                   'optimizer',
[36m(TaskRunner pid=1876115)[0m                                                                   'extra'],
[36m(TaskRunner pid=1876115)[0m                                                 'mbridge_config': {},
[36m(TaskRunner pid=1876115)[0m                                                 'save_contents': ['model',
[36m(TaskRunner pid=1876115)[0m                                                                   'optimizer',
[36m(TaskRunner pid=1876115)[0m                                                                   'extra']},
[36m(TaskRunner pid=1876115)[0m                                  'clip_ratio': 0.2,
[36m(TaskRunner pid=1876115)[0m                                  'clip_ratio_c': 3.0,
[36m(TaskRunner pid=1876115)[0m                                  'clip_ratio_high': 0.2,
[36m(TaskRunner pid=1876115)[0m                                  'clip_ratio_low': 0.2,
[36m(TaskRunner pid=1876115)[0m                                  'data_loader_seed': 42,
[36m(TaskRunner pid=1876115)[0m                                  'entropy_checkpointing': False,
[36m(TaskRunner pid=1876115)[0m                                  'entropy_coeff': 0,
[36m(TaskRunner pid=1876115)[0m                                  'entropy_from_logits_with_chunking': False,
[36m(TaskRunner pid=1876115)[0m                                  'freeze_vision_tower': False,
[36m(TaskRunner pid=1876115)[0m                                  'fsdp_config': {'_target_': 'verl.workers.config.FSDPEngineConfig',
[36m(TaskRunner pid=1876115)[0m                                                  'dtype': 'bfloat16',
[36m(TaskRunner pid=1876115)[0m                                                  'entropy_checkpointing': False,
[36m(TaskRunner pid=1876115)[0m                                                  'entropy_from_logits_with_chunking': False,
[36m(TaskRunner pid=1876115)[0m                                                  'forward_only': False,
[36m(TaskRunner pid=1876115)[0m                                                  'forward_prefetch': False,
[36m(TaskRunner pid=1876115)[0m                                                  'fsdp_size': -1,
[36m(TaskRunner pid=1876115)[0m                                                  'full_determinism': False,
[36m(TaskRunner pid=1876115)[0m                                                  'model_dtype': 'fp32',
[36m(TaskRunner pid=1876115)[0m                                                  'offload_policy': False,
[36m(TaskRunner pid=1876115)[0m                                                  'optimizer_offload': True,
[36m(TaskRunner pid=1876115)[0m                                                  'param_offload': True,
[36m(TaskRunner pid=1876115)[0m                                                  'qat': {'_target_': 'verl.workers.config.QATEngineConfig',
[36m(TaskRunner pid=1876115)[0m                                                          'activation_observer': 'static_minmax',
[36m(TaskRunner pid=1876115)[0m                                                          'enable': False,
[36m(TaskRunner pid=1876115)[0m                                                          'group_size': 16,
[36m(TaskRunner pid=1876115)[0m                                                          'ignore_patterns': ['lm_head',
[36m(TaskRunner pid=1876115)[0m                                                                              'embed_tokens',
[36m(TaskRunner pid=1876115)[0m                                                                              're:.*mlp.gate$'],
[36m(TaskRunner pid=1876115)[0m                                                          'mode': 'w4a16',
[36m(TaskRunner pid=1876115)[0m                                                          'quantization_config_path': None},
[36m(TaskRunner pid=1876115)[0m                                                  'reshard_after_forward': True,
[36m(TaskRunner pid=1876115)[0m                                                  'seed': 42,
[36m(TaskRunner pid=1876115)[0m                                                  'strategy': 'fsdp',
[36m(TaskRunner pid=1876115)[0m                                                  'ulysses_sequence_parallel_size': 1,
[36m(TaskRunner pid=1876115)[0m                                                  'use_orig_params': False,
[36m(TaskRunner pid=1876115)[0m                                                  'use_torch_compile': True,
[36m(TaskRunner pid=1876115)[0m                                                  'wrap_policy': {'min_num_params': 0}},
[36m(TaskRunner pid=1876115)[0m                                  'grad_clip': 1.0,
[36m(TaskRunner pid=1876115)[0m                                  'kl_loss_coef': 0.001,
[36m(TaskRunner pid=1876115)[0m                                  'kl_loss_type': 'low_var_kl',
[36m(TaskRunner pid=1876115)[0m                                  'loss_agg_mode': 'token-mean',
[36m(TaskRunner pid=1876115)[0m                                  'loss_scale_factor': None,
[36m(TaskRunner pid=1876115)[0m                                  'optim': {'_target_': 'verl.workers.config.FSDPOptimizerConfig',
[36m(TaskRunner pid=1876115)[0m                                            'betas': [0.9, 0.999],
[36m(TaskRunner pid=1876115)[0m                                            'clip_grad': 1.0,
[36m(TaskRunner pid=1876115)[0m                                            'lr': 1e-06,
[36m(TaskRunner pid=1876115)[0m                                            'lr_scheduler_type': 'constant',
[36m(TaskRunner pid=1876115)[0m                                            'lr_warmup_steps': -1,
[36m(TaskRunner pid=1876115)[0m                                            'lr_warmup_steps_ratio': 0.0,
[36m(TaskRunner pid=1876115)[0m                                            'min_lr_ratio': 0.0,
[36m(TaskRunner pid=1876115)[0m                                            'num_cycles': 0.5,
[36m(TaskRunner pid=1876115)[0m                                            'optimizer': 'AdamW',
[36m(TaskRunner pid=1876115)[0m                                            'optimizer_impl': 'torch.optim',
[36m(TaskRunner pid=1876115)[0m                                            'override_optimizer_config': None,
[36m(TaskRunner pid=1876115)[0m                                            'total_training_steps': -1,
[36m(TaskRunner pid=1876115)[0m                                            'warmup_style': None,
[36m(TaskRunner pid=1876115)[0m                                            'weight_decay': 0.01,
[36m(TaskRunner pid=1876115)[0m                                            'zero_indexed_step': True},
[36m(TaskRunner pid=1876115)[0m                                  'policy_loss': {'_target_': 'verl.workers.config.PolicyLossConfig',
[36m(TaskRunner pid=1876115)[0m                                                  'clip_cov_lb': 1.0,
[36m(TaskRunner pid=1876115)[0m                                                  'clip_cov_ratio': 0.0002,
[36m(TaskRunner pid=1876115)[0m                                                  'clip_cov_ub': 5.0,
[36m(TaskRunner pid=1876115)[0m                                                  'kl_cov_ratio': 0.0002,
[36m(TaskRunner pid=1876115)[0m                                                  'loss_mode': 'vanilla',
[36m(TaskRunner pid=1876115)[0m                                                  'ppo_kl_coef': 0.1},
[36m(TaskRunner pid=1876115)[0m                                  'ppo_epochs': 1,
[36m(TaskRunner pid=1876115)[0m                                  'ppo_max_token_len_per_gpu': 24576,
[36m(TaskRunner pid=1876115)[0m                                  'ppo_micro_batch_size': None,
[36m(TaskRunner pid=1876115)[0m                                  'ppo_micro_batch_size_per_gpu': None,
[36m(TaskRunner pid=1876115)[0m                                  'ppo_mini_batch_size': 256,
[36m(TaskRunner pid=1876115)[0m                                  'profiler': {'_target_': 'verl.utils.profiler.ProfilerConfig',
[36m(TaskRunner pid=1876115)[0m                                               'all_ranks': False,
[36m(TaskRunner pid=1876115)[0m                                               'enable': False,
[36m(TaskRunner pid=1876115)[0m                                               'ranks': [],
[36m(TaskRunner pid=1876115)[0m                                               'save_path': 'outputs/profile',
[36m(TaskRunner pid=1876115)[0m                                               'tool': None,
[36m(TaskRunner pid=1876115)[0m                                               'tool_config': {'npu': {'_target_': 'verl.utils.profiler.config.NPUToolConfig',
[36m(TaskRunner pid=1876115)[0m                                                                       'analysis': True,
[36m(TaskRunner pid=1876115)[0m                                                                       'contents': [],
[36m(TaskRunner pid=1876115)[0m                                                                       'discrete': False,
[36m(TaskRunner pid=1876115)[0m                                                                       'level': 'level0'},
[36m(TaskRunner pid=1876115)[0m                                                               'nsys': {'_target_': 'verl.utils.profiler.config.NsightToolConfig',
[36m(TaskRunner pid=1876115)[0m                                                                        'discrete': False},
[36m(TaskRunner pid=1876115)[0m                                                               'precision_debugger': {'_target_': 'verl.utils.profiler.config.PrecisionDebuggerToolConfig',
[36m(TaskRunner pid=1876115)[0m                                                                                      'config_path': None,
[36m(TaskRunner pid=1876115)[0m                                                                                      'stages': None,
[36m(TaskRunner pid=1876115)[0m                                                                                      'steps': None,
[36m(TaskRunner pid=1876115)[0m                                                                                      'strict': False},
[36m(TaskRunner pid=1876115)[0m                                                               'torch': {'_target_': 'verl.utils.profiler.config.TorchProfilerToolConfig',
[36m(TaskRunner pid=1876115)[0m                                                                         'contents': [],
[36m(TaskRunner pid=1876115)[0m                                                                         'discrete': False},
[36m(TaskRunner pid=1876115)[0m                                                               'torch_memory': {'_target_': 'verl.utils.profiler.config.TorchMemoryToolConfig',
[36m(TaskRunner pid=1876115)[0m                                                                                'stack_depth': 32,
[36m(TaskRunner pid=1876115)[0m                                                                                'trace_alloc_max_entries': 100000}}},
[36m(TaskRunner pid=1876115)[0m                                  'qat': {'activation_observer': 'static_minmax',
[36m(TaskRunner pid=1876115)[0m                                          'enable': False,
[36m(TaskRunner pid=1876115)[0m                                          'group_size': 16,
[36m(TaskRunner pid=1876115)[0m                                          'ignore_patterns': ['lm_head',
[36m(TaskRunner pid=1876115)[0m                                                              'embed_tokens',
[36m(TaskRunner pid=1876115)[0m                                                              're:.*mlp.gate$'],
[36m(TaskRunner pid=1876115)[0m                                          'mode': 'w4a16',
[36m(TaskRunner pid=1876115)[0m                                          'quantization_config_path': None},
[36m(TaskRunner pid=1876115)[0m                                  'rollout_n': 5,
[36m(TaskRunner pid=1876115)[0m                                  'router_replay': {'_target_': 'verl.workers.config.RouterReplayConfig',
[36m(TaskRunner pid=1876115)[0m                                                    'mode': 'disabled',
[36m(TaskRunner pid=1876115)[0m                                                    'record_file': None,
[36m(TaskRunner pid=1876115)[0m                                                    'replay_file': None},
[36m(TaskRunner pid=1876115)[0m                                  'shuffle': False,
[36m(TaskRunner pid=1876115)[0m                                  'strategy': 'fsdp',
[36m(TaskRunner pid=1876115)[0m                                  'tau_neg': 1.05,
[36m(TaskRunner pid=1876115)[0m                                  'tau_pos': 1.0,
[36m(TaskRunner pid=1876115)[0m                                  'ulysses_sequence_parallel_size': 1,
[36m(TaskRunner pid=1876115)[0m                                  'use_dynamic_bsz': True,
[36m(TaskRunner pid=1876115)[0m                                  'use_fused_kernels': False,
[36m(TaskRunner pid=1876115)[0m                                  'use_kl_loss': True,
[36m(TaskRunner pid=1876115)[0m                                  'use_prefix_grouper': False,
[36m(TaskRunner pid=1876115)[0m                                  'use_remove_padding': True,
[36m(TaskRunner pid=1876115)[0m                                  'use_torch_compile': True},
[36m(TaskRunner pid=1876115)[0m                        'hybrid_engine': True,
[36m(TaskRunner pid=1876115)[0m                        'model': {'_target_': 'verl.workers.config.HFModelConfig',
[36m(TaskRunner pid=1876115)[0m                                  'custom_chat_template': None,
[36m(TaskRunner pid=1876115)[0m                                  'enable_activation_offload': False,
[36m(TaskRunner pid=1876115)[0m                                  'enable_gradient_checkpointing': True,
[36m(TaskRunner pid=1876115)[0m                                  'exclude_modules': None,
[36m(TaskRunner pid=1876115)[0m                                  'external_lib': None,
[36m(TaskRunner pid=1876115)[0m                                  'fused_kernel_options': {'impl_backend': 'torch'},
[36m(TaskRunner pid=1876115)[0m                                  'hf_config_path': None,
[36m(TaskRunner pid=1876115)[0m                                  'lora': {'a2a_experimental': False,
[36m(TaskRunner pid=1876115)[0m                                           'adapter_path': None,
[36m(TaskRunner pid=1876115)[0m                                           'alpha': 32,
[36m(TaskRunner pid=1876115)[0m                                           'dropout': 0.0,
[36m(TaskRunner pid=1876115)[0m                                           'dropout_position': 'pre',
[36m(TaskRunner pid=1876115)[0m                                           'dtype': None,
[36m(TaskRunner pid=1876115)[0m                                           'exclude_modules': [],
[36m(TaskRunner pid=1876115)[0m                                           'freeze_language_model': True,
[36m(TaskRunner pid=1876115)[0m                                           'freeze_vision_model': True,
[36m(TaskRunner pid=1876115)[0m                                           'freeze_vision_projection': True,
[36m(TaskRunner pid=1876115)[0m                                           'lora_A_init_method': 'xavier',
[36m(TaskRunner pid=1876115)[0m                                           'lora_B_init_method': 'zero',
[36m(TaskRunner pid=1876115)[0m                                           'merge': False,
[36m(TaskRunner pid=1876115)[0m                                           'rank': 0,
[36m(TaskRunner pid=1876115)[0m                                           'target_modules': ['linear_qkv',
[36m(TaskRunner pid=1876115)[0m                                                              'linear_proj',
[36m(TaskRunner pid=1876115)[0m                                                              'linear_fc1',
[36m(TaskRunner pid=1876115)[0m                                                              'linear_fc2'],
[36m(TaskRunner pid=1876115)[0m                                           'type': 'lora'},
[36m(TaskRunner pid=1876115)[0m                                  'lora_adapter_path': None,
[36m(TaskRunner pid=1876115)[0m                                  'lora_alpha': 16,
[36m(TaskRunner pid=1876115)[0m                                  'lora_rank': 0,
[36m(TaskRunner pid=1876115)[0m                                  'mtp': {'_target_': 'verl.workers.config.MtpConfig',
[36m(TaskRunner pid=1876115)[0m                                          'detach_encoder': False,
[36m(TaskRunner pid=1876115)[0m                                          'enable': False,
[36m(TaskRunner pid=1876115)[0m                                          'enable_rollout': False,
[36m(TaskRunner pid=1876115)[0m                                          'enable_train': False,
[36m(TaskRunner pid=1876115)[0m                                          'method': 'mtp',
[36m(TaskRunner pid=1876115)[0m                                          'mtp_loss_scaling_factor': 0.1,
[36m(TaskRunner pid=1876115)[0m                                          'num_speculative_tokens': 1,
[36m(TaskRunner pid=1876115)[0m                                          'speculative_algorithm': 'EAGLE',
[36m(TaskRunner pid=1876115)[0m                                          'speculative_eagle_topk': 1,
[36m(TaskRunner pid=1876115)[0m                                          'speculative_num_draft_tokens': 4,
[36m(TaskRunner pid=1876115)[0m                                          'speculative_num_steps': 3},
[36m(TaskRunner pid=1876115)[0m                                  'override_config': {},
[36m(TaskRunner pid=1876115)[0m                                  'path': 'Qwen/Qwen3-8B',
[36m(TaskRunner pid=1876115)[0m                                  'target_modules': 'all-linear',
[36m(TaskRunner pid=1876115)[0m                                  'tiled_mlp': {'enabled': False,
[36m(TaskRunner pid=1876115)[0m                                                'num_shards': 4},
[36m(TaskRunner pid=1876115)[0m                                  'tokenizer_path': None,
[36m(TaskRunner pid=1876115)[0m                                  'trust_remote_code': False,
[36m(TaskRunner pid=1876115)[0m                                  'use_fused_kernels': False,
[36m(TaskRunner pid=1876115)[0m                                  'use_liger': False,
[36m(TaskRunner pid=1876115)[0m                                  'use_remove_padding': True,
[36m(TaskRunner pid=1876115)[0m                                  'use_shm': False},
[36m(TaskRunner pid=1876115)[0m                        'nccl_timeout': 600,
[36m(TaskRunner pid=1876115)[0m                        'ref': {'_target_': 'verl.workers.config.FSDPActorConfig',
[36m(TaskRunner pid=1876115)[0m                                'entropy_checkpointing': False,
[36m(TaskRunner pid=1876115)[0m                                'entropy_from_logits_with_chunking': False,
[36m(TaskRunner pid=1876115)[0m                                'fsdp_config': {'_target_': 'verl.workers.config.FSDPEngineConfig',
[36m(TaskRunner pid=1876115)[0m                                                'dtype': 'bfloat16',
[36m(TaskRunner pid=1876115)[0m                                                'entropy_checkpointing': False,
[36m(TaskRunner pid=1876115)[0m                                                'entropy_from_logits_with_chunking': False,
[36m(TaskRunner pid=1876115)[0m                                                'forward_only': True,
[36m(TaskRunner pid=1876115)[0m                                                'forward_prefetch': False,
[36m(TaskRunner pid=1876115)[0m                                                'fsdp_size': -1,
[36m(TaskRunner pid=1876115)[0m                                                'full_determinism': False,
[36m(TaskRunner pid=1876115)[0m                                                'model_dtype': 'fp32',
[36m(TaskRunner pid=1876115)[0m                                                'offload_policy': False,
[36m(TaskRunner pid=1876115)[0m                                                'optimizer_offload': False,
[36m(TaskRunner pid=1876115)[0m                                                'param_offload': True,
[36m(TaskRunner pid=1876115)[0m                                                'qat': {'_target_': 'verl.workers.config.QATEngineConfig',
[36m(TaskRunner pid=1876115)[0m                                                        'activation_observer': 'static_minmax',
[36m(TaskRunner pid=1876115)[0m                                                        'enable': False,
[36m(TaskRunner pid=1876115)[0m                                                        'group_size': 16,
[36m(TaskRunner pid=1876115)[0m                                                        'ignore_patterns': ['lm_head',
[36m(TaskRunner pid=1876115)[0m                                                                            'embed_tokens',
[36m(TaskRunner pid=1876115)[0m                                                                            're:.*mlp.gate$'],
[36m(TaskRunner pid=1876115)[0m                                                        'mode': 'w4a16',
[36m(TaskRunner pid=1876115)[0m                                                        'quantization_config_path': None},
[36m(TaskRunner pid=1876115)[0m                                                'reshard_after_forward': True,
[36m(TaskRunner pid=1876115)[0m                                                'seed': 42,
[36m(TaskRunner pid=1876115)[0m                                                'strategy': 'fsdp',
[36m(TaskRunner pid=1876115)[0m                                                'ulysses_sequence_parallel_size': 1,
[36m(TaskRunner pid=1876115)[0m                                                'use_orig_params': False,
[36m(TaskRunner pid=1876115)[0m                                                'use_torch_compile': True,
[36m(TaskRunner pid=1876115)[0m                                                'wrap_policy': {'min_num_params': 0}},
[36m(TaskRunner pid=1876115)[0m                                'log_prob_max_token_len_per_gpu': 24576,
[36m(TaskRunner pid=1876115)[0m                                'log_prob_micro_batch_size': None,
[36m(TaskRunner pid=1876115)[0m                                'log_prob_micro_batch_size_per_gpu': None,
[36m(TaskRunner pid=1876115)[0m                                'log_prob_use_dynamic_bsz': True,
[36m(TaskRunner pid=1876115)[0m                                'profiler': {'_target_': 'verl.utils.profiler.ProfilerConfig',
[36m(TaskRunner pid=1876115)[0m                                             'all_ranks': False,
[36m(TaskRunner pid=1876115)[0m                                             'enable': False,
[36m(TaskRunner pid=1876115)[0m                                             'ranks': [],
[36m(TaskRunner pid=1876115)[0m                                             'save_path': 'outputs/profile',
[36m(TaskRunner pid=1876115)[0m                                             'tool': None,
[36m(TaskRunner pid=1876115)[0m                                             'tool_config': {'npu': {'_target_': 'verl.utils.profiler.config.NPUToolConfig',
[36m(TaskRunner pid=1876115)[0m                                                                     'analysis': True,
[36m(TaskRunner pid=1876115)[0m                                                                     'contents': [],
[36m(TaskRunner pid=1876115)[0m                                                                     'discrete': False,
[36m(TaskRunner pid=1876115)[0m                                                                     'level': 'level0'},
[36m(TaskRunner pid=1876115)[0m                                                             'nsys': {'_target_': 'verl.utils.profiler.config.NsightToolConfig',
[36m(TaskRunner pid=1876115)[0m                                                                      'discrete': False},
[36m(TaskRunner pid=1876115)[0m                                                             'precision_debugger': {'_target_': 'verl.utils.profiler.config.PrecisionDebuggerToolConfig',
[36m(TaskRunner pid=1876115)[0m                                                                                    'config_path': None,
[36m(TaskRunner pid=1876115)[0m                                                                                    'stages': None,
[36m(TaskRunner pid=1876115)[0m                                                                                    'steps': None,
[36m(TaskRunner pid=1876115)[0m                                                                                    'strict': False},
[36m(TaskRunner pid=1876115)[0m                                                             'torch': {'_target_': 'verl.utils.profiler.config.TorchProfilerToolConfig',
[36m(TaskRunner pid=1876115)[0m                                                                       'contents': [],
[36m(TaskRunner pid=1876115)[0m                                                                       'discrete': False},
[36m(TaskRunner pid=1876115)[0m                                                             'torch_memory': {'_target_': 'verl.utils.profiler.config.TorchMemoryToolConfig',
[36m(TaskRunner pid=1876115)[0m                                                                              'stack_depth': 32,
[36m(TaskRunner pid=1876115)[0m                                                                              'trace_alloc_max_entries': 100000}}},
[36m(TaskRunner pid=1876115)[0m                                'rollout_n': 5,
[36m(TaskRunner pid=1876115)[0m                                'router_replay': {'_target_': 'verl.workers.config.RouterReplayConfig',
[36m(TaskRunner pid=1876115)[0m                                                  'mode': 'disabled',
[36m(TaskRunner pid=1876115)[0m                                                  'record_file': None,
[36m(TaskRunner pid=1876115)[0m                                                  'replay_file': None},
[36m(TaskRunner pid=1876115)[0m                                'strategy': 'fsdp',
[36m(TaskRunner pid=1876115)[0m                                'ulysses_sequence_parallel_size': 1,
[36m(TaskRunner pid=1876115)[0m                                'use_torch_compile': True},
[36m(TaskRunner pid=1876115)[0m                        'rollout': {'_target_': 'verl.workers.config.RolloutConfig',
[36m(TaskRunner pid=1876115)[0m                                    'agent': {'_target_': 'verl.workers.config.AgentLoopConfig',
[36m(TaskRunner pid=1876115)[0m                                              'agent_loop_config_path': None,
[36m(TaskRunner pid=1876115)[0m                                              'custom_async_server': {'_target_': 'verl.workers.config.CustomAsyncServerConfig',
[36m(TaskRunner pid=1876115)[0m                                                                      'name': None,
[36m(TaskRunner pid=1876115)[0m                                                                      'path': None},
[36m(TaskRunner pid=1876115)[0m                                              'default_agent_loop': 'single_turn_agent',
[36m(TaskRunner pid=1876115)[0m                                              'num_workers': 8},
[36m(TaskRunner pid=1876115)[0m                                    'calculate_log_probs': False,
[36m(TaskRunner pid=1876115)[0m                                    'checkpoint_engine': {'_target_': 'verl.workers.config.CheckpointEngineConfig',
[36m(TaskRunner pid=1876115)[0m                                                          'backend': 'naive',
[36m(TaskRunner pid=1876115)[0m                                                          'custom_backend_module': None,
[36m(TaskRunner pid=1876115)[0m                                                          'engine_kwargs': {},
[36m(TaskRunner pid=1876115)[0m                                                          'update_weights_bucket_megabytes': 2048},
[36m(TaskRunner pid=1876115)[0m                                    'cudagraph_capture_sizes': None,
[36m(TaskRunner pid=1876115)[0m                                    'data_parallel_size': 1,
[36m(TaskRunner pid=1876115)[0m                                    'disable_log_stats': True,
[36m(TaskRunner pid=1876115)[0m                                    'disaggregation': {'bootstrap_port': None,
[36m(TaskRunner pid=1876115)[0m                                                       'decode_replicas': 1,
[36m(TaskRunner pid=1876115)[0m                                                       'decode_tensor_model_parallel_size': None,
[36m(TaskRunner pid=1876115)[0m                                                       'enabled': False,
[36m(TaskRunner pid=1876115)[0m                                                       'ib_device': None,
[36m(TaskRunner pid=1876115)[0m                                                       'prefill_replicas': 1,
[36m(TaskRunner pid=1876115)[0m                                                       'transfer_backend': 'nixl'},
[36m(TaskRunner pid=1876115)[0m                                    'do_sample': True,
[36m(TaskRunner pid=1876115)[0m                                    'dtype': 'bfloat16',
[36m(TaskRunner pid=1876115)[0m                                    'enable_chunked_prefill': True,
[36m(TaskRunner pid=1876115)[0m                                    'enable_prefix_caching': True,
[36m(TaskRunner pid=1876115)[0m                                    'enable_rollout_routing_replay': False,
[36m(TaskRunner pid=1876115)[0m                                    'enforce_eager': False,
[36m(TaskRunner pid=1876115)[0m                                    'engine_kwargs': {'sglang': {},
[36m(TaskRunner pid=1876115)[0m                                                      'trtllm': {},
[36m(TaskRunner pid=1876115)[0m                                                      'vllm': {}},
[36m(TaskRunner pid=1876115)[0m                                    'expert_parallel_size': 1,
[36m(TaskRunner pid=1876115)[0m                                    'free_cache_engine': True,
[36m(TaskRunner pid=1876115)[0m                                    'gpu_memory_utilization': 0.6,
[36m(TaskRunner pid=1876115)[0m                                    'ignore_eos': False,
[36m(TaskRunner pid=1876115)[0m                                    'layered_summon': False,
[36m(TaskRunner pid=1876115)[0m                                    'load_format': 'dummy',
[36m(TaskRunner pid=1876115)[0m                                    'log_prob_max_token_len_per_gpu': 24576,
[36m(TaskRunner pid=1876115)[0m                                    'log_prob_micro_batch_size': None,
[36m(TaskRunner pid=1876115)[0m                                    'log_prob_micro_batch_size_per_gpu': None,
[36m(TaskRunner pid=1876115)[0m                                    'log_prob_use_dynamic_bsz': True,
[36m(TaskRunner pid=1876115)[0m                                    'logprobs_mode': 'processed_logprobs',
[36m(TaskRunner pid=1876115)[0m                                    'max_model_len': None,
[36m(TaskRunner pid=1876115)[0m                                    'max_num_batched_tokens': 8192,
[36m(TaskRunner pid=1876115)[0m                                    'max_num_seqs': 1024,
[36m(TaskRunner pid=1876115)[0m                                    'mode': 'async',
[36m(TaskRunner pid=1876115)[0m                                    'mtp': {'_target_': 'verl.workers.config.MtpConfig',
[36m(TaskRunner pid=1876115)[0m                                            'detach_encoder': False,
[36m(TaskRunner pid=1876115)[0m                                            'enable': False,
[36m(TaskRunner pid=1876115)[0m                                            'enable_rollout': False,
[36m(TaskRunner pid=1876115)[0m                                            'enable_train': False,
[36m(TaskRunner pid=1876115)[0m                                            'method': 'mtp',
[36m(TaskRunner pid=1876115)[0m                                            'mtp_loss_scaling_factor': 0.1,
[36m(TaskRunner pid=1876115)[0m                                            'num_speculative_tokens': 1,
[36m(TaskRunner pid=1876115)[0m                                            'speculative_algorithm': 'EAGLE',
[36m(TaskRunner pid=1876115)[0m                                            'speculative_eagle_topk': 1,
[36m(TaskRunner pid=1876115)[0m                                            'speculative_num_draft_tokens': 4,
[36m(TaskRunner pid=1876115)[0m                                            'speculative_num_steps': 3},
[36m(TaskRunner pid=1876115)[0m                                    'multi_stage_wake_up': False,
[36m(TaskRunner pid=1876115)[0m                                    'multi_turn': {'_target_': 'verl.workers.config.MultiTurnConfig',
[36m(TaskRunner pid=1876115)[0m                                                   'enable': False,
[36m(TaskRunner pid=1876115)[0m                                                   'format': 'hermes',
[36m(TaskRunner pid=1876115)[0m                                                   'function_tool_path': None,
[36m(TaskRunner pid=1876115)[0m                                                   'max_assistant_turns': None,
[36m(TaskRunner pid=1876115)[0m                                                   'max_parallel_calls': 1,
[36m(TaskRunner pid=1876115)[0m                                                   'max_tool_response_length': 256,
[36m(TaskRunner pid=1876115)[0m                                                   'max_user_turns': None,
[36m(TaskRunner pid=1876115)[0m                                                   'num_repeat_rollouts': None,
[36m(TaskRunner pid=1876115)[0m                                                   'tokenization_sanity_check_mode': 'strict',
[36m(TaskRunner pid=1876115)[0m                                                   'tool_config_path': None,
[36m(TaskRunner pid=1876115)[0m                                                   'tool_response_truncate_side': 'middle',
[36m(TaskRunner pid=1876115)[0m                                                   'use_inference_chat_template': False},
[36m(TaskRunner pid=1876115)[0m                                    'n': 5,
[36m(TaskRunner pid=1876115)[0m                                    'n_gpus_per_node': 8,
[36m(TaskRunner pid=1876115)[0m                                    'name': 'vllm',
[36m(TaskRunner pid=1876115)[0m                                    'nnodes': 0,
[36m(TaskRunner pid=1876115)[0m                                    'over_sample_rate': 0,
[36m(TaskRunner pid=1876115)[0m                                    'pipeline_model_parallel_size': 1,
[36m(TaskRunner pid=1876115)[0m                                    'profiler': {'_target_': 'verl.utils.profiler.ProfilerConfig',
[36m(TaskRunner pid=1876115)[0m                                                 'all_ranks': False,
[36m(TaskRunner pid=1876115)[0m                                                 'enable': False,
[36m(TaskRunner pid=1876115)[0m                                                 'ranks': [],
[36m(TaskRunner pid=1876115)[0m                                                 'save_path': 'outputs/profile',
[36m(TaskRunner pid=1876115)[0m                                                 'tool': None,
[36m(TaskRunner pid=1876115)[0m                                                 'tool_config': {'npu': {'_target_': 'verl.utils.profiler.config.NPUToolConfig',
[36m(TaskRunner pid=1876115)[0m                                                                         'analysis': True,
[36m(TaskRunner pid=1876115)[0m                                                                         'contents': [],
[36m(TaskRunner pid=1876115)[0m                                                                         'discrete': False,
[36m(TaskRunner pid=1876115)[0m                                                                         'level': 'level0'},
[36m(TaskRunner pid=1876115)[0m                                                                 'precision_debugger': {'_target_': 'verl.utils.profiler.config.PrecisionDebuggerToolConfig',
[36m(TaskRunner pid=1876115)[0m                                                                                        'config_path': None,
[36m(TaskRunner pid=1876115)[0m                                                                                        'stages': None,
[36m(TaskRunner pid=1876115)[0m                                                                                        'steps': None,
[36m(TaskRunner pid=1876115)[0m                                                                                        'strict': False},
[36m(TaskRunner pid=1876115)[0m                                                                 'torch': {'_target_': 'verl.utils.profiler.config.TorchProfilerToolConfig',
[36m(TaskRunner pid=1876115)[0m                                                                           'contents': [],
[36m(TaskRunner pid=1876115)[0m                                                                           'discrete': False}}},
[36m(TaskRunner pid=1876115)[0m                                    'prometheus': {'_target_': 'verl.workers.config.PrometheusConfig',
[36m(TaskRunner pid=1876115)[0m                                                   'enable': False,
[36m(TaskRunner pid=1876115)[0m                                                   'file': '/tmp/ray/session_latest/metrics/prometheus/prometheus.yml',
[36m(TaskRunner pid=1876115)[0m                                                   'port': 9090,
[36m(TaskRunner pid=1876115)[0m                                                   'served_model_name': 'Qwen/Qwen3-8B'},
[36m(TaskRunner pid=1876115)[0m                                    'prompt_length': 1024,
[36m(TaskRunner pid=1876115)[0m                                    'qat': {'_target_': 'verl.workers.config.QATEngineConfig',
[36m(TaskRunner pid=1876115)[0m                                            'activation_observer': 'static_minmax',
[36m(TaskRunner pid=1876115)[0m                                            'enable': False,
[36m(TaskRunner pid=1876115)[0m                                            'group_size': 16,
[36m(TaskRunner pid=1876115)[0m                                            'ignore_patterns': ['lm_head',
[36m(TaskRunner pid=1876115)[0m                                                                'embed_tokens',
[36m(TaskRunner pid=1876115)[0m                                                                're:.*mlp.gate$'],
[36m(TaskRunner pid=1876115)[0m                                            'mode': 'w4a16',
[36m(TaskRunner pid=1876115)[0m                                            'quantization_config_path': None},
[36m(TaskRunner pid=1876115)[0m                                    'quantization': None,
[36m(TaskRunner pid=1876115)[0m                                    'quantization_config_file': None,
[36m(TaskRunner pid=1876115)[0m                                    'response_length': 2048,
[36m(TaskRunner pid=1876115)[0m                                    'scheduling_policy': 'fcfs',
[36m(TaskRunner pid=1876115)[0m                                    'skip': {'_target_': 'verl.workers.config.SkipConfig',
[36m(TaskRunner pid=1876115)[0m                                             'action': 'cache',
[36m(TaskRunner pid=1876115)[0m                                             'dump_dir': '~/.verl/rollout_dump',
[36m(TaskRunner pid=1876115)[0m                                             'enable': False,
[36m(TaskRunner pid=1876115)[0m                                             'max_dump_step': 1},
[36m(TaskRunner pid=1876115)[0m                                    'skip_tokenizer_init': True,
[36m(TaskRunner pid=1876115)[0m                                    'temperature': 1.0,
[36m(TaskRunner pid=1876115)[0m                                    'tensor_model_parallel_size': 2,
[36m(TaskRunner pid=1876115)[0m                                    'top_k': -1,
[36m(TaskRunner pid=1876115)[0m                                    'top_p': 1,
[36m(TaskRunner pid=1876115)[0m                                    'trace': {'_target_': 'verl.workers.config.TraceConfig',
[36m(TaskRunner pid=1876115)[0m                                              'backend': None,
[36m(TaskRunner pid=1876115)[0m                                              'experiment_name': 'qwen3_8b_grpo_vllm_fsdp_20260525_0229',
[36m(TaskRunner pid=1876115)[0m                                              'max_samples_per_step_per_worker': None,
[36m(TaskRunner pid=1876115)[0m                                              'project_name': 'verl_grpo_gsm8k_math',
[36m(TaskRunner pid=1876115)[0m                                              'token2text': False},
[36m(TaskRunner pid=1876115)[0m                                    'val_kwargs': {'_target_': 'verl.workers.config.SamplingConfig',
[36m(TaskRunner pid=1876115)[0m                                                   'do_sample': False,
[36m(TaskRunner pid=1876115)[0m                                                   'n': 1,
[36m(TaskRunner pid=1876115)[0m                                                   'temperature': 0,
[36m(TaskRunner pid=1876115)[0m                                                   'top_k': -1,
[36m(TaskRunner pid=1876115)[0m                                                   'top_p': 1.0}}},
[36m(TaskRunner pid=1876115)[0m  'algorithm': {'_target_': 'verl.trainer.config.AlgoConfig',
[36m(TaskRunner pid=1876115)[0m                'adv_estimator': 'grpo',
[36m(TaskRunner pid=1876115)[0m                'gamma': 1.0,
[36m(TaskRunner pid=1876115)[0m                'kl_ctrl': {'_target_': 'verl.trainer.config.KLControlConfig',
[36m(TaskRunner pid=1876115)[0m                            'horizon': 10000,
[36m(TaskRunner pid=1876115)[0m                            'kl_coef': 0.001,
[36m(TaskRunner pid=1876115)[0m                            'target_kl': 0.1,
[36m(TaskRunner pid=1876115)[0m                            'type': 'fixed'},
[36m(TaskRunner pid=1876115)[0m                'kl_penalty': 'kl',
[36m(TaskRunner pid=1876115)[0m                'lam': 1.0,
[36m(TaskRunner pid=1876115)[0m                'norm_adv_by_std_in_grpo': True,
[36m(TaskRunner pid=1876115)[0m                'pf_ppo': {'reweight_method': 'pow', 'weight_pow': 2.0},
[36m(TaskRunner pid=1876115)[0m                'rollout_correction': {'bypass_mode': False,
[36m(TaskRunner pid=1876115)[0m                                       'loss_type': 'ppo_clip',
[36m(TaskRunner pid=1876115)[0m                                       'rollout_is': None,
[36m(TaskRunner pid=1876115)[0m                                       'rollout_is_batch_normalize': False,
[36m(TaskRunner pid=1876115)[0m                                       'rollout_is_threshold': 2.0,
[36m(TaskRunner pid=1876115)[0m                                       'rollout_rs': None,
[36m(TaskRunner pid=1876115)[0m                                       'rollout_rs_threshold': None},
[36m(TaskRunner pid=1876115)[0m                'use_kl_in_reward': False,
[36m(TaskRunner pid=1876115)[0m                'use_pf_ppo': False},
[36m(TaskRunner pid=1876115)[0m  'critic': {'_target_': 'verl.workers.config.FSDPCriticConfig',
[36m(TaskRunner pid=1876115)[0m             'checkpoint': {'_target_': 'verl.trainer.config.CheckpointConfig',
[36m(TaskRunner pid=1876115)[0m                            'async_save': False,
[36m(TaskRunner pid=1876115)[0m                            'load_contents': ['model', 'optimizer', 'extra'],
[36m(TaskRunner pid=1876115)[0m                            'mbridge_config': {},
[36m(TaskRunner pid=1876115)[0m                            'save_contents': ['model', 'optimizer', 'extra']},
[36m(TaskRunner pid=1876115)[0m             'cliprange_value': 0.5,
[36m(TaskRunner pid=1876115)[0m             'data_loader_seed': 42,
[36m(TaskRunner pid=1876115)[0m             'enable': None,
[36m(TaskRunner pid=1876115)[0m             'forward_max_token_len_per_gpu': 32768,
[36m(TaskRunner pid=1876115)[0m             'forward_micro_batch_size': None,
[36m(TaskRunner pid=1876115)[0m             'forward_micro_batch_size_per_gpu': None,
[36m(TaskRunner pid=1876115)[0m             'fsdp': {'_target_': 'verl.workers.config.FSDPEngineConfig',
[36m(TaskRunner pid=1876115)[0m                      'dtype': 'bfloat16',
[36m(TaskRunner pid=1876115)[0m                      'entropy_checkpointing': False,
[36m(TaskRunner pid=1876115)[0m                      'entropy_from_logits_with_chunking': False,
[36m(TaskRunner pid=1876115)[0m                      'forward_only': False,
[36m(TaskRunner pid=1876115)[0m                      'forward_prefetch': False,
[36m(TaskRunner pid=1876115)[0m                      'fsdp_size': -1,
[36m(TaskRunner pid=1876115)[0m                      'full_determinism': False,
[36m(TaskRunner pid=1876115)[0m                      'model_dtype': 'fp32',
[36m(TaskRunner pid=1876115)[0m                      'offload_policy': False,
[36m(TaskRunner pid=1876115)[0m                      'optimizer_offload': False,
[36m(TaskRunner pid=1876115)[0m                      'param_offload': False,
[36m(TaskRunner pid=1876115)[0m                      'qat': {'_target_': 'verl.workers.config.QATEngineConfig',
[36m(TaskRunner pid=1876115)[0m                              'activation_observer': 'static_minmax',
[36m(TaskRunner pid=1876115)[0m                              'enable': False,
[36m(TaskRunner pid=1876115)[0m                              'group_size': 16,
[36m(TaskRunner pid=1876115)[0m                              'ignore_patterns': ['lm_head',
[36m(TaskRunner pid=1876115)[0m                                                  'embed_tokens',
[36m(TaskRunner pid=1876115)[0m                                                  're:.*mlp.gate$'],
[36m(TaskRunner pid=1876115)[0m                              'mode': 'w4a16',
[36m(TaskRunner pid=1876115)[0m                              'quantization_config_path': None},
[36m(TaskRunner pid=1876115)[0m                      'reshard_after_forward': True,
[36m(TaskRunner pid=1876115)[0m                      'seed': 42,
[36m(TaskRunner pid=1876115)[0m                      'strategy': 'fsdp',
[36m(TaskRunner pid=1876115)[0m                      'ulysses_sequence_parallel_size': 1,
[36m(TaskRunner pid=1876115)[0m                      'use_orig_params': False,
[36m(TaskRunner pid=1876115)[0m                      'use_torch_compile': True,
[36m(TaskRunner pid=1876115)[0m                      'wrap_policy': {'min_num_params': 0}},
[36m(TaskRunner pid=1876115)[0m             'grad_clip': 1.0,
[36m(TaskRunner pid=1876115)[0m             'loss_agg_mode': 'token-mean',
[36m(TaskRunner pid=1876115)[0m             'model': {'_target_': 'verl.workers.config.HFModelConfig',
[36m(TaskRunner pid=1876115)[0m                       'custom_chat_template': None,
[36m(TaskRunner pid=1876115)[0m                       'enable_activation_offload': False,
[36m(TaskRunner pid=1876115)[0m                       'enable_gradient_checkpointing': True,
[36m(TaskRunner pid=1876115)[0m                       'exclude_modules': None,
[36m(TaskRunner pid=1876115)[0m                       'external_lib': None,
[36m(TaskRunner pid=1876115)[0m                       'fused_kernel_options': {'impl_backend': 'torch'},
[36m(TaskRunner pid=1876115)[0m                       'hf_config_path': None,
[36m(TaskRunner pid=1876115)[0m                       'lora': {'a2a_experimental': False,
[36m(TaskRunner pid=1876115)[0m                                'adapter_path': None,
[36m(TaskRunner pid=1876115)[0m                                'alpha': 32,
[36m(TaskRunner pid=1876115)[0m                                'dropout': 0.0,
[36m(TaskRunner pid=1876115)[0m                                'dropout_position': 'pre',
[36m(TaskRunner pid=1876115)[0m                                'dtype': None,
[36m(TaskRunner pid=1876115)[0m                                'exclude_modules': [],
[36m(TaskRunner pid=1876115)[0m                                'freeze_language_model': True,
[36m(TaskRunner pid=1876115)[0m                                'freeze_vision_model': True,
[36m(TaskRunner pid=1876115)[0m                                'freeze_vision_projection': True,
[36m(TaskRunner pid=1876115)[0m                                'lora_A_init_method': 'xavier',
[36m(TaskRunner pid=1876115)[0m                                'lora_B_init_method': 'zero',
[36m(TaskRunner pid=1876115)[0m                                'merge': False,
[36m(TaskRunner pid=1876115)[0m                                'rank': 0,
[36m(TaskRunner pid=1876115)[0m                                'target_modules': ['linear_qkv',
[36m(TaskRunner pid=1876115)[0m                                                   'linear_proj',
[36m(TaskRunner pid=1876115)[0m                                                   'linear_fc1',
[36m(TaskRunner pid=1876115)[0m                                                   'linear_fc2'],
[36m(TaskRunner pid=1876115)[0m                                'type': 'lora'},
[36m(TaskRunner pid=1876115)[0m                       'lora_adapter_path': None,
[36m(TaskRunner pid=1876115)[0m                       'lora_alpha': 16,
[36m(TaskRunner pid=1876115)[0m                       'lora_rank': 0,
[36m(TaskRunner pid=1876115)[0m                       'mtp': {'_target_': 'verl.workers.config.MtpConfig',
[36m(TaskRunner pid=1876115)[0m                               'detach_encoder': False,
[36m(TaskRunner pid=1876115)[0m                               'enable': False,
[36m(TaskRunner pid=1876115)[0m                               'enable_rollout': False,
[36m(TaskRunner pid=1876115)[0m                               'enable_train': False,
[36m(TaskRunner pid=1876115)[0m                               'method': 'mtp',
[36m(TaskRunner pid=1876115)[0m                               'mtp_loss_scaling_factor': 0.1,
[36m(TaskRunner pid=1876115)[0m                               'num_speculative_tokens': 1,
[36m(TaskRunner pid=1876115)[0m                               'speculative_algorithm': 'EAGLE',
[36m(TaskRunner pid=1876115)[0m                               'speculative_eagle_topk': 1,
[36m(TaskRunner pid=1876115)[0m                               'speculative_num_draft_tokens': 4,
[36m(TaskRunner pid=1876115)[0m                               'speculative_num_steps': 3},
[36m(TaskRunner pid=1876115)[0m                       'override_config': {},
[36m(TaskRunner pid=1876115)[0m                       'path': '~/models/deepseek-llm-7b-chat',
[36m(TaskRunner pid=1876115)[0m                       'target_modules': 'all-linear',
[36m(TaskRunner pid=1876115)[0m                       'tiled_mlp': {'enabled': False, 'num_shards': 4},
[36m(TaskRunner pid=1876115)[0m                       'tokenizer_path': None,
[36m(TaskRunner pid=1876115)[0m                       'trust_remote_code': False,
[36m(TaskRunner pid=1876115)[0m                       'use_fused_kernels': False,
[36m(TaskRunner pid=1876115)[0m                       'use_liger': False,
[36m(TaskRunner pid=1876115)[0m                       'use_remove_padding': True,
[36m(TaskRunner pid=1876115)[0m                       'use_shm': False},
[36m(TaskRunner pid=1876115)[0m             'optim': {'_target_': 'verl.workers.config.FSDPOptimizerConfig',
[36m(TaskRunner pid=1876115)[0m                       'betas': [0.9, 0.999],
[36m(TaskRunner pid=1876115)[0m                       'clip_grad': 1.0,
[36m(TaskRunner pid=1876115)[0m                       'lr': 1e-05,
[36m(TaskRunner pid=1876115)[0m                       'lr_scheduler_type': 'constant',
[36m(TaskRunner pid=1876115)[0m                       'lr_warmup_steps': -1,
[36m(TaskRunner pid=1876115)[0m                       'lr_warmup_steps_ratio': 0.0,
[36m(TaskRunner pid=1876115)[0m                       'min_lr_ratio': 0.0,
[36m(TaskRunner pid=1876115)[0m                       'num_cycles': 0.5,
[36m(TaskRunner pid=1876115)[0m                       'optimizer': 'AdamW',
[36m(TaskRunner pid=1876115)[0m                       'optimizer_impl': 'torch.optim',
[36m(TaskRunner pid=1876115)[0m                       'override_optimizer_config': None,
[36m(TaskRunner pid=1876115)[0m                       'total_training_steps': -1,
[36m(TaskRunner pid=1876115)[0m                       'warmup_style': None,
[36m(TaskRunner pid=1876115)[0m                       'weight_decay': 0.01,
[36m(TaskRunner pid=1876115)[0m                       'zero_indexed_step': True},
[36m(TaskRunner pid=1876115)[0m             'ppo_epochs': 1,
[36m(TaskRunner pid=1876115)[0m             'ppo_max_token_len_per_gpu': 32768,
[36m(TaskRunner pid=1876115)[0m             'ppo_micro_batch_size': None,
[36m(TaskRunner pid=1876115)[0m             'ppo_micro_batch_size_per_gpu': None,
[36m(TaskRunner pid=1876115)[0m             'ppo_mini_batch_size': 256,
[36m(TaskRunner pid=1876115)[0m             'profiler': {'_target_': 'verl.utils.profiler.ProfilerConfig',
[36m(TaskRunner pid=1876115)[0m                          'all_ranks': False,
[36m(TaskRunner pid=1876115)[0m                          'enable': False,
[36m(TaskRunner pid=1876115)[0m                          'ranks': [],
[36m(TaskRunner pid=1876115)[0m                          'save_path': 'outputs/profile',
[36m(TaskRunner pid=1876115)[0m                          'tool': None,
[36m(TaskRunner pid=1876115)[0m                          'tool_config': {'npu': {'_target_': 'verl.utils.profiler.config.NPUToolConfig',
[36m(TaskRunner pid=1876115)[0m                                                  'analysis': True,
[36m(TaskRunner pid=1876115)[0m                                                  'contents': [],
[36m(TaskRunner pid=1876115)[0m                                                  'discrete': False,
[36m(TaskRunner pid=1876115)[0m                                                  'level': 'level0'},
[36m(TaskRunner pid=1876115)[0m                                          'nsys': {'_target_': 'verl.utils.profiler.config.NsightToolConfig',
[36m(TaskRunner pid=1876115)[0m                                                   'discrete': False},
[36m(TaskRunner pid=1876115)[0m                                          'precision_debugger': {'_target_': 'verl.utils.profiler.config.PrecisionDebuggerToolConfig',
[36m(TaskRunner pid=1876115)[0m                                                                 'config_path': None,
[36m(TaskRunner pid=1876115)[0m                                                                 'stages': None,
[36m(TaskRunner pid=1876115)[0m                                                                 'steps': None,
[36m(TaskRunner pid=1876115)[0m                                                                 'strict': False},
[36m(TaskRunner pid=1876115)[0m                                          'torch': {'_target_': 'verl.utils.profiler.config.TorchProfilerToolConfig',
[36m(TaskRunner pid=1876115)[0m                                                    'contents': [],
[36m(TaskRunner pid=1876115)[0m                                                    'discrete': False},
[36m(TaskRunner pid=1876115)[0m                                          'torch_memory': {'_target_': 'verl.utils.profiler.config.TorchMemoryToolConfig',
[36m(TaskRunner pid=1876115)[0m                                                           'stack_depth': 32,
[36m(TaskRunner pid=1876115)[0m                                                           'trace_alloc_max_entries': 100000}}},
[36m(TaskRunner pid=1876115)[0m             'rollout_n': 5,
[36m(TaskRunner pid=1876115)[0m             'shuffle': False,
[36m(TaskRunner pid=1876115)[0m             'strategy': 'fsdp',
[36m(TaskRunner pid=1876115)[0m             'ulysses_sequence_parallel_size': 1,
[36m(TaskRunner pid=1876115)[0m             'use_dynamic_bsz': True},
[36m(TaskRunner pid=1876115)[0m  'data': {'apply_chat_template_kwargs': {},
[36m(TaskRunner pid=1876115)[0m           'audio_key': 'audios',
[36m(TaskRunner pid=1876115)[0m           'custom_cls': {'name': None, 'path': None},
[36m(TaskRunner pid=1876115)[0m           'dataloader_num_workers': 8,
[36m(TaskRunner pid=1876115)[0m           'filter_overlong_prompts': True,
[36m(TaskRunner pid=1876115)[0m           'filter_overlong_prompts_workers': 1,
[36m(TaskRunner pid=1876115)[0m           'function_tool_path': None,
[36m(TaskRunner pid=1876115)[0m           'image_key': 'images',
[36m(TaskRunner pid=1876115)[0m           'image_patch_size': 14,
[36m(TaskRunner pid=1876115)[0m           'max_prompt_length': 1024,
[36m(TaskRunner pid=1876115)[0m           'max_response_length': 2048,
[36m(TaskRunner pid=1876115)[0m           'mm_processor_kwargs': {},
[36m(TaskRunner pid=1876115)[0m           'prompt_key': 'prompt',
[36m(TaskRunner pid=1876115)[0m           'return_full_prompt': False,
[36m(TaskRunner pid=1876115)[0m           'return_multi_modal_inputs': True,
[36m(TaskRunner pid=1876115)[0m           'return_raw_chat': True,
[36m(TaskRunner pid=1876115)[0m           'return_raw_input_ids': False,
[36m(TaskRunner pid=1876115)[0m           'reward_fn_key': 'data_source',
[36m(TaskRunner pid=1876115)[0m           'seed': None,
[36m(TaskRunner pid=1876115)[0m           'shuffle': True,
[36m(TaskRunner pid=1876115)[0m           'tokenizer': None,
[36m(TaskRunner pid=1876115)[0m           'tool_config_path': None,
[36m(TaskRunner pid=1876115)[0m           'train_batch_size': 1024,
[36m(TaskRunner pid=1876115)[0m           'train_files': ['/apps/mingjiel/data/gsm8k/train.parquet',
[36m(TaskRunner pid=1876115)[0m                           '/apps/mingjiel/data/math/train.parquet'],
[36m(TaskRunner pid=1876115)[0m           'train_max_samples': -1,
[36m(TaskRunner pid=1876115)[0m           'truncation': 'error',
[36m(TaskRunner pid=1876115)[0m           'trust_remote_code': False,
[36m(TaskRunner pid=1876115)[0m           'use_shm': False,
[36m(TaskRunner pid=1876115)[0m           'val_batch_size': None,
[36m(TaskRunner pid=1876115)[0m           'val_files': ['/apps/mingjiel/data/gsm8k/test.parquet',
[36m(TaskRunner pid=1876115)[0m                         '/apps/mingjiel/data/math/test.parquet'],
[36m(TaskRunner pid=1876115)[0m           'val_max_samples': -1,
[36m(TaskRunner pid=1876115)[0m           'validation_shuffle': False,
[36m(TaskRunner pid=1876115)[0m           'video_key': 'videos'},
[36m(TaskRunner pid=1876115)[0m  'distillation': {'_target_': 'verl.workers.config.DistillationConfig',
[36m(TaskRunner pid=1876115)[0m                   'distillation_loss': {'_target_': 'verl.workers.config.DistillationLossConfig',
[36m(TaskRunner pid=1876115)[0m                                         'clip_ratio': 0.2,
[36m(TaskRunner pid=1876115)[0m                                         'clip_ratio_high': 0.2,
[36m(TaskRunner pid=1876115)[0m                                         'clip_ratio_low': 0.2,
[36m(TaskRunner pid=1876115)[0m                                         'distillation_loss_coef': 1.0,
[36m(TaskRunner pid=1876115)[0m                                         'log_prob_min_clamp': None,
[36m(TaskRunner pid=1876115)[0m                                         'loss_max_clamp': None,
[36m(TaskRunner pid=1876115)[0m                                         'loss_mode': 'k3',
[36m(TaskRunner pid=1876115)[0m                                         'policy_loss_mode': 'vanilla',
[36m(TaskRunner pid=1876115)[0m                                         'topk': 32,
[36m(TaskRunner pid=1876115)[0m                                         'use_policy_gradient': False,
[36m(TaskRunner pid=1876115)[0m                                         'use_task_rewards': True},
[36m(TaskRunner pid=1876115)[0m                   'enabled': False,
[36m(TaskRunner pid=1876115)[0m                   'n_gpus_per_node': 8,
[36m(TaskRunner pid=1876115)[0m                   'nnodes': 0,
[36m(TaskRunner pid=1876115)[0m                   'teacher_key': 'data_source',
[36m(TaskRunner pid=1876115)[0m                   'teacher_models': {'teacher_model': {'_target_': 'verl.workers.config.DistillationTeacherModelConfig',
[36m(TaskRunner pid=1876115)[0m                                                        'inference': {'_target_': 'verl.workers.config.RolloutConfig',
[36m(TaskRunner pid=1876115)[0m                                                                      'cudagraph_capture_sizes': None,
[36m(TaskRunner pid=1876115)[0m                                                                      'data_parallel_size': 1,
[36m(TaskRunner pid=1876115)[0m                                                                      'disable_log_stats': True,
[36m(TaskRunner pid=1876115)[0m                                                                      'dtype': 'bfloat16',
[36m(TaskRunner pid=1876115)[0m                                                                      'enable_chunked_prefill': True,
[36m(TaskRunner pid=1876115)[0m                                                                      'enable_prefix_caching': True,
[36m(TaskRunner pid=1876115)[0m                                                                      'enforce_eager': True,
[36m(TaskRunner pid=1876115)[0m                                                                      'engine_kwargs': {},
[36m(TaskRunner pid=1876115)[0m                                                                      'expert_parallel_size': 1,
[36m(TaskRunner pid=1876115)[0m                                                                      'free_cache_engine': True,
[36m(TaskRunner pid=1876115)[0m                                                                      'gpu_memory_utilization': 0.5,
[36m(TaskRunner pid=1876115)[0m                                                                      'limit_images': None,
[36m(TaskRunner pid=1876115)[0m                                                                      'load_format': 'auto',
[36m(TaskRunner pid=1876115)[0m                                                                      'max_model_len': None,
[36m(TaskRunner pid=1876115)[0m                                                                      'max_num_batched_tokens': 8192,
[36m(TaskRunner pid=1876115)[0m                                                                      'max_num_seqs': 1024,
[36m(TaskRunner pid=1876115)[0m                                                                      'name': 'vllm',
[36m(TaskRunner pid=1876115)[0m                                                                      'prompt_length': 1024,
[36m(TaskRunner pid=1876115)[0m                                                                      'response_length': 2048,
[36m(TaskRunner pid=1876115)[0m                                                                      'skip_tokenizer_init': True,
[36m(TaskRunner pid=1876115)[0m                                                                      'temperature': 1.0,
[36m(TaskRunner pid=1876115)[0m                                                                      'tensor_model_parallel_size': 2},
[36m(TaskRunner pid=1876115)[0m                                                        'key': None,
[36m(TaskRunner pid=1876115)[0m                                                        'model_path': None,
[36m(TaskRunner pid=1876115)[0m                                                        'num_replicas': 0}}},
[36m(TaskRunner pid=1876115)[0m  'global_profiler': {'_target_': 'verl.utils.profiler.ProfilerConfig',
[36m(TaskRunner pid=1876115)[0m                      'global_tool_config': {'nsys': {'_target_': 'verl.utils.profiler.config.NsightToolConfig',
[36m(TaskRunner pid=1876115)[0m                                                      'controller_nsight_options': {'cuda-graph-trace': 'graph',
[36m(TaskRunner pid=1876115)[0m                                                                                    'cuda-memory-usage': 'true',
[36m(TaskRunner pid=1876115)[0m                                                                                    'trace': 'cuda,nvtx,cublas,ucx'},
[36m(TaskRunner pid=1876115)[0m                                                      'discrete': False,
[36m(TaskRunner pid=1876115)[0m                                                      'worker_nsight_options': {'capture-range': 'cudaProfilerApi',
[36m(TaskRunner pid=1876115)[0m                                                                                'capture-range-end': None,
[36m(TaskRunner pid=1876115)[0m                                                                                'cuda-graph-trace': 'graph',
[36m(TaskRunner pid=1876115)[0m                                                                                'cuda-memory-usage': 'true',
[36m(TaskRunner pid=1876115)[0m                                                                                'kill': 'none',
[36m(TaskRunner pid=1876115)[0m                                                                                'trace': 'cuda,nvtx,cublas,ucx'}},
[36m(TaskRunner pid=1876115)[0m                                             'precision_debugger': {'_target_': 'verl.utils.profiler.config.PrecisionDebuggerToolConfig',
[36m(TaskRunner pid=1876115)[0m                                                                    'config_path': None,
[36m(TaskRunner pid=1876115)[0m                                                                    'stages': None,
[36m(TaskRunner pid=1876115)[0m                                                                    'steps': None,
[36m(TaskRunner pid=1876115)[0m                                                                    'strict': False},
[36m(TaskRunner pid=1876115)[0m                                             'torch_memory': {'context': 'all',
[36m(TaskRunner pid=1876115)[0m                                                              'kw_args': {},
[36m(TaskRunner pid=1876115)[0m                                                              'stack_depth': 32,
[36m(TaskRunner pid=1876115)[0m                                                              'stacks': 'all',
[36m(TaskRunner pid=1876115)[0m                                                              'trace_alloc_max_entries': 100000}},
[36m(TaskRunner pid=1876115)[0m                      'profile_continuous_steps': False,
[36m(TaskRunner pid=1876115)[0m                      'save_path': 'outputs/profile',
[36m(TaskRunner pid=1876115)[0m                      'steps': None,
[36m(TaskRunner pid=1876115)[0m                      'tool': None},
[36m(TaskRunner pid=1876115)[0m  'model_engine': 'dp',
[36m(TaskRunner pid=1876115)[0m  'ray_kwargs': {'ray_init': {'num_cpus': None}, 'timeline_json_file': None},
[36m(TaskRunner pid=1876115)[0m  'reward': {'_target_': 'verl.workers.config.RewardConfig',
[36m(TaskRunner pid=1876115)[0m             'custom_reward_function': {'name': 'compute_score', 'path': None},
[36m(TaskRunner pid=1876115)[0m             'num_workers': 8,
[36m(TaskRunner pid=1876115)[0m             'reward_manager': {'_target_': 'verl.workers.config.reward.RewardManagerConfig',
[36m(TaskRunner pid=1876115)[0m                                'module': {'_target_': 'verl.trainer.config.config.ModuleConfig',
[36m(TaskRunner pid=1876115)[0m                                           'name': 'custom_reward_manager',
[36m(TaskRunner pid=1876115)[0m                                           'path': None},
[36m(TaskRunner pid=1876115)[0m                                'name': 'naive',
[36m(TaskRunner pid=1876115)[0m                                'source': 'register'},
[36m(TaskRunner pid=1876115)[0m             'reward_model': {'_target_': 'verl.workers.config.RewardModelConfig',
[36m(TaskRunner pid=1876115)[0m                              'enable': False,
[36m(TaskRunner pid=1876115)[0m                              'enable_resource_pool': False,
[36m(TaskRunner pid=1876115)[0m                              'model_path': None,
[36m(TaskRunner pid=1876115)[0m                              'n_gpus_per_node': 8,
[36m(TaskRunner pid=1876115)[0m                              'nnodes': 0,
[36m(TaskRunner pid=1876115)[0m                              'rollout': {'_target_': 'verl.workers.config.RolloutConfig',
[36m(TaskRunner pid=1876115)[0m                                          'cudagraph_capture_sizes': None,
[36m(TaskRunner pid=1876115)[0m                                          'data_parallel_size': 1,
[36m(TaskRunner pid=1876115)[0m                                          'disable_log_stats': True,
[36m(TaskRunner pid=1876115)[0m                                          'disaggregation': {'bootstrap_port': None,
[36m(TaskRunner pid=1876115)[0m                                                             'decode_replicas': 1,
[36m(TaskRunner pid=1876115)[0m                                                             'decode_tensor_model_parallel_size': None,
[36m(TaskRunner pid=1876115)[0m                                                             'enabled': False,
[36m(TaskRunner pid=1876115)[0m                                                             'ib_device': None,
[36m(TaskRunner pid=1876115)[0m                                                             'prefill_replicas': 1,
[36m(TaskRunner pid=1876115)[0m                                                             'transfer_backend': 'nixl'},
[36m(TaskRunner pid=1876115)[0m                                          'do_sample': True,
[36m(TaskRunner pid=1876115)[0m                                          'dtype': 'bfloat16',
[36m(TaskRunner pid=1876115)[0m                                          'enable_chunked_prefill': True,
[36m(TaskRunner pid=1876115)[0m                                          'enable_prefix_caching': True,
[36m(TaskRunner pid=1876115)[0m                                          'enforce_eager': True,
[36m(TaskRunner pid=1876115)[0m                                          'engine_kwargs': {},
[36m(TaskRunner pid=1876115)[0m                                          'expert_parallel_size': 1,
[36m(TaskRunner pid=1876115)[0m                                          'free_cache_engine': True,
[36m(TaskRunner pid=1876115)[0m                                          'gpu_memory_utilization': 0.5,
[36m(TaskRunner pid=1876115)[0m                                          'ignore_eos': False,
[36m(TaskRunner pid=1876115)[0m                                          'layered_summon': False,
[36m(TaskRunner pid=1876115)[0m                                          'limit_images': None,
[36m(TaskRunner pid=1876115)[0m                                          'load_format': 'auto',
[36m(TaskRunner pid=1876115)[0m                                          'max_model_len': None,
[36m(TaskRunner pid=1876115)[0m                                          'max_num_batched_tokens': 8192,
[36m(TaskRunner pid=1876115)[0m                                          'max_num_seqs': 1024,
[36m(TaskRunner pid=1876115)[0m                                          'mtp': None,
[36m(TaskRunner pid=1876115)[0m                                          'multi_stage_wake_up': False,
[36m(TaskRunner pid=1876115)[0m                                          'n': 1,
[36m(TaskRunner pid=1876115)[0m                                          'name': '???',
[36m(TaskRunner pid=1876115)[0m                                          'pipeline_model_parallel_size': 1,
[36m(TaskRunner pid=1876115)[0m                                          'prompt_length': 2048,[36m(TaskRunner pid=1876115)[0m /workspace/verl/verl/trainer/main_ppo.py:254: UserWarning: Disabled critic as algorithm.adv_estimator != gae. If it is not intended, please set critic.enable=True
[36m(TaskRunner pid=1876115)[0m   use_critic=need_critic(config),
[36m(TaskRunner pid=1876115)[0m Warning: You are sending unauthenticated requests to the HF Hub. Please set a HF_TOKEN to enable higher rate limits and faster downloads.
[36m(TaskRunner pid=1876115)[0m WARNING:2026-05-25 02:30:13,426:Warning: You are sending unauthenticated requests to the HF Hub. Please set a HF_TOKEN to enable higher rate limits and faster downloads.
[36m(TaskRunner pid=1876115)[0m Setting TOKENIZERS_PARALLELISM=false for forked processes.
[36m(TaskRunner pid=1876115)[0m WARNING:2026-05-25 02:30:17,887:Setting TOKENIZERS_PARALLELISM=false for forked processes.
[36m(TaskRunner pid=1876115)[0m Filtering prompts longer than 1024 tokens (num_proc=1):   0%|          | 0/14973 [00:00<?, ? examples/s]
[36m(TaskRunner pid=1876115)[0m Filtering prompts longer than 1024 tokens (num_proc=1):   7%|▋         | 1000/14973 [00:01<00:22, 616.89 examples/s]
[36m(TaskRunner pid=1876115)[0m Filtering prompts longer than 1024 tokens (num_proc=1):  13%|█▎        | 2000/14973 [00:01<00:10, 1271.08 examples/s]
[36m(TaskRunner pid=1876115)[0m Filtering prompts longer than 1024 tokens (num_proc=1):  20%|██        | 3000/14973 [00:02<00:06, 1935.96 examples/s]
[36m(TaskRunner pid=1876115)[0m Filtering prompts longer than 1024 tokens (num_proc=1):  27%|██▋       | 4000/14973 [00:02<00:04, 2552.00 examples/s]
[36m(TaskRunner pid=1876115)[0m Filtering prompts longer than 1024 tokens (num_proc=1):  33%|███▎      | 5000/14973 [00:02<00:03, 3100.68 examples/s]
[36m(TaskRunner pid=1876115)[0m Filtering prompts longer than 1024 tokens (num_proc=1):  40%|████      | 6000/14973 [00:02<00:02, 3570.29 examples/s]
[36m(TaskRunner pid=1876115)[0m Filtering prompts longer than 1024 tokens (num_proc=1):  47%|████▋     | 7000/14973 [00:02<00:02, 3945.09 examples/s]
[36m(TaskRunner pid=1876115)[0m Filtering prompts longer than 1024 tokens (num_proc=1):  53%|█████▎    | 8000/14973 [00:03<00:01, 4255.57 examples/s]
[36m(TaskRunner pid=1876115)[0m Filtering prompts longer than 1024 tokens (num_proc=1):  60%|██████    | 9000/14973 [00:03<00:01, 4514.09 examples/s]
[36m(TaskRunner pid=1876115)[0m Filtering prompts longer than 1024 tokens (num_proc=1):  67%|██████▋   | 10000/14973 [00:03<00:01, 4537.89 examples/s]
[36m(TaskRunner pid=1876115)[0m Filtering prompts longer than 1024 tokens (num_proc=1):  73%|███████▎  | 11000/14973 [00:03<00:00, 4028.34 examples/s]
[36m(TaskRunner pid=1876115)[0m Filtering prompts longer than 1024 tokens (num_proc=1):  80%|████████  | 12000/14973 [00:03<00:00, 4206.09 examples/s]
[36m(TaskRunner pid=1876115)[0m Filtering prompts longer than 1024 tokens (num_proc=1):  87%|████████▋ | 13000/14973 [00:04<00:00, 4470.49 examples/s]
[36m(TaskRunner pid=1876115)[0m Filtering prompts longer than 1024 tokens (num_proc=1):  94%|█████████▎| 14000/14973 [00:04<00:00, 4483.39 examples/s]
[36m(TaskRunner pid=1876115)[0m Filtering prompts longer than 1024 tokens (num_proc=1): 100%|██████████| 14973/14973 [00:04<00:00, 4343.68 examples/s]
[36m(TaskRunner pid=1876115)[0m Filtering prompts longer than 1024 tokens (num_proc=1): 100%|██████████| 14973/14973 [00:04<00:00, 3142.82 examples/s]
[36m(TaskRunner pid=1876115)[0m Setting TOKENIZERS_PARALLELISM=false for forked processes.
[36m(TaskRunner pid=1876115)[0m WARNING:2026-05-25 02:30:23,904:Setting TOKENIZERS_PARALLELISM=false for forked processes.
[36m(TaskRunner pid=1876115)[0m Filtering prompts longer than 1024 tokens (num_proc=1):   0%|          | 0/6319 [00:00<?, ? examples/s]
[36m(TaskRunner pid=1876115)[0m Filtering prompts longer than 1024 tokens (num_proc=1):  16%|█▌        | 1000/6319 [00:01<00:08, 621.86 examples/s]
[36m(TaskRunner pid=1876115)[0m Filtering prompts longer than 1024 tokens (num_proc=1):  32%|███▏      | 2000/6319 [00:01<00:03, 1295.99 examples/s]
[36m(TaskRunner pid=1876115)[0m Filtering prompts longer than 1024 tokens (num_proc=1):  47%|████▋     | 3000/6319 [00:01<00:01, 1967.67 examples/s]
[36m(TaskRunner pid=1876115)[0m Filtering prompts longer than 1024 tokens (num_proc=1):  63%|██████▎   | 4000/6319 [00:02<00:00, 2497.59 examples/s]
[36m(TaskRunner pid=1876115)[0m Filtering prompts longer than 1024 tokens (num_proc=1):  79%|███████▉  | 5000/6319 [00:02<00:00, 3116.57 examples/s]
[36m(TaskRunner pid=1876115)[0m Filtering prompts longer than 1024 tokens (num_proc=1):  95%|█████████▍| 6000/6319 [00:02<00:00, 3581.24 examples/s]
[36m(TaskRunner pid=1876115)[0m Filtering prompts longer than 1024 tokens (num_proc=1): 100%|██████████| 6319/6319 [00:02<00:00, 2251.69 examples/s]
[36m(TaskRunner pid=1876115)[0m /workspace/verl/verl/trainer/ppo/ray_trainer.py:295: UserWarning: Disabled critic as algorithm.adv_estimator != gae. If it is not intended, please set critic.enable=True
[36m(TaskRunner pid=1876115)[0m   self.use_critic = need_critic(self.config)
[36m(WorkerDict pid=1877025)[0m Warning: You are sending unauthenticated requests to the HF Hub. Please set a HF_TOKEN to enable higher rate limits and faster downloads.
[36m(WorkerDict pid=1877025)[0m WARNING:2026-05-25 02:30:35,313:Warning: You are sending unauthenticated requests to the HF Hub. Please set a HF_TOKEN to enable higher rate limits and faster downloads.
[36m(WorkerDict pid=1877026)[0m [aiter] import [module_aiter_core] under /workspace/aiter/aiter/jit/module_aiter_core.so
[36m(WorkerDict pid=1877026)[0m Warning: You are sending unauthenticated requests to the HF Hub. Please set a HF_TOKEN to enable higher rate limits and faster downloads.[32m [repeated 7x across cluster] (Ray deduplicates logs by default. Set RAY_DEDUP_LOGS=0 to disable log deduplication, or see https://docs.ray.io/en/master/ray-observability/user-guides/configure-logging.html#log-deduplication for more options.)[0m
[36m(WorkerDict pid=1877026)[0m WARNING:2026-05-25 02:30:36,751:Warning: You are sending unauthenticated requests to the HF Hub. Please set a HF_TOKEN to enable higher rate limits and faster downloads.[32m [repeated 7x across cluster][0m
[36m(WorkerDict pid=1877026)[0m /usr/local/lib/python3.12/dist-packages/apex/transformer/functional/fused_rope.py:49: UserWarning: Aiter backend is selected for fused RoPE. This has lower precision. To disable aiter, export USE_ROCM_AITER_ROPE_BACKEND=0
[36m(WorkerDict pid=1877026)[0m   warnings.warn("Aiter backend is selected for fused RoPE. This has lower precision. To disable aiter, export USE_ROCM_AITER_ROPE_BACKEND=0", UserWarning)
[36m(WorkerDict pid=1877021)[0m [transformers] Flash Attention 2 only supports torch.float16 and torch.bfloat16 dtypes, but the current dype in Qwen3ForCausalLM is torch.float32. You should run training or inference using Automatic Mixed-Precision via the `with torch.autocast(device_type='torch_device'):` decorator, or load the model with the `dtype` argument. Example: `model = AutoModel.from_pretrained("meta-llama/Llama-3.2-1B", attn_implementation="flash_attention_2", dtype=torch.float16)`
[36m(WorkerDict pid=1877021)[0m [transformers] Flash Attention 2 only supports torch.float16 and torch.bfloat16 dtypes, but the current dype in Qwen3Model is torch.float32. You should run training or inference using Automatic Mixed-Precision via the `with torch.autocast(device_type='torch_device'):` decorator, or load the model with the `dtype` argument. Example: `model = AutoModel.from_pretrained("meta-llama/Llama-3.2-1B", attn_implementation="flash_attention_2", dtype=torch.float16)`
[36m(WorkerDict pid=1877020)[0m Loading weights:   0%|          | 0/399 [00:00<?, ?it/s]
[36m(WorkerDict pid=1877019)[0m Loading weights:   0%|          | 1/399 [00:04<28:20,  4.27s/it]
[36m(WorkerDict pid=1877023)[0m [aiter] import [module_aiter_core] under /workspace/aiter/aiter/jit/module_aiter_core.so[32m [repeated 7x across cluster][0m
[36m(WorkerDict pid=1877025)[0m /usr/local/lib/python3.12/dist-packages/apex/transformer/functional/fused_rope.py:49: UserWarning: Aiter backend is selected for fused RoPE. This has lower precision. To disable aiter, export USE_ROCM_AITER_ROPE_BACKEND=0[32m [repeated 7x across cluster][0m
[36m(WorkerDict pid=1877025)[0m   warnings.warn("Aiter backend is selected for fused RoPE. This has lower precision. To disable aiter, export USE_ROCM_AITER_ROPE_BACKEND=0", UserWarning)[32m [repeated 7x across cluster][0m
[36m(WorkerDict pid=1877026)[0m [transformers] Flash Attention 2 only supports torch.float16 and torch.bfloat16 dtypes, but the current dype in Qwen3Model is torch.float32. You should run training or inference using Automatic Mixed-Precision via the `with torch.autocast(device_type='torch_device'):` decorator, or load the model with the `dtype` argument. Example: `model = AutoModel.from_pretrained("meta-llama/Llama-3.2-1B", attn_implementation="flash_attention_2", dtype=torch.float16)`[32m [repeated 14x across cluster][0m
[36m(WorkerDict pid=1877026)[0m Loading weights:   0%|          | 0/399 [00:00<?, ?it/s][32m [repeated 7x across cluster][0m
[36m(WorkerDict pid=1877025)[0m Loading weights:  26%|██▋       | 105/399 [00:07<00:03, 74.35it/s]Loading weights:  29%|██▉       | 116/399 [00:07<00:03, 81.86it/s]
[36m(WorkerDict pid=1877025)[0m Loading weights:  58%|█████▊    | 233/399 [00:09<00:02, 63.52it/s][32m [repeated 210x across cluster][0m
[36m(WorkerDict pid=1877019)[0m Loading weights:  92%|█████████▏| 367/399 [00:10<00:00, 62.79it/s]
[36m(WorkerDict pid=1877019)[0m Loading weights:  95%|█████████▍| 378/399 [00:10<00:00, 62.79it/s]
[36m(WorkerDict pid=1877019)[0m Loading weights:  97%|█████████▋| 389/399 [00:10<00:00, 64.81it/s]Loading weights: 100%|██████████| 399/399 [00:10<00:00, 37.75it/s]
[36m(WorkerDict pid=1877023)[0m libibverbs: Warning: Driver bnxt_re does not support the kernel ABI of 8 (supports 1 to 1) for device /sys/class/infiniband/bnxt_re_benic5b
[36m(WorkerDict pid=1877023)[0m libibverbs: Warning: Driver bnxt_re does not support the kernel ABI of 8 (supports 1 to 1) for device /sys/class/infiniband/bnxt_re_benic5b
[36m(WorkerDict pid=1877023)[0m libibverbs: Warning: Driver bnxt_re does not support the kernel ABI of 8 (supports 1 to 1) for device /sys/class/infiniband/bnxt_re_benic1b
[36m(WorkerDict pid=1877023)[0m libibverbs: Warning: Driver bnxt_re does not support the kernel ABI of 8 (supports 1 to 1) for device /sys/class/infiniband/bnxt_re_benic1b
[36m(WorkerDict pid=1877023)[0m libibverbs: Warning: Driver bnxt_re does not support the kernel ABI of 8 (supports 1 to 1) for device /sys/class/infiniband/bnxt_re_benic6b
[36m(WorkerDict pid=1877023)[0m libibverbs: Warning: Driver bnxt_re does not support the kernel ABI of 8 (supports 1 to 1) for device /sys/class/infiniband/bnxt_re_benic6b
[36m(WorkerDict pid=1877023)[0m libibverbs: Warning: Driver bnxt_re does not support the kernel ABI of 8 (supports 1 to 1) for device /sys/class/infiniband/bnxt_re_benic3b
[36m(WorkerDict pid=1877023)[0m libibverbs: Warning: Driver bnxt_re does not support the kernel ABI of 8 (supports 1 to 1) for device /sys/class/infiniband/bnxt_re_benic3b
[36m(WorkerDict pid=1877023)[0m libibverbs: Warning: Driver bnxt_re does not support the kernel ABI of 8 (supports 1 to 1) for device /sys/class/infiniband/bnxt_re_benic8b
[36m(WorkerDict pid=1877023)[0m libibverbs: Warning: Driver bnxt_re does not support the kernel ABI of 8 (supports 1 to 1) for device /sys/class/infiniband/bnxt_re_benic8b
[36m(WorkerDict pid=1877023)[0m libibverbs: Warning: Driver bnxt_re does not support the kernel ABI of 8 (supports 1 to 1) for device /sys/class/infiniband/bnxt_re_benic2b
[36m(WorkerDict pid=1877023)[0m libibverbs: Warning: Driver bnxt_re does not support the kernel ABI of 8 (supports 1 to 1) for device /sys/class/infiniband/bnxt_re_benic2b
[36m(WorkerDict pid=1877023)[0m libibverbs: Warning: Driver bnxt_re does not support the kernel ABI of 8 (supports 1 to 1) for device /sys/class/infiniband/bnxt_re_benic7b
[36m(WorkerDict pid=1877023)[0m libibverbs: Warning: Driver bnxt_re does not support the kernel ABI of 8 (supports 1 to 1) for device /sys/class/infiniband/bnxt_re_benic7b
[36m(WorkerDict pid=1877023)[0m libibverbs: Warning: Driver bnxt_re does not support the kernel ABI of 8 (supports 1 to 1) for device /sys/class/infiniband/bnxt_re_benic4b
[36m(WorkerDict pid=1877023)[0m libibverbs: Warning: Driver bnxt_re does not support the kernel ABI of 8 (supports 1 to 1) for device /sys/class/infiniband/bnxt_re_benic4b
[36m(WorkerDict pid=1877022)[0m Loading weights:  90%|████████▉ | 358/399 [00:12<00:00, 46.89it/s][32m [repeated 117x across cluster][0m
[36m(WorkerDict pid=1877022)[0m Loading weights: 100%|██████████| 399/399 [00:12<00:00, 31.22it/s][32m [repeated 29x across cluster][0m
[36m(WorkerDict pid=1877021)[0m Loading weights:  98%|█████████▊| 393/399 [00:12<00:00, 58.25it/s]Loading weights: 100%|██████████| 399/399 [00:12<00:00, 32.24it/s][32m [repeated 2x across cluster][0m

[36m(TaskRunner pid=1876115)[0m                                          'quantization': None,
[36m(TaskRunner pid=1876115)[0m                                          'quantization_config_file': None,
[36m(TaskRunner pid=1876115)[0m                                          'response_length': 2048,
[36m(TaskRunner pid=1876115)[0m                                          'scheduling_policy': 'fcfs',
[36m(TaskRunner pid=1876115)[0m                                          'skip_tokenizer_init': False,
[36m(TaskRunner pid=1876115)[0m                                          'temperature': 1.0,
[36m(TaskRunner pid=1876115)[0m                                          'tensor_model_parallel_size': 2,
[36m(TaskRunner pid=1876115)[0m                                          'top_k': -1,
[36m(TaskRunner pid=1876115)[0m                                          'top_p': 1}},
[36m(TaskRunner pid=1876115)[0m             'sandbox_fusion': {'_target_': 'verl.workers.config.SandboxFusionConfig',
[36m(TaskRunner pid=1876115)[0m                                'max_concurrent': 64,
[36m(TaskRunner pid=1876115)[0m                                'memory_limit_mb': 1024,
[36m(TaskRunner pid=1876115)[0m                                'url': None}},
[36m(TaskRunner pid=1876115)[0m  'trainer': {'balance_batch': True,
[36m(TaskRunner pid=1876115)[0m              'critic_warmup': 0,
[36m(TaskRunner pid=1876115)[0m              'default_hdfs_dir': None,
[36m(TaskRunner pid=1876115)[0m              'default_local_dir': 'checkpoints/verl_grpo_gsm8k_math/qwen3_8b_grpo_vllm_fsdp_20260525_0229',
[36m(TaskRunner pid=1876115)[0m              'del_local_ckpt_after_load': False,
[36m(TaskRunner pid=1876115)[0m              'device': 'cuda',
[36m(TaskRunner pid=1876115)[0m              'esi_redundant_time': 0,
[36m(TaskRunner pid=1876115)[0m              'experiment_name': 'qwen3_8b_grpo_vllm_fsdp_20260525_0229',
[36m(TaskRunner pid=1876115)[0m              'log_val_generations': 0,
[36m(TaskRunner pid=1876115)[0m              'logger': ['console'],
[36m(TaskRunner pid=1876115)[0m              'max_actor_ckpt_to_keep': None,
[36m(TaskRunner pid=1876115)[0m              'max_critic_ckpt_to_keep': None,
[36m(TaskRunner pid=1876115)[0m              'n_gpus_per_node': 8,
[36m(TaskRunner pid=1876115)[0m              'nnodes': 1,
[36m(TaskRunner pid=1876115)[0m              'project_name': 'verl_grpo_gsm8k_math',
[36m(TaskRunner pid=1876115)[0m              'ray_wait_register_center_timeout': 300,
[36m(TaskRunner pid=1876115)[0m              'resume_from_path': None,
[36m(TaskRunner pid=1876115)[0m              'resume_mode': 'auto',
[36m(TaskRunner pid=1876115)[0m              'rollout_data_dir': None,
[36m(TaskRunner pid=1876115)[0m              'save_freq': 20,
[36m(TaskRunner pid=1876115)[0m              'test_freq': 5,
[36m(TaskRunner pid=1876115)[0m              'total_epochs': 15,
[36m(TaskRunner pid=1876115)[0m              'total_training_steps': None,
[36m(TaskRunner pid=1876115)[0m              'val_before_train': True,
[36m(TaskRunner pid=1876115)[0m              'val_only': False,
[36m(TaskRunner pid=1876115)[0m              'validation_data_dir': None},
[36m(TaskRunner pid=1876115)[0m  'transfer_queue': {'backend': {'SimpleStorage': {'num_data_storage_units': 8,
[36m(TaskRunner pid=1876115)[0m                                                   'total_storage_size': 100000},
[36m(TaskRunner pid=1876115)[0m                                 'storage_backend': 'SimpleStorage'},
[36m(TaskRunner pid=1876115)[0m                     'enable': False}}
[36m(TaskRunner pid=1876115)[0m [validate_config] All configuration checks passed successfully!
[36m(TaskRunner pid=1876115)[0m Using dataset class: RLHFDataset
[36m(TaskRunner pid=1876115)[0m dataset len: 14973
[36m(TaskRunner pid=1876115)[0m filter dataset len: 14966
[36m(TaskRunner pid=1876115)[0m Using dataset class: RLHFDataset
[36m(TaskRunner pid=1876115)[0m dataset len: 6319
[36m(TaskRunner pid=1876115)[0m filter dataset len: 6317
[36m(TaskRunner pid=1876115)[0m Size of train dataloader: 14, Size of val dataloader: 1
[36m(TaskRunner pid=1876115)[0m Total training steps: 210
[36m(TaskRunner pid=1876115)[0m colocated worker base class <class 'verl.single_controller.base.worker.Worker'>
[36m(WorkerDict pid=1877019)[0m [Gloo] Rank 0 is connected to 7 peer ranks. Expected number of connected peer ranks is : 7
[36m(WorkerDict pid=1877019)[0m Warning: pynvml not available, skipping NUMA affinity setup
[36m(WorkerDict pid=1877019)[0m Monkey patch _flash_attention_forward in transformers.integrations.flash_attention
[36m(WorkerDict pid=1877019)[0m Skipping monkey patch for Qwen3ForCausalLM as use_fused_kernels is False or fused_kernels_backend is torch
[36m(WorkerDict pid=1877020)[0m [Gloo] Rank 1 is connected to 7 peer ranks. Expected number of connected peer ranks is : 7[32m [repeated 7x across cluster][0m
[36m(WorkerDict pid=1877020)[0m Warning: pynvml not available, skipping NUMA affinity setup[32m [repeated 7x across cluster][0m
[36m(WorkerDict pid=1877019)[0m Qwen3ForCausalLM contains 8.19B parameters
[36m(WorkerDict pid=1877019)[0m Before FSDP, memory allocated (GB): 0.00, memory reserved (GB): 0.00, device memory used/total (GB): 174.71/191.98
[36m(WorkerDict pid=1877023)[0m 
[36m(WorkerDict pid=1877023)[0m [2026-05-25 02:31:05] mi308-ccs-aus-e07-22:1877023:1878222 [0] /longer_pathname_so_that_rpms_can_support_packaging_the_debug_info_for_all_os_profiles/src/out/ubuntu-22.04/22.04/build/rccl/hipify/src/graph/topo.cc:1550 NCCL WARN Could not find any local path from gpu 1 to net.
[36m(WorkerDict pid=1877023)[0m 
[36m(WorkerDict pid=1877023)[0m [2026-05-25 02:31:05] mi308-ccs-aus-e07-22:1877023:1878222 [0] /longer_pathname_so_that_rpms_can_support_packaging_the_debug_info_for_all_os_profiles/src/out/ubuntu-22.04/22.04/build/rccl/hipify/src/graph/topo.cc:1550 NCCL WARN Could not find any local path from gpu 1 to net.
[36m(WorkerDict pid=1877023)[0m 
[36m(WorkerDict pid=1877023)[0m [2026-05-25 02:31:05] mi308-ccs-aus-e07-22:1877023:1878222 [0] /longer_pathname_so_that_rpms_can_support_packaging_the_debug_info_for_all_os_profiles/src/out/ubuntu-22.04/22.04/build/rccl/hipify/src/graph/topo.cc:1550 NCCL WARN Could not find any local path from gpu 2 to net.
[36m(WorkerDict pid=1877023)[0m 
[36m(WorkerDict pid=1877023)[0m [2026-05-25 02:31:05] mi308-ccs-aus-e07-22:1877023:1878222 [0] /longer_pathname_so_that_rpms_can_support_packaging_the_debug_info_for_all_os_profiles/src/out/ubuntu-22.04/22.04/build/rccl/hipify/src/graph/topo.cc:1550 NCCL WARN Could not find any local path from gpu 2 to net.
[36m(WorkerDict pid=1877023)[0m 
[36m(WorkerDict pid=1877023)[0m [2026-05-25 02:31:05] mi308-ccs-aus-e07-22:1877023:1878222 [0] /longer_pathname_so_that_rpms_can_support_packaging_the_debug_info_for_all_os_profiles/src/out/ubuntu-22.04/22.04/build/rccl/hipify/src/graph/topo.cc:1550 NCCL WARN Could not find any local path from gpu 3 to net.
[36m(WorkerDict pid=1877023)[0m 
[36m(WorkerDict pid=1877023)[0m [2026-05-25 02:31:05] mi308-ccs-aus-e07-22:1877023:1878222 [0] /longer_pathname_so_that_rpms_can_support_packaging_the_debug_info_for_all_os_profiles/src/out/ubuntu-22.04/22.04/build/rccl/hipify/src/graph/topo.cc:1550 NCCL WARN Could not find any local path from gpu 3 to net.
[36m(WorkerDict pid=1877023)[0m 
[36m(WorkerDict pid=1877023)[0m [2026-05-25 02:31:05] mi308-ccs-aus-e07-22:1877023:1878222 [0] /longer_pathname_so_that_rpms_can_support_packaging_the_debug_info_for_all_os_profiles/src/out/ubuntu-22.04/22.04/build/rccl/hipify/src/graph/topo.cc:1550 NCCL WARN Could not find any local path from gpu 4 to net.
[36m(WorkerDict pid=1877023)[0m 
[36m(WorkerDict pid=1877023)[0m [2026-05-25 02:31:05] mi308-ccs-aus-e07-22:1877023:1878222 [0] /longer_pathname_so_that_rpms_can_support_packaging_the_debug_info_for_all_os_profiles/src/out/ubuntu-22.04/22.04/build/rccl/hipify/src/graph/topo.cc:1550 NCCL WARN Could not find any local path from gpu 6 to net.
[36m(WorkerDict pid=1877023)[0m 
[36m(WorkerDict pid=1877023)[0m [2026-05-25 02:31:05] mi308-ccs-aus-e07-22:1877023:1878222 [0] /longer_pathname_so_that_rpms_can_support_packaging_the_debug_info_for_all_os_profiles/src/out/ubuntu-22.04/22.04/build/rccl/hipify/src/graph/topo.cc:1550 NCCL WARN Could not find any local path from gpu 7 to net.
[36m(WorkerDict pid=1877023)[0m 
[36m(WorkerDict pid=1877023)[0m [2026-05-25 02:31:05] mi308-ccs-aus-e07-22:1877023:1878222 [0] /longer_pathname_so_that_rpms_can_support_packaging_the_debug_info_for_all_os_profiles/src/out/ubuntu-22.04/22.04/build/rccl/hipify/src/graph/topo.cc:1550 NCCL WARN Could not find any local path from gpu 5 to net.
[36m(WorkerDict pid=1877023)[0m 
[36m(WorkerDict pid=1877023)[0m [2026-05-25 02:31:05] mi308-ccs-aus-e07-22:1877023:1878222 [0] /longer_pathname_so_that_rpms_can_support_packaging_the_debug_info_for_all_os_profiles/src/out/ubuntu-22.04/22.04/build/rccl/hipify/src/graph/topo.cc:1550 NCCL WARN Could not find any local path from gpu 3 to net.
[36m(WorkerDict pid=1877023)[0m 
[36m(WorkerDict pid=1877023)[0m [2026-05-25 02:31:05] mi308-ccs-aus-e07-22:1877023:1878222 [0] /longer_pathname_so_that_rpms_can_support_packaging_the_debug_info_for_all_os_profiles/src/out/ubuntu-22.04/22.04/build/rccl/hipify/src/graph/topo.cc:1550 NCCL WARN Could not find any local path from gpu 4 to net.
[36m(WorkerDict pid=1877023)[0m 
[36m(WorkerDict pid=1877023)[0m [2026-05-25 02:31:05] mi308-ccs-aus-e07-22:1877023:1878222 [0] /longer_pathname_so_that_rpms_can_support_packaging_the_debug_info_for_all_os_profiles/src/out/ubuntu-22.04/22.04/build/rccl/hipify/src/graph/topo.cc:1550 NCCL WARN Could not find any local path from gpu 7 to net.
[36m(WorkerDict pid=1877023)[0m 
[36m(WorkerDict pid=1877023)[0m [2026-05-25 02:31:05] mi308-ccs-aus-e07-22:1877023:1878222 [0] /longer_pathname_so_that_rpms_can_support_packaging_the_debug_info_for_all_os_profiles/src/out/ubuntu-22.04/22.04/build/rccl/hipify/src/graph/topo.cc:1550 NCCL WARN Could not find any local path from gpu 2 to net.
[36m(WorkerDict pid=1877023)[0m 
[36m(WorkerDict pid=1877023)[0m [2026-05-25 02:31:05] mi308-ccs-aus-e07-22:1877023:1878222 [0] /longer_pathname_so_that_rpms_can_support_packaging_the_debug_info_for_all_os_profiles/src/out/ubuntu-22.04/22.04/build/rccl/hipify/src/grap
[36m(WorkerDict pid=1877022)[0m Monkey patch _flash_attention_forward in transformers.integrations.flash_attention[32m [repeated 7x across cluster][0m
[36m(WorkerDict pid=1877022)[0m Skipping monkey patch for Qwen3ForCausalLM as use_fused_kernels is False or fused_kernels_backend is torch[32m [repeated 7x across cluster][0m
[36m(WorkerDict pid=1877022)[0m 
[36m(WorkerDict pid=1877022)[0m 
[36m(WorkerDict pid=1877022)[0m 
[36m(WorkerDict pid=1877022)[0m 
[36m(WorkerDict pid=1877022)[0m 
[36m(WorkerDict pid=1877022)[0m 
[36m(WorkerDict pid=1877022)[0m 
[36m(WorkerDict pid=1877022)[0m 
[36m(WorkerDict pid=1877022)[0m 
[36m(WorkerDict pid=1877022)[0m 
[36m(WorkerDict pid=1877022)[0m 
[36m(WorkerDict pid=1877022)[0m 
[36m(WorkerDict pid=1877022)[0m 
[36m(WorkerDict pid=1877022)[0m 
[36m(WorkerDict pid=1877022)[0m 
[36m(WorkerDict pid=1877022)[0m [2026-05-25 02:31:05] mi308-ccs-aus-e07-22:1877022:1878221 [0] /longer_pathname_so_that_rpms_can_support_packaging_the_debug_info_for_all_os_profiles/src/out/ubuntu-22.04/22.04/build/rccl/hipify/src/grap
[36m(WorkerDict pid=1877024)[0m 
[36m(WorkerDict pid=1877024)[0m 
[36m(WorkerDict pid=1877024)[0m 
[36m(WorkerDict pid=1877024)[0m 
[36m(WorkerDict pid=1877024)[0m 
[36m(WorkerDict pid=1877024)[0m 
[36m(WorkerDict pid=1877024)[0m 
[36m(WorkerDict pid=1877024)[0m 
[36m(WorkerDict pid=1877024)[0m 
[36m(WorkerDict pid=1877024)[0m 
[36m(WorkerDict pid=1877024)[0m 
[36m(WorkerDict pid=1877024)[0m 
[36m(WorkerDict pid=1877024)[0m 
[36m(WorkerDict pid=1877024)[0m 
[36m(WorkerDict pid=1877024)[0m 
[36m(WorkerDict pid=1877024)[0m [2026-05-25 02:31:05] mi308-ccs-aus-e07-22:1877024:1878225 [0] /longer_pathname_so_that_rpms_can_support_packaging_the_debug_info_for_all_os_profiles/src/out/ubuntu-22.04/22.04/build/rccl/hipify/src/grap
[36m(WorkerDict pid=1877019)[0m RCCL version : 2.26.6-HEAD:64f48b6
[36m(WorkerDict pid=1877019)[0m HIP version  : 7.0.51831-7c9236b16
[36m(WorkerDict pid=1877019)[0m ROCm version : 7.0.2.0-56-9428210
[36m(WorkerDict pid=1877019)[0m Hostname     : mi308-ccs-aus-e07-22.prov.aus.ccs.cpe.ice.amd.com
[36m(WorkerDict pid=1877019)[0m Librccl path : /opt/rocm/lib/librccl.so.1
[36m(WorkerDict pid=1877019)[0m 
[36m(WorkerDict pid=1877019)[0m 
[36m(WorkerDict pid=1877019)[0m 
[36m(WorkerDict pid=1877019)[0m 
[36m(WorkerDict pid=1877019)[0m 
[36m(WorkerDict pid=1877019)[0m 
[36m(WorkerDict pid=1877019)[0m 
[36m(WorkerDict pid=1877019)[0m 
[36m(WorkerDict pid=1877019)[0m 
[36m(WorkerDict pid=1877019)[0m 
[36m(WorkerDict pid=1877019)[0m 
[36m(WorkerDict pid=1877019)[0m 
[36m(WorkerDict pid=1877019)[0m 
[36m(WorkerDict pid=1877019)[0m 
[36m(WorkerDict pid=1877019)[0m [2026-05-25 02:31:05] mi308-ccs-aus-e07-22:1877019:1878198 [0] /longer_pathname_so_that_rpms_can_support_packaging_the_debug_info_for_all_os_profiles/src/out/ubuntu-22.04/22.04/build/rccl/hipify/src/graph/topo.cc:1550 NCCL WARN Could not find any local path from gpu 2 t
[36m(WorkerDict pid=1877021)[0m 
[36m(WorkerDict pid=1877021)[0m 
[36m(WorkerDict pid=1877021)[0m 
[36m(WorkerDict pid=1877021)[0m 
[36m(WorkerDict pid=1877021)[0m 
[36m(WorkerDict pid=1877021)[0m 
[36m(WorkerDict pid=1877021)[0m 
[36m(WorkerDict pid=1877021)[0m 
[36m(WorkerDict pid=1877021)[0m 
[36m(WorkerDict pid=1877021)[0m 
[36m(WorkerDict pid=1877021)[0m 
[36m(WorkerDict pid=1877021)[0m 
[36m(WorkerDict pid=1877021)[0m 
[36m(WorkerDict pid=1877021)[0m 
[36m(WorkerDict pid=1877021)[0m 
[36m(WorkerDict pid=1877021)[0m [2026-05-25 02:31:05] mi308-ccs-aus-e07-22:1877021:1878226 [0] /longer_pathname_so_that_rpms_can_support_packaging_the_debug_info_for_all_os_profiles/src/out/ubuntu-22.04/22.04/build/rccl/hipify/src/grap
[36m(WorkerDict pid=1877025)[0m 
[36m(WorkerDict pid=1877025)[0m 
[36m(WorkerDict pid=1877025)[0m 
[36m(WorkerDict pid=1877025)[0m 
[36m(WorkerDict pid=1877025)[0m 
[36m(WorkerDict pid=1877025)[0m 
[36m(WorkerDict pid=1877025)[0m 
[36m(WorkerDict pid=1877025)[0m 
[36m(WorkerDict pid=1877025)[0m 
[36m(WorkerDict pid=1877025)[0m 
[36m(WorkerDict pid=1877025)[0m 
[36m(WorkerDict pid=1877025)[0m 
[36m(WorkerDict pid=1877025)[0m 
[36m(WorkerDict pid=1877025)[0m 
[36m(WorkerDict pid=1877025)[0m 
[36m(WorkerDict pid=1877025)[0m [2026-05-25 02:31:05] mi308-ccs-aus-e07-22:1877025:1878224 [0] /longer_pathname_so_that_rpms_can_support_packaging_the_debug_info_for_all_os_profiles/src/out/ubuntu-22.04/22.04/build/rccl/hipify/src/grap
[36m(WorkerDict pid=1877026)[0m 
[36m(WorkerDict pid=1877026)[0m 
[36m(WorkerDict pid=1877026)[0m 
[36m(WorkerDict pid=1877026)[0m 
[36m(WorkerDict pid=1877026)[0m 
[36m(WorkerDict pid=1877026)[0m 
[36m(WorkerDict pid=1877026)[0m 
[36m(WorkerDict pid=1877026)[0m 
[36m(WorkerDict pid=1877026)[0m 
[36m(WorkerDict pid=1877026)[0m 
[36m(WorkerDict pid=1877026)[0m 
[36m(WorkerDict pid=1877026)[0m 
[36m(WorkerDict pid=1877026)[0m 
[36m(WorkerDict pid=1877026)[0m 
[36m(WorkerDict pid=1877026)[0m 
[36m(WorkerDict pid=1877026)[0m [2026-05-25 02:31:05] mi308-ccs-aus-e07-22:1877026:1878223 [0] /longer_pathname_so_that_rpms_can_support_packaging_the_debug_info_for_all_os_profiles/src/out/ubuntu-22.04/22.04/build/rccl/hipify/src/grap
[36m(WorkerDict pid=1877020)[0m 
[36m(WorkerDict pid=1877020)[0m 
[36m(WorkerDict pid=1877020)[0m 
[36m(WorkerDict pid=1877020)[0m 
[36m(WorkerDict pid=1877020)[0m 
[36m(WorkerDict pid=1877020)[0m 
[36m(WorkerDict pid=1877020)[0m 
[36m(WorkerDict pid=1877020)[0m 
[36m(WorkerDict pid=1877020)[0m 
[36m(WorkerDict pid=1877020)[0m 
[36m(WorkerDict pid=1877020)[0m 
[36m(WorkerDict pid=1877020)[0m 
[36m(WorkerDict pid=1877020)[0m 
[36m(WorkerDict pid=1877020)[0m 
[36m(WorkerDict pid=1877020)[0m 
[36m(WorkerDict pid=1877020)[0m [2026-05-25 02:31:05] mi308-ccs-aus-e07-22:1877020:1878227 [0] /longer_pathname_so_that_rpms_can_support_packaging_the_debug_info_for_all_os_profiles/src/out/ubuntu-22.04/22.04/build/rccl/hipify/src/grap
[36m(WorkerDict pid=1877023)[0m Warning: pynvml not available, skipping NUMA affinity setup
[36m(WorkerDict pid=1877020)[0m [2026-05-25 02:31:05] mi308-ccs-aus-e07-22:1877020:1878227 [0] /longer_pathname_so_that_rpms_can_support_packaging_the_debug_info_for_all_os_profiles/src/out/ubuntu-22.04/22.04/build/rccl/hipify/src/graph/topo.cc:1550 NCCL WARN Could not find any local path from gpu 2 to net.[32m [repeated 97x across cluster][0m[36m(WorkerDict pid=1877023)[0m /usr/local/lib/python3.12/dist-packages/torch/distributed/fsdp/fully_sharded_data_parallel.py:675: FutureWarning: FSDP.state_dict_type() and FSDP.set_state_dict_type() are being deprecated. Please use APIs, get_state_dict() and set_state_dict(), which can support different parallelisms, FSDP1, FSDP2, DDP. API doc: https://pytorch.org/docs/stable/distributed.checkpoint.html#torch.distributed.checkpoint.state_dict.get_state_dict .Tutorial: https://pytorch.org/tutorials/recipes/distributed_checkpoint_recipe.html .
[36m(WorkerDict pid=1877023)[0m   warnings.warn(
[36m(WorkerDict pid=1877019)[0m libibverbs: Warning: Driver bnxt_re does not support the kernel ABI of 8 (supports 1 to 1) for device /sys/class/infiniband/bnxt_re_benic4b[32m [repeated 112x across cluster][0m
[36m(WorkerDict pid=1877023)[0m Loading weights:   0%|          | 0/399 [00:00<?, ?it/s]
[36m(WorkerDict pid=1877020)[0m Loading weights:   0%|          | 1/399 [00:02<18:22,  2.77s/it]
[36m(WorkerDict pid=1877019)[0m /usr/local/lib/python3.12/dist-packages/torch/distributed/fsdp/fully_sharded_data_parallel.py:675: FutureWarning: FSDP.state_dict_type() and FSDP.set_state_dict_type() are being deprecated. Please use APIs, get_state_dict() and set_state_dict(), which can support different parallelisms, FSDP1, FSDP2, DDP. API doc: https://pytorch.org/docs/stable/distributed.checkpoint.html#torch.distributed.checkpoint.state_dict.get_state_dict .Tutorial: https://pytorch.org/tutorials/recipes/distributed_checkpoint_recipe.html .[32m [repeated 7x across cluster][0m
[36m(WorkerDict pid=1877019)[0m   warnings.warn([32m [repeated 7x across cluster][0m
[36m(WorkerDict pid=1877026)[0m Loading weights:   0%|          | 0/399 [00:00<?, ?it/s][32m [repeated 7x across cluster][0m
[36m(WorkerDict pid=1877025)[0m Loading weights:  53%|█████▎    | 213/399 [00:07<00:06, 29.96it/s][32m [repeated 157x across cluster][0m
[36m(WorkerDict pid=1877019)[0m Loading weights:  92%|█████████▏| 367/399 [00:11<00:01, 31.98it/s]
[36m(WorkerDict pid=1877019)[0m Loading weights:  99%|█████████▉| 395/399 [00:12<00:00, 43.15it/s]Loading weights: 100%|██████████| 399/399 [00:12<00:00, 33.13it/s]
[36m(WorkerDict pid=1877020)[0m Loading weights:  76%|███████▌  | 304/399 [00:12<00:04, 21.35it/s][32m [repeated 215x across cluster][0m
[36m(WorkerDict pid=1877022)[0m /usr/local/lib/python3.12/dist-packages/torch/distributed/fsdp/fully_sharded_data_parallel.py:675: FutureWarning: FSDP.state_dict_type() and FSDP.set_state_dict_type() are being deprecated. Please use APIs, get_state_dict() and set_state_dict(), which can support different parallelisms, FSDP1, FSDP2, DDP. API doc: https://pytorch.org/docs/stable/distributed.checkpoint.html#torch.distributed.checkpoint.state_dict.get_state_dict .Tutorial: https://pytorch.org/tutorials/recipes/distributed_checkpoint_recipe.html .
[36m(WorkerDict pid=1877022)[0m   warnings.warn(
[36m(WorkerDict pid=1877020)[0m Loading weights: 100%|██████████| 399/399 [00:14<00:00, 27.51it/s][32m [repeated 31x across cluster][0m
[36m(WorkerDict pid=1877025)[0m Loading weights:  99%|█████████▉| 396/399 [00:13<00:00, 36.77it/s]Loading weights: 100%|██████████| 399/399 [00:13<00:00, 29.04it/s][32m [repeated 3x across cluster][0m
[36m(WorkerDict pid=1877020)[0m Loading weights:  89%|████████▉ | 356/399 [00:13<00:00, 43.68it/s][32m [repeated 7x across cluster][0m

[36m(WorkerDict pid=1877019)[0m After FSDP, memory allocated (GB): 0.00, memory reserved (GB): 9.86, device memory used/total (GB): 186.55/191.98
[36m(WorkerDict pid=1877024)[0m Monkey patch _flash_attention_forward in transformers.integrations.flash_attention
[36m(WorkerDict pid=1877024)[0m Skipping monkey patch for Qwen3ForCausalLM as use_fused_kernels is False or fused_kernels_backend is torch
[36m(WorkerDict pid=1877019)[0m Warning: pynvml not available, skipping NUMA affinity setup[32m [repeated 7x across cluster][0m
[36m(WorkerDict pid=1877019)[0m Qwen3ForCausalLM contains 8.19B parameters
[36m(WorkerDict pid=1877019)[0m Before FSDP, memory allocated (GB): 0.00, memory reserved (GB): 9.86, device memory used/total (GB): 186.55/191.98
[36m(WorkerDict pid=1877019)[0m After FSDP, memory allocated (GB): 3.81, memory reserved (GB): 14.50, device memory used/total (GB): 191.19/191.98
[36m(WorkerDict pid=1877019)[0m Total steps: 210, num_warmup_steps: 0
[36m(WorkerDict pid=1877020)[0m Monkey patch _flash_attention_forward in transformers.integrations.flash_attention[32m [repeated 7x across cluster][0m
[36m(WorkerDict pid=1877020)[0m Skipping monkey patch for Qwen3ForCausalLM as use_fused_kernels is False or fused_kernels_backend is torch[32m [repeated 7x across cluster][0m
[36m(WorkerDict pid=1877022)[0m h/topo.cc:1550 NCCL WARN Could not find any local path from gpu 1 to net.
[36m(WorkerDict pid=1877022)[0m 
[36m(WorkerDict pid=1877022)[0m [2026-05-25 02:31:05] mi308-ccs-aus-e07-22:1877022:1878221 [0] /longer_pathname_so_that_rpms_can_support_packaging_the_debug_info_for_all_os_profiles/src/out/ubuntu-22.04/22.04/build/rccl/hipify/src/graph/topo.cc:1550 NCCL WARN Could not find any local path from gpu 1 to net.
[36m(WorkerDict pid=1877022)[0m 
[36m(WorkerDict pid=1877022)[0m [2026-05-25 02:31:05] mi308-ccs-aus-e07-22:1877022:1878221 [0] /longer_pathname_so_that_rpms_can_support_packaging_the_debug_info_for_all_os_profiles/src/out/ubuntu-22.04/22.04/build/rccl/hipify/src/graph/topo.cc:1550 NCCL WARN Could not find any local path from gpu 2 to net.
[36m(WorkerDict pid=1877022)[0m 
[36m(WorkerDict pid=1877022)[0m [2026-05-25 02:31:05] mi308-ccs-aus-e07-22:1877022:1878221 [0] /longer_pathname_so_that_rpms_can_support_packaging_the_debug_info_for_all_os_profiles/src/out/ubuntu-22.04/22.04/build/rccl/hipify/src/graph/topo.cc:1550 NCCL WARN Could not find any local path from gpu 2 to net.
[36m(WorkerDict pid=1877022)[0m 
[36m(WorkerDict pid=1877022)[0m [2026-05-25 02:31:05] mi308-ccs-aus-e07-22:1877022:1878221 [0] /longer_pathname_so_that_rpms_can_support_packaging_the_debug_info_for_all_os_profiles/src/out/ubuntu-22.04/22.04/build/rccl/hipify/src/graph/topo.cc:1550 NCCL WARN Could not find any local path from gpu 3 to net.
[36m(WorkerDict pid=1877022)[0m 
[36m(WorkerDict pid=1877022)[0m [2026-05-25 02:31:05] mi308-ccs-aus-e07-22:1877022:1878221 [0] /longer_pathname_so_that_rpms_can_support_packaging_the_debug_info_for_all_os_profiles/src/out/ubuntu-22.04/22.04/build/rccl/hipify/src/graph/topo.cc:1550 NCCL WARN Could not find any local path from gpu 3 to net.
[36m(WorkerDict pid=1877022)[0m 
[36m(WorkerDict pid=1877022)[0m [2026-05-25 02:31:05] mi308-ccs-aus-e07-22:1877022:1878221 [0] /longer_pathname_so_that_rpms_can_support_packaging_the_debug_info_for_all_os_profiles/src/out/ubuntu-22.04/22.04/build/rccl/hipify/src/graph/topo.cc:1550 NCCL WARN Could not find any local path from gpu 4 to net.
[36m(WorkerDict pid=1877022)[0m 
[36m(WorkerDict pid=1877022)[0m [2026-05-25 02:31:05] mi308-ccs-aus-e07-22:1877022:1878221 [0] /longer_pathname_so_that_rpms_can_support_packaging_the_debug_info_for_all_os_profiles/src/out/ubuntu-22.04/22.04/build/rccl/hipify/src/graph/topo.cc:1550 NCCL WARN Could not find any local path from gpu 6 to net.
[36m(WorkerDict pid=1877022)[0m 
[36m(WorkerDict pid=1877022)[0m [2026-05-25 02:31:05] mi308-ccs-aus-e07-22:1877022:1878221 [0] /longer_pathname_so_that_rpms_can_support_packaging_the_debug_info_for_all_os_profiles/src/out/ubuntu-22.04/22.04/build/rccl/hipify/src/graph/topo.cc:1550 NCCL WARN Could not find any local path from gpu 7 to net.
[36m(WorkerDict pid=1877022)[0m 
[36m(WorkerDict pid=1877022)[0m [2026-05-25 02:31:05] mi308-ccs-aus-e07-22:1877022:1878221 [0] /longer_pathname_so_that_rpms_can_support_packaging_the_debug_info_for_all_os_profiles/src/out/ubuntu-22.04/22.04/build/rccl/hipify/src/graph/topo.cc:1550 NCCL WARN Could not find any local path from gpu 5 to net.
[36m(WorkerDict pid=1877022)[0m 
[36m(WorkerDict pid=1877022)[0m [2026-05-25 02:31:05] mi308-ccs-aus-e07-22:1877022:1878221 [0] /longer_pathname_so_that_rpms_can_support_packaging_the_debug_info_for_all_os_profiles/src/out/ubuntu-22.04/22.04/build/rccl/hipify/src/graph/topo.cc:1550 NCCL WARN Could not find any local path from gpu 3 to net.
[36m(WorkerDict pid=1877022)[0m 
[36m(WorkerDict pid=1877022)[0m [2026-05-25 02:31:05] mi308-ccs-aus-e07-22:1877022:1878221 [0] /longer_pathname_so_that_rpms_can_support_packaging_the_debug_info_for_all_os_profiles/src/out/ubuntu-22.04/22.04/build/rccl/hipify/src/graph/topo.cc:1550 NCCL WARN Could not find any local path from gpu 4 to net.
[36m(WorkerDict pid=1877022)[0m 
[36m(WorkerDict pid=1877022)[0m [2026-05-25 02:31:05] mi308-ccs-aus-e07-22:1877022:1878221 [0] /longer_pathname_so_that_rpms_can_support_packaging_the_debug_info_for_all_os_profiles/src/out/ubuntu-22.04/22.04/build/rccl/hipify/src/graph/topo.cc:1550 NCCL WARN Could not find any local path from gpu 7 to net.
[36m(WorkerDict pid=1877022)[0m 
[36m(WorkerDict pid=1877022)[0m [2026-05-25 02:31:05] mi308-ccs-aus-e07-22:1877022:1878221 [0] /longer_pathname_so_that_rpms_can_support_packaging_the_debug_info_for_all_os_profiles/src/out/ubuntu-22.04/22.04/build/rccl/hipify/src/graph/topo.cc:1550 NCCL WARN Could not find any local path from gpu 2 to net.
[36m(WorkerDict pid=1877022)[0m [Gloo] Rank 1 is connected to 3 peer ranks. Expected number of connected peer ranks is : 3
[36m(WorkerDict pid=1877026)[0m 
[36m(WorkerDict pid=1877026)[0m 
[36m(WorkerDict pid=1877026)[0m 
[36m(WorkerDict pid=1877026)[0m 
[36m(WorkerDict pid=1877026)[0m 
[36m(WorkerDict pid=1877026)[0m 
[36m(WorkerDict pid=1877026)[0m 
[36m(WorkerDict pid=1877026)[0m 
[36m(WorkerDict pid=1877026)[0m 
[36m(WorkerDict pid=1877026)[0m 
[36m(WorkerDict pid=1877026)[0m 
[36m(WorkerDict pid=1877026)[0m 
[36m(WorkerDict pid=1877026)[0m 
[36m(WorkerDict pid=1877024)[0m 
[36m(WorkerDict pid=1877024)[0m 
[36m(WorkerDict pid=1877024)[0m 
[36m(WorkerDict pid=1877024)[0m 
[36m(WorkerDict pid=1877024)[0m 
[36m(WorkerDict pid=1877024)[0m 
[36m(WorkerDict pid=1877024)[0m 
[36m(WorkerDict pid=1877024)[0m 
[36m(WorkerDict pid=1877024)[0m 
[36m(WorkerDict pid=1877024)[0m 
[36m(WorkerDict pid=1877024)[0m 
[36m(WorkerDict pid=1877024)[0m 
[36m(WorkerDict pid=1877024)[0m 
[36m(WorkerDict pid=1877020)[0m 
[36m(WorkerDict pid=1877020)[0m 
[36m(WorkerDict pid=1877020)[0m 
[36m(WorkerDict pid=1877020)[0m 
[36m(WorkerDict pid=1877020)[0m 
[36m(WorkerDict pid=1877020)[0m 
[36m(WorkerDict pid=1877020)[0m 
[36m(WorkerDict pid=1877020)[0m 
[36m(WorkerDict pid=1877020)[0m 
[36m(WorkerDict pid=1877020)[0m 
[36m(WorkerDict pid=1877020)[0m 
[36m(WorkerDict pid=1877020)[0m 
[36m(WorkerDict pid=1877020)[0m 
[36m(WorkerDict pid=1877019)[0m o net.
[36m(WorkerDict pid=1877019)[0m 
[36m(WorkerDict pid=1877019)[0m 
[36m(WorkerDict pid=1877019)[0m 
[36m(WorkerDict pid=1877019)[0m 
[36m(WorkerDict pid=1877019)[0m 
[36m(WorkerDict pid=1877019)[0m 
[36m(WorkerDict pid=1877019)[0m 
[36m(WorkerDict pid=1877019)[0m 
[36m(WorkerDict pid=1877019)[0m 
[36m(WorkerDict pid=1877019)[0m 
[36m(WorkerDict pid=1877019)[0m 
[36m(WorkerDict pid=1877019)[0m 
[36m(WorkerDict pid=1877019)[0m 
[36m(WorkerDict pid=1877019)[0m 
[36m(WorkerDict pid=1877023)[0m 
[36m(WorkerDict pid=1877023)[0m 
[36m(WorkerDict pid=1877023)[0m 
[36m(WorkerDict pid=1877023)[0m 
[36m(WorkerDict pid=1877023)[0m 
[36m(WorkerDict pid=1877023)[0m 
[36m(WorkerDict pid=1877023)[0m 
[36m(WorkerDict pid=1877025)[0m [transformers] `Qwen2VLImageProcessorFast` is deprecated. The `Fast` suffix for image processors has been removed; use `Qwen2VLImageProcessor` instead.
[36m(WorkerDict pid=1877024)[0m /usr/local/lib/python3.12/dist-packages/torch/distributed/fsdp/fully_sharded_data_parallel.py:675: FutureWarning: FSDP.state_dict_type() and FSDP.set_state_dict_type() are being deprecated. Please use APIs, get_state_dict() and set_state_dict(), which can support different parallelisms, FSDP1, FSDP2, DDP. API doc: https://pytorch.org/docs/stable/distributed.checkpoint.html#torch.distributed.checkpoint.state_dict.get_state_dict .Tutorial: https://pytorch.org/tutorials/recipes/distributed_checkpoint_recipe.html .[32m [repeated 7x across cluster][0m
[36m(WorkerDict pid=1877024)[0m   warnings.warn([32m [repeated 7x across cluster][0m
[36m(RewardLoopWorker pid=1879124)[0m Warning: You are sending unauthenticated requests to the HF Hub. Please set a HF_TOKEN to enable higher rate limits and faster downloads.
[36m(RewardLoopWorker pid=1879124)[0m WARNING:2026-05-25 02:31:59,051:Warning: You are sending unauthenticated requests to the HF Hub. Please set a HF_TOKEN to enable higher rate limits and faster downloads.
[36m(TaskRunner pid=1876115)[0m [transformers] `Qwen2VLImageProcessorFast` is deprecated. The `Fast` suffix for image processors has been removed; use `Qwen2VLImageProcessor` instead.[32m [repeated 8x across cluster][0m
[36m(RewardLoopWorker pid=1879117)[0m Warning: You are sending unauthenticated requests to the HF Hub. Please set a HF_TOKEN to enable higher rate limits and faster downloads.[32m [repeated 5x across cluster][0m
[36m(RewardLoopWorker pid=1879117)[0m WARNING:2026-05-25 02:31:59,224:Warning: You are sending unauthenticated requests to the HF Hub. Please set a HF_TOKEN to enable higher rate limits and faster downloads.[32m [repeated 5x across cluster][0m
[36m(pid=1879597)[0m [transformers] `Qwen2VLImageProcessorFast` is deprecated. The `Fast` suffix for image processors has been removed; use `Qwen2VLImageProcessor` instead.
[36m(pid=1879599)[0m [transformers] `Qwen2VLImageProcessorFast` is deprecated. The `Fast` suffix for image processors has been removed; use `Qwen2VLImageProcessor` instead.
[36m(vLLMHttpServer pid=1879598)[0m Warning: You are sending unauthenticated requests to the HF Hub. Please set a HF_TOKEN to enable higher rate limits and faster downloads.[32m [repeated 4x across cluster][0m
[36m(vLLMHttpServer pid=1879598)[0m [transformers] `Qwen2VLImageProcessorFast` is deprecated. The `Fast` suffix for image processors has been removed; use `Qwen2VLImageProcessor` instead.[32m [repeated 3x across cluster][0m
[36m(vLLMHttpServer pid=1879599)[0m libibverbs: Warning: Driver bnxt_re does not support the kernel ABI of 8 (supports 1 to 1) for device /sys/class/infiniband/bnxt_re_benic5b
[36m(vLLMHttpServer pid=1879599)[0m libibverbs: Warning: Driver bnxt_re does not support the kernel ABI of 8 (supports 1 to 1) for device /sys/class/infiniband/bnxt_re_benic5b
[36m(vLLMHttpServer pid=1879599)[0m libibverbs: Warning: Driver bnxt_re does not support the kernel ABI of 8 (supports 1 to 1) for device /sys/class/infiniband/bnxt_re_benic1b
[36m(vLLMHttpServer pid=1879599)[0m libibverbs: Warning: Driver bnxt_re does not support the kernel ABI of 8 (supports 1 to 1) for device /sys/class/infiniband/bnxt_re_benic1b
[36m(vLLMHttpServer pid=1879599)[0m libibverbs: Warning: Driver bnxt_re does not support the kernel ABI of 8 (supports 1 to 1) for device /sys/class/infiniband/bnxt_re_benic6b
[36m(vLLMHttpServer pid=1879599)[0m libibverbs: Warning: Driver bnxt_re does not support the kernel ABI of 8 (supports 1 to 1) for device /sys/class/infiniband/bnxt_re_benic6b
[36m(vLLMHttpServer pid=1879599)[0m libibverbs: Warning: Driver bnxt_re does not support the kernel ABI of 8 (supports 1 to 1) for device /sys/class/infiniband/bnxt_re_benic3b
[36m(vLLMHttpServer pid=1879599)[0m libibverbs: Warning: Driver bnxt_re does not support the kernel ABI of 8 (supports 1 to 1) for device /sys/class/infiniband/bnxt_re_benic3b
[36m(vLLMHttpServer pid=1879599)[0m libibverbs: Warning: Driver bnxt_re does not support the kernel ABI of 8 (supports 1 to 1) for device /sys/class/infiniband/bnxt_re_benic8b
[36m(vLLMHttpServer pid=1879599)[0m libibverbs: Warning: Driver bnxt_re does not support the kernel ABI of 8 (supports 1 to 1) for device /sys/class/infiniband/bnxt_re_benic8b
[36m(vLLMHttpServer pid=1879599)[0m libibverbs: Warning: Driver bnxt_re does not support the kernel ABI of 8 (supports 1 to 1) for device /sys/class/infiniband/bnxt_re_benic2b
[36m(vLLMHttpServer pid=1879599)[0m libibverbs: Warning: Driver bnxt_re does not support the kernel ABI of 8 (supports 1 to 1) for device /sys/class/infiniband/bnxt_re_benic2b
[36m(vLLMHttpServer pid=1879599)[0m libibverbs: Warning: Driver bnxt_re does not support the kernel ABI of 8 (supports 1 to 1) for device /sys/class/infiniband/bnxt_re_benic7b
[36m(vLLMHttpServer pid=1879599)[0m libibverbs: Warning: Driver bnxt_re does not support the kernel ABI of 8 (supports 1 to 1) for device /sys/class/infiniband/bnxt_re_benic7b
[36m(vLLMHttpServer pid=1879599)[0m libibverbs: Warning: Driver bnxt_re does not support the kernel ABI of 8 (supports 1 to 1) for device /sys/class/infiniband/bnxt_re_benic4b
[36m(vLLMHttpServer pid=1879599)[0m libibverbs: Warning: Driver bnxt_re does not support the kernel ABI of 8 (supports 1 to 1) for device /sys/class/infiniband/bnxt_re_benic4b
[36m(vLLMHttpServer pid=1879599)[0m libibverbs: Warning: Driver bnxt_re does not support the kernel ABI of 8 (supports 1 to 1) for device /sys/class/infiniband/bnxt_re_benic5b
[36m(vLLMHttpServer pid=1879599)[0m libibverbs: Warning: Driver bnxt_re does not support the kernel ABI of 8 (supports 1 to 1) for device /sys/class/infiniband/bnxt_re_benic5b
[36m(vLLMHttpServer pid=1879599)[0m libibverbs: Warning: Driver bnxt_re does not support the kernel ABI of 8 (supports 1 to 1) for device /sys/class/infiniband/bnxt_re_benic1b
[36m(vLLMHttpServer pid=1879599)[0m libibverbs: Warning: Driver bnxt_re does not support the kernel ABI of 8 (supports 1 to 1) for device /sys/class/infiniband/bnxt_re_benic1b
[36m(vLLMHttpServer pid=1879599)[0m libibverbs: Warning: Driver bnxt_re does not support the kernel ABI of 8 (supports 1 to 1) for device /sys/class/infiniband/bnxt_re_benic6b
[36m(vLLMHttpServer pid=1879599)[0m libibverbs: Warning: Driver bnxt_re does not support the kernel ABI of 8 (supports 1 to 1) for device /sys/class/infiniband/bnxt_re_benic6b
[36m(vLLMHttpServer pid=1879599)[0m libibverbs: Warning: Driver bnxt_re does not support the kernel ABI of 8 (supports 1 to 1) for device /sys/class/infiniband/bnxt_re_benic3b
[36m(vLLMHttpServer pid=1879599)[0m libibverbs: Warning: Driver bnxt_re does not support the kernel ABI of 8 (supports 1 to 1) for device /sys/class/infiniband/bnxt_re_benic3b
[36m(vLLMHttpServer pid=1879599)[0m libibverbs: Warning: Driver bnxt_re does not support the kernel ABI of 8 (supports 1 to 1) for device /sys/class/infiniband/bnxt_re_benic8b
[36m(vLLMHttpServer pid=1879599)[0m libibverbs: Warning: Driver bnxt_re does not support the kernel ABI of 8 (supports 1 to 1) for device /sys/class/infiniband/bnxt_re_benic8b
[36m(vLLMHttpServer pid=1879599)[0m libibverbs: Warning: Driver bnxt_re does not support the kernel ABI of 8 (supports 1 to 1) for device /sys/class/infiniband/bnxt_re_benic2b
[36m(vLLMHttpServer pid=1879599)[0m libibverbs: Warning: Driver bnxt_re does not support the kernel ABI of 8 (supports 1 to 1) for device /sys/class/infiniband/bnxt_re_benic2b
[36m(vLLMHttpServer pid=1879599)[0m libibverbs: Warning: Driver bnxt_re does not support the kernel ABI of 8 (supports 1 to 1) for device /sys/class/infiniband/bnxt_re_benic7b
[36m(vLLMHttpServer pid=1879599)[0m libibverbs: Warning: Driver bnxt_re does not support the kernel ABI of 8 (supports 1 to 1) for device /sys/class/infiniband/bnxt_re_benic7b
[36m(vLLMHttpServer pid=1879599)[0m libibverbs: Warning: Driver bnxt_re does not support the kernel ABI of 8 (supports 1 to 1) for device /sys/class/infiniband/bnxt_re_benic4b
[36m(vLLMHttpServer pid=1879599)[0m libibverbs: Warning: Driver bnxt_re does not support the kernel ABI of 8 (supports 1 to 1) for device /sys/class/infiniband/bnxt_re_benic4b
[36m(vLLMHttpServer pid=1879599)[0m (Worker_TP0 pid=1880297) Capturing CUDA graphs (mixed prefill-decode, PIECEWISE):   0%|          | 0/51 [00:00<?, ?it/s]
[36m(vLLMHttpServer pid=1879597)[0m [transformers] `Qwen2VLImageProcessorFast` is deprecated. The `Fast` suffix for image processors has been removed; use `Qwen2VLImageProcessor` instead.[32m [repeated 7x across cluster][0m
[36m(vLLMHttpServer pid=1879598)[0m libibverbs: Warning: Driver bnxt_re does not support the kernel ABI of 8 (supports 1 to 1) for device /sys/class/infiniband/bnxt_re_benic4b[32m [repeated 96x across cluster][0m
[36m(vLLMHttpServer pid=1879599)[0m Capturing CUDA graphs (mixed prefill-decode, PIECEWISE):   4%|▍         | 2/51 [00:00<00:03, 13.40it/s]
[36m(vLLMHttpServer pid=1879599)[0m Capturing CUDA graphs (mixed prefill-decode, PIECEWISE):   8%|▊         | 4/51 [00:00<00:03, 14.41it/s]
[36m(vLLMHttpServer pid=1879599)[0m Capturing CUDA graphs (mixed prefill-decode, PIECEWISE):  12%|█▏        | 6/51 [00:00<00:03, 14.80it/s]
[36m(vLLMHttpServer pid=1879599)[0m Capturing CUDA graphs (mixed prefill-decode, PIECEWISE):  16%|█▌        | 8/51 [00:00<00:02, 14.89it/s]
[36m(vLLMHttpServer pid=1879599)[0m Capturing CUDA graphs (mixed prefill-decode, PIECEWISE):  20%|█▉        | 10/51 [00:00<00:02, 15.07it/s]
[36m(vLLMHttpServer pid=1879599)[0m Capturing CUDA graphs (mixed prefill-decode, PIECEWISE):  24%|██▎       | 12/51 [00:00<00:02, 15.10it/s]
[36m(vLLMHttpServer pid=1879599)[0m Capturing CUDA graphs (mixed prefill-decode, PIECEWISE):  27%|██▋       | 14/51 [00:00<00:02, 15.18it/s]
[36m(vLLMHttpServer pid=1879599)[0m Capturing CUDA graphs (mixed prefill-decode, PIECEWISE):  31%|███▏      | 16/51 [00:01<00:02, 15.16it/s]
[36m(vLLMHttpServer pid=1879599)[0m Capturing CUDA graphs (mixed prefill-decode, PIECEWISE):  35%|███▌      | 18/51 [00:01<00:02, 15.15it/s]
[36m(vLLMHttpServer pid=1879599)[0m Capturing CUDA graphs (mixed prefill-decode, PIECEWISE):  94%|█████████▍| 48/51 [00:03<00:00, 15.15it/s]
[36m(vLLMHttpServer pid=1879599)[0m Capturing CUDA graphs (mixed prefill-decode, PIECEWISE):  98%|█████████▊| 50/51 [00:03<00:00, 15.34it/s]
[36m(vLLMHttpServer pid=1879599)[0m Capturing CUDA graphs (mixed prefill-decode, PIECEWISE): 100%|██████████| 51/51 [00:03<00:00, 14.97it/s]
[36m(vLLMHttpServer pid=1879599)[0m (Worker_TP0 pid=1880297) Capturing CUDA graphs (decode, FULL):   0%|          | 0/51 [00:00<?, ?it/s]
[36m(vLLMHttpServer pid=1879599)[0m Capturing CUDA graphs (decode, FULL):   2%|▏         | 1/51 [00:00<00:31,  1.57it/s]
[36m(vLLMHttpServer pid=1879599)[0m Capturing CUDA graphs (decode, FULL):   6%|▌         | 3/51 [00:00<00:10,  4.75it/s]
[36m(vLLMHttpServer pid=1879599)[0m Capturing CUDA graphs (decode, FULL):  10%|▉         | 5/51 [00:00<00:06,  7.50it/s]
[36m(vLLMHttpServer pid=1879599)[0m Capturing CUDA graphs (decode, FULL):  14%|█▎        | 7/51 [00:01<00:04,  9.71it/s]
[36m(vLLMHttpServer pid=1879599)[0m Capturing CUDA graphs (decode, FULL):  18%|█▊        | 9/51 [00:01<00:03, 11.49it/s]
[36m(vLLMHttpServer pid=1879599)[0m Capturing CUDA graphs (decode, FULL):  22%|██▏       | 11/51 [00:01<00:03, 12.85it/s]
[36m(vLLMHttpServer pid=1879599)[0m Capturing CUDA graphs (decode, FULL):  25%|██▌       | 13/51 [00:01<00:02, 13.83it/s]
[36m(vLLMHttpServer pid=1879599)[0m Capturing CUDA graphs (decode, FULL):  29%|██▉       | 15/51 [00:01<00:02, 14.52it/s]
[36m(vLLMHttpServer pid=1879598)[0m (Worker_TP0 pid=1880311) Capturing CUDA graphs (mixed prefill-decode, PIECEWISE):   0%|          | 0/51 [00:00<?, ?it/s][32m [repeated 3x across cluster][0m
[36m(vLLMHttpServer pid=1879599)[0m Capturing CUDA graphs (decode, FULL):  33%|███▎      | 17/51 [00:01<00:02, 15.03it/s]
[36m(vLLMHttpServer pid=1879599)[0m Capturing CUDA graphs (decode, FULL):  37%|███▋      | 19/51 [00:01<00:02, 15.39it/s]
[36m(vLLMHttpServer pid=1879598)[0m Capturing CUDA graphs (mixed prefill-decode, PIECEWISE):  75%|███████▍  | 38/51 [00:02<00:00, 14.86it/s][32m [repeated 79x across cluster][0m
[36m(vLLMHttpServer pid=1879599)[0m Capturing CUDA graphs (decode, FULL):  92%|█████████▏| 47/51 [00:03<00:00, 16.59it/s]
[36m(vLLMHttpServer pid=1879599)[0m Capturing CUDA graphs (decode, FULL):  96%|█████████▌| 49/51 [00:03<00:00, 17.33it/s]
[36m(vLLMHttpServer pid=1879599)[0m Capturing CUDA graphs (decode, FULL): 100%|██████████| 51/51 [00:03<00:00, 14.04it/s]
[36m(vLLMHttpServer pid=1879599)[0m (EngineCore pid=1880224) Warning: You are sending unauthenticated requests to the HF Hub. Please set a HF_TOKEN to enable higher rate limits and faster downloads.
[36m(vLLMHttpServer pid=1879600)[0m Capturing CUDA graphs (decode, FULL):  96%|█████████▌| 49/51 [00:03<00:00, 16.90it/s]Capturing CUDA graphs (decode, FULL): 100%|██████████| 51/51 [00:03<00:00, 13.78it/s]
[36m(vLLMHttpServer pid=1879598)[0m Capturing CUDA graphs (mixed prefill-decode, PIECEWISE): 100%|██████████| 51/51 [00:03<00:00, 14.76it/s][32m [repeated 9x across cluster][0m
[36m(vLLMHttpServer pid=1879598)[0m (Worker_TP0 pid=1880311) Capturing CUDA graphs (decode, FULL):   0%|          | 0/51 [00:00<?, ?it/s][32m [repeated 3x across cluster][0m
[36m(vLLMHttpServer pid=1879598)[0m Capturing CUDA graphs (decode, FULL):  76%|███████▋  | 39/51 [00:03<00:00, 15.95it/s][32m [repeated 79x across cluster][0m
[36m(vLLMHttpServer pid=1879598)[0m Capturing CUDA graphs (mixed prefill-decode, PIECEWISE):  90%|█████████ | 46/51 [00:03<00:00, 15.06it/s][32m [repeated 4x across cluster][0m
[36m(AgentLoopWorker pid=1882113)[0m Warning: You are sending unauthenticated requests to the HF Hub. Please set a HF_TOKEN to enable higher rate limits and faster downloads.
[36m(AgentLoopWorker pid=1882113)[0m WARNING:2026-05-25 02:33:11,691:Warning: You are sending unauthenticated requests to the HF Hub. Please set a HF_TOKEN to enable higher rate limits and faster downloads.
[36m(vLLMHttpServer pid=1879598)[0m Capturing CUDA graphs (decode, FULL): 100%|██████████| 51/51 [00:03<00:00, 13.81it/s][32m [repeated 5x across cluster][0m
[36m(vLLMHttpServer pid=1879598)[0m (EngineCore pid=1880238) Warning: You are sending unauthenticated requests to the HF Hub. Please set a HF_TOKEN to enable higher rate limits and faster downloads.[32m [repeated 3x across cluster][0m
[36m(vLLMHttpServer pid=1879597)[0m Capturing CUDA graphs (decode, FULL):  96%|█████████▌| 49/51 [00:03<00:00, 16.99it/s]Capturing CUDA graphs (decode, FULL): 100%|██████████| 51/51 [00:03<00:00, 13.86it/s]
[36m(vLLMHttpServer pid=1879598)[0m Capturing CUDA graphs (decode, FULL):  88%|████████▊ | 45/51 [00:03<00:00, 16.11it/s][32m [repeated 3x across cluster][0m
[36m(GlobalRequestLoadBalancer pid=1882108)[0m [transformers] `Qwen2VLImageProcessorFast` is deprecated. The `Fast` suffix for image processors has been removed; use `Qwen2VLImageProcessor` instead.
[36m(AgentLoopWorker pid=1882117)[0m Warning: You are sending unauthenticated requests to the HF Hub. Please set a HF_TOKEN to enable higher rate limits and faster downloads.[32m [repeated 7x across cluster][0m
[36m(AgentLoopWorker pid=1882117)[0m WARNING:2026-05-25 02:33:13,323:Warning: You are sending unauthenticated requests to the HF Hub. Please set a HF_TOKEN to enable higher rate limits and faster downloads.[32m [repeated 7x across cluster][0m
[36m(AgentLoopWorker pid=1882111)[0m [transformers] `Qwen2VLImageProcessorFast` is deprecated. The `Fast` suffix for image processors has been removed; use `Qwen2VLImageProcessor` instead.
[36m(AgentLoopWorker pid=1882112)[0m [transformers] `Qwen2VLImageProcessorFast` is deprecated. The `Fast` suffix for image processors has been removed; use `Qwen2VLImageProcessor` instead.
[36m(WorkerDict pid=1877023)[0m 
[36m(WorkerDict pid=1877023)[0m 
[36m(WorkerDict pid=1877023)[0m 
[36m(WorkerDict pid=1877023)[0m 
[36m(WorkerDict pid=1877023)[0m 
[36m(WorkerDict pid=1877023)[0m 
[36m(WorkerDict pid=1877021)[0m 
[36m(WorkerDict pid=1877021)[0m 
[36m(WorkerDict pid=1877021)[0m 
[36m(WorkerDict pid=1877021)[0m 
[36m(WorkerDict pid=1877021)[0m 
[36m(WorkerDict pid=1877021)[0m 
[36m(WorkerDict pid=1877021)[0m 
[36m(WorkerDict pid=1877021)[0m 
[36m(WorkerDict pid=1877021)[0m 
[36m(WorkerDict pid=1877021)[0m 
[36m(WorkerDict pid=1877021)[0m 
[36m(WorkerDict pid=1877021)[0m 
[36m(WorkerDict pid=1877021)[0m 
[36m(WorkerDict pid=1877025)[0m 
[36m(WorkerDict pid=1877025)[0m 
[36m(WorkerDict pid=1877025)[0m 
[36m(WorkerDict pid=1877025)[0m 
[36m(WorkerDict pid=1877025)[0m 
[36m(WorkerDict pid=1877025)[0m 
[36m(WorkerDict pid=1877025)[0m 
[36m(WorkerDict pid=1877025)[0m 
[36m(WorkerDict pid=1877025)[0m 
[36m(WorkerDict pid=1877025)[0m 
[36m(WorkerDict pid=1877025)[0m 
[36m(WorkerDict pid=1877025)[0m 
[36m(WorkerDict pid=1877025)[0m 
[36m(vLLMHttpServer pid=1879598)[0m ['serve',
[36m(vLLMHttpServer pid=1879598)[0m  'Qwen/Qwen3-8B',
[36m(vLLMHttpServer pid=1879598)[0m  '--dtype',
[36m(vLLMHttpServer pid=1879598)[0m  'bfloat16',
[36m(vLLMHttpServer pid=1879598)[0m  '--load_format',
[36m(vLLMHttpServer pid=1879598)[0m  'dummy',
[36m(vLLMHttpServer pid=1879598)[0m  '--distributed_executor_backend',
[36m(vLLMHttpServer pid=1879598)[0m  'mp',
[36m(vLLMHttpServer pid=1879598)[0m  '--worker_extension_cls',
[36m(vLLMHttpServer pid=1879598)[0m  'verl.workers.rollout.vllm_rollout.utils.vLLMColocateWorkerExtension',
[36m(vLLMHttpServer pid=1879598)[0m  '--max_model_len',
[36m(vLLMHttpServer pid=1879598)[0m  '40960',
[36m(vLLMHttpServer pid=1879598)[0m  '--max_num_seqs',
[36m(vLLMHttpServer pid=1879598)[0m  '1024',
[36m(vLLMHttpServer pid=1879598)[0m  '--enable_chunked_prefill',
[36m(vLLMHttpServer pid=1879598)[0m  '--max_num_batched_tokens',
[36m(vLLMHttpServer pid=1879598)[0m  '8192',
[36m(vLLMHttpServer pid=1879598)[0m  '--enable_prefix_caching',
[36m(vLLMHttpServer pid=1879598)[0m  '--enable_sleep_mode',
[36m(vLLMHttpServer pid=1879598)[0m  '--logprobs_mode',
[36m(vLLMHttpServer pid=1879598)[0m  'processed_logprobs',
[36m(vLLMHttpServer pid=1879598)[0m  '--gpu_memory_utilization',
[36m(vLLMHttpServer pid=1879598)[0m  '0.6',
[36m(vLLMHttpServer pid=1879598)[0m  '--disable_log_stats',
[36m(vLLMHttpServer pid=1879598)[0m  '--tensor_parallel_size',
[36m(vLLMHttpServer pid=1879598)[0m  '2',
[36m(vLLMHttpServer pid=1879598)[0m  '--seed',
[36m(vLLMHttpServer pid=1879598)[0m  '0',
[36m(vLLMHttpServer pid=1879598)[0m  '--override_generation_config',
[36m(vLLMHttpServer pid=1879598)[0m  '{"temperature": 1.0, "top_k": -1, "top_p": 1, "repetition_penalty": 1.0, '
[36m(vLLMHttpServer pid=1879598)[0m  '"max_new_tokens": 2048}',
[36m(vLLMHttpServer pid=1879598)[0m  '--hf_overrides',
[36m(vLLMHttpServer pid=1879598)[0m  '{}',
[36m(vLLMHttpServer pid=1879598)[0m  '--scheduling_policy',
[36m(vLLMHttpServer pid=1879598)[0m  'fcfs',
[36m(vLLMHttpServer pid=1879598)[0m  '--compilation_config',
[36m(vLLMHttpServer pid=1879598)[0m  '{"cudagraph_mode": "FULL_AND_PIECEWISE"}']
[36m(WorkerDict pid=1877025)[0m [2026-05-25 02:31:05] mi308-ccs-aus-e07-22:1877025:1878224 [0] /longer_pathname_so_that_rpms_can_support_packaging_the_debug_info_for_all_os_profiles/src/out/ubuntu-22.04/22.04/build/rccl/hipify/src/graph/topo.cc:1550 NCCL WARN Could not find any local path from gpu 2 to net.[32m [repeated 98x across cluster][0m
[36m(WorkerDict pid=1877020)[0m [Gloo] Rank 0 is connected to 0 peer ranks. Expected number of connected peer ranks is : 0[32m [repeated 23x across cluster][0m
[36m(vLLMHttpServer pid=1879600)[0m WARNING 05-25 02:32:13 [system_utils.py:157] We must use the `spawn` multiprocessing start method. Overriding VLLM_WORKER_MULTIPROC_METHOD to 'spawn'. See https://docs.vllm.ai/en/latest/usage/troubleshooting.html#python-multiprocessing for more information. Reasons: In a Ray actor and can only be spawned
[36m(vLLMHttpServer pid=1879599)[0m (Worker_TP0 pid=1880297) WARNING 05-25 02:32:33 [compilation.py:1295] Op 'sparse_attn_indexer' not present in model, enabling with '+sparse_attn_indexer' has no effect
[36m(vLLMHttpServer pid=1879598)[0m WARNING 05-25 02:32:14 [system_utils.py:157] We must use the `spawn` multiprocessing start method. Overriding VLLM_WORKER_MULTIPROC_METHOD to 'spawn'. See https://docs.vllm.ai/en/latest/usage/troubleshooting.html#python-multiprocessing for more information. Reasons: In a Ray actor and can only be spawned[32m [repeated 3x across cluster][0m
[36m(vLLMHttpServer pid=1879599)[0m WARNING 05-25 02:32:58 [api_router.py:30] LoRA dynamic loading & unloading is enabled in the API server. This should ONLY be used for local development!
[36m(vLLMHttpServer pid=1879598)[0m (Worker_TP0 pid=1880311) WARNING 05-25 02:32:34 [compilation.py:1295] Op 'sparse_attn_indexer' not present in model, enabling with '+sparse_attn_indexer' has no effect[32m [repeated 3x across cluster][0m
[36m(vLLMHttpServer pid=1879599)[0m WARNING 05-25 02:32:58 [model.py:1454] Default vLLM sampling parameters have been overridden by the model's `generation_config.json`: `{'repetition_penalty': 1.0, 'temperature': 1.0, 'top_k': -1, 'top_p': 1, 'max_tokens': 2048}`. If this is not intended, please relaunch vLLM instance with `--generation-config vllm`.
[36m(TaskRunner pid=1876115)[0m LLMServerManager: ['10.235.192.107:42847', '10.235.192.107:33131', '10.235.192.107:38525', '10.235.192.107:44065']
[36m(vLLMHttpServer pid=1879598)[0m WARNING 05-25 02:33:01 [api_router.py:30] LoRA dynamic loading & unloading is enabled in the API server. This should ONLY be used for local development![32m [repeated 3x across cluster][0m
[36m(vLLMHttpServer pid=1879598)[0m WARNING 05-25 02:33:01 [model.py:1454] Default vLLM sampling parameters have been overridden by the model's `generation_config.json`: `{'repetition_penalty': 1.0, 'temperature': 1.0, 'top_k': -1, 'top_p': 1, 'max_tokens': 2048}`. If this is not intended, please relaunch vLLM instance with `--generation-config vllm`.[32m [repeated 3x across cluster][0m
[36m(TaskRunner pid=1876115)[0m Checkpoint tracker file does not exist: /workspace/verl/checkpoints/verl_grpo_gsm8k_math/qwen3_8b_grpo_vllm_fsdp_20260525_0229/latest_checkpointed_iteration.txt
[36m(TaskRunner pid=1876115)[0m Training from scratch
[36m(TaskRunner pid=1876115)[0m test_gen_batch meta info: {'eos_token_id': 151645, 'pad_token_id': 151643, 'recompute_log_prob': False, 'do_sample': False, 'validate': True, 'global_steps': 0}
[36m(AgentLoopWorker pid=1882111)[0m Using dataset class: RLHFDataset
[36m(vLLMHttpServer pid=1879598)[0m WARNING 05-25 02:33:20 [input_processor.py:274] Passing raw prompts to InputProcessor is deprecated and will be removed in v0.18. You should instead pass the outputs of Renderer.render_cmpl() or Renderer.render_chat().
[36m(vLLMHttpServer pid=1879598)[0m (Worker_TP0 pid=1880311) WARNING 05-25 02:33:20 [jit_monitor.py:103] Triton kernel JIT compilation during inference: _compute_slot_mapping_kernel. This causes a latency spike; consider extending warmup to cover this shape/config.
[36m(vLLMHttpServer pid=1879598)[0m (Worker_TP0 pid=1880311) WARNING 05-25 02:33:20 [jit_monitor.py:103] Triton kernel JIT compilation during inference: _fwd_kernel. This causes a latency spike; consider extending warmup to cover this shape/config.
[36m(AgentLoopWorker pid=1882110)[0m Using dataset class: RLHFDataset[32m [repeated 7x across cluster][0m
[36m(TaskRunner pid=1876115)[0m validation generation end
[36m(vLLMHttpServer pid=1879599)[0m WARNING 05-25 02:33:21 [input_processor.py:274] Passing raw prompts to InputProcessor is deprecated and will be removed in v0.18. You should instead pass the outputs of Renderer.render_cmpl() or Renderer.render_chat().[32m [repeated 3x across cluster][0m
[36m(vLLMHttpServer pid=1879599)[0m (Worker_TP0 pid=1880297) WARNING 05-25 02:33:21 [jit_monitor.py:103] Triton kernel JIT compilation during inference: _compute_slot_mapping_kernel. This causes a latency spike; consider extending warmup to cover this shape/config.[32m [repeated 3x across cluster][0m[36m(TaskRunner pid=1876115)[0m Training Progress:   0%|          | 0/210 [00:00<?, ?it/s]
[36m(AgentLoopWorker pid=1882117)[0m [transformers] `Qwen2VLImageProcessorFast` is deprecated. The `Fast` suffix for image processors has been removed; use `Qwen2VLImageProcessor` instead.[32m [repeated 6x across cluster][0m
[36m(TaskRunner pid=1876115)[0m W0525 02:45:26.428000 1876115 torch/fx/_symbolic_trace.py:52] is_fx_tracing will return true for both fx.symbolic_trace and torch.export. Please use is_fx_tracing_symbolic_tracing() for specifically fx.symbolic_trace or torch.compiler.is_compiling() for specifically torch.export/compile.
[36m(WorkerDict pid=1877019)[0m /usr/local/lib/python3.12/dist-packages/torch/distributed/fsdp/_flat_param.py:2455: UserWarning: expandable_segments not supported on this platform (Triggered internally at /pytorch/c10/hip/HIPAllocatorConfig.h:36.)
[36m(WorkerDict pid=1877019)[0m   self.flat_param.data = self.flat_param.to(*args, **kwargs)
[36m(WorkerDict pid=1877019)[0m [rank0]:W0525 02:45:31.588000 1877019 torch/fx/_symbolic_trace.py:52] is_fx_tracing will return true for both fx.symbolic_trace and torch.export. Please use is_fx_tracing_symbolic_tracing() for specifically fx.symbolic_trace or torch.compiler.is_compiling() for specifically torch.export/compile.
[36m(WorkerDict pid=1877023)[0m [rank4]:W0525 02:45:31.584000 1877023 torch/fx/_symbolic_trace.py:52] is_fx_tracing will return true for both fx.symbolic_trace and torch.export. Please use is_fx_tracing_symbolic_tracing() for specifically fx.symbolic_trace or torch.compiler.is_compiling() for specifically torch.export/compile.
[36m(TaskRunner pid=1876115)[0m Training Progress:   0%|          | 1/210 [22:20<77:50:46, 1340.89s/it]
[36m(WorkerDict pid=1877026)[0m /usr/local/lib/python3.12/dist-packages/torch/distributed/fsdp/_flat_param.py:2455: UserWarning: expandable_segments not supported on this platform (Triggered internally at /pytorch/c10/hip/HIPAllocatorConfig.h:36.)[32m [repeated 7x across cluster][0m
[36m(WorkerDict pid=1877026)[0m   self.flat_param.data = self.flat_param.to(*args, **kwargs)[32m [repeated 7x across cluster][0m
[36m(WorkerDict pid=1877026)[0m [rank7]:W0525 02:45:31.588000 1877026 torch/fx/_symbolic_trace.py:52] is_fx_tracing will return true for both fx.symbolic_trace and torch.export. Please use is_fx_tracing_symbolic_tracing() for specifically fx.symbolic_trace or torch.compiler.is_compiling() for specifically torch.export/compile.[32m [repeated 6x across cluster][0m

[36m(vLLMHttpServer pid=1879599)[0m (Worker_TP0 pid=1880297) WARNING 05-25 02:33:21 [jit_monitor.py:103] Triton kernel JIT compilation during inference: _fwd_kernel. This causes a latency spike; consider extending warmup to cover this shape/config.[32m [repeated 3x across cluster][0m
[36m(TaskRunner pid=1876115)[0m ("Initial validation metrics: {'val-aux/openai/gsm8k/reward/mean@1': "
[36m(TaskRunner pid=1876115)[0m  "np.float64(0.0), 'val-core/openai/gsm8k/acc/mean@1': np.float64(0.0), "
[36m(TaskRunner pid=1876115)[0m  "'val-aux/DigitalLearningGmbH/MATH-lighteval/reward/mean@1': np.float64(0.0), "
[36m(TaskRunner pid=1876115)[0m  "'val-core/DigitalLearningGmbH/MATH-lighteval/acc/mean@1': np.float64(0.0), "
[36m(TaskRunner pid=1876115)[0m  "'val-aux/num_turns/min': np.int32(2), 'val-aux/num_turns/max': np.int32(2), "
[36m(TaskRunner pid=1876115)[0m  "'val-aux/num_turns/mean': np.float64(2.0)}")
[36m(TaskRunner pid=1876115)[0m step:0 - val-aux/openai/gsm8k/reward/mean@1:np.float64(0.0) - val-core/openai/gsm8k/acc/mean@1:np.float64(0.0) - val-aux/DigitalLearningGmbH/MATH-lighteval/reward/mean@1:np.float64(0.0) - val-core/DigitalLearningGmbH/MATH-lighteval/acc/mean@1:np.float64(0.0) - val-aux/num_turns/min:np.int32(2) - val-aux/num_turns/max:np.int32(2) - val-aux/num_turns/mean:np.float64(2.0)
[36m(TaskRunner pid=1876115)[0m step:1 - global_seqlen/min:1364945 - global_seqlen/max:1371985 - global_seqlen/minmax_diff:7040 - global_seqlen/balanced_min:1368211 - global_seqlen/balanced_max:1368216 - global_seqlen/mean:1368213.125 - actor/entropy:1.1520981788635254 - perf/mfu/actor_infer:0.0 - actor/pg_clipfrac:np.float64(0.0) - actor/ppo_kl:np.float64(-0.006448724727796468) - actor/pg_clipfrac_lower:np.float64(0.0) - actor/pg_loss:np.float64(0.0) - actor/kl_loss:np.float64(0.010981973012349044) - actor/kl_coef:np.float64(0.0010000000000000005) - actor/loss:np.float64(1.0981973900925368e-05) - actor/grad_norm:np.float64(0.04811253398656845) - actor/perf/max_memory_allocated_gb:np.float64(56.38597917556763) - actor/perf/max_memory_reserved_gb:np.float64(142.341796875) - actor/perf/cpu_memory_used_gb:np.float64(290.45409870147705) - actor/lr:np.float64(1e-06) - perf/mfu/actor:np.float64(0.0) - training/global_step:1 - training/epoch:0 - critic/score/mean:0.0 - critic/score/max:0.0 - critic/score/min:0.0 - critic/rewards/mean:0.0 - critic/rewards/max:0.0 - critic/rewards/min:0.0 - critic/advantages/mean:0.0 - critic/advantages/max:0.0 - critic/advantages/min:0.0 - critic/returns/mean:0.0 - critic/returns/max:0.0 - critic/returns/min:0.0 - response_length/mean:2048.0 - response_length/max:2048.0 - response_length/min:2048.0 - response_length/clip_ratio:1.0 - response_length_non_aborted/mean:2048.0 - response_length_non_aborted/max:2048.0 - response_length_non_aborted/min:2048.0 - response_length_non_aborted/clip_ratio:1.0 - response/aborted_ratio:0.0 - prompt_length/mean:89.8330078125 - prompt_length/max:914.0 - prompt_length/min:31.0 - prompt_length/clip_ratio:0.0 - num_turns/min:np.int32(2) - num_turns/max:np.int32(2) - num_turns/mean:np.float64(2.0) - timing_s/start_profile:0.0002830158919095993 - timing_s/agent_loop/num_preempted/min:np.int64(-1) - timing_s/agent_loop/num_preempted/max:np.int64(-1) - timing_s/agent_loop/num_preempted/mean:np.float64(-1.0) - timing_s/agent_loop/generate_sequences/min:np.float64(205.24950230680406) - timing_s/agent_loop/generate_sequences/max:np.float64(337.11055060848594) - timing_s/agent_loop/generate_sequences/mean:np.float64(246.48546112838957) - timing_s/agent_loop/tool_calls/min:np.float64(0.0) - timing_s/agent_loop/tool_calls/max:np.float64(0.0) - timing_s/agent_loop/tool_calls/mean:np.float64(0.0) - timing_s/agent_loop/compute_score/min:np.float64(0.002545587718486786) - timing_s/agent_loop/compute_score/max:np.float64(0.23341586999595165) - timing_s/agent_loop/compute_score/mean:np.float64(0.038119930285029115) - timing_s/agent_loop/slowest/generate_sequences:np.float64(336.91509777121246) - timing_s/agent_loop/slowest/tool_calls:np.float64(0.0) - timing_s/agent_loop/slowest/compute_score:np.float64(0.223680280148983) - timing_s/agent_loop/slowest/num_preempted:np.int64(-1) - timing_s/agent_loop/slowest/prompt_length:40 - timing_s/agent_loop/slowest/response_length:2048 - timing_s/gen:339.69409180805087 - timing_s/reward:5.409307777881622e-05 - timing_s/old_log_prob:165.7136148288846 - timing_s/ref:194.61790658719838 - timing_s/adv:0.09374208748340607 - timing_s/update_actor:620.4498828426003 - timing_s/update_weights:19.11209181509912 - timing_s/step:1340.4968482609838 - timing_s/stop_profile:3.2279640436172485e-05 - timing_per_token_ms/gen:0.032395753079228484 - timing_per_token_ms/ref:0.017780298901459372 - timing_per_token_ms/adv:8.564280462830495e-06 - timing_per_token_ms/update_actor:0.05668432347140731 - perf/total_num_tokens:10945705 - perf/time_per_step:1340.4968482609838 - perf/throughput:1020.6761222713595
[36m(TaskRunner pid=1876115)[0m step:2 - global_seqlen/min:1366010 - global_seqlen/max:1375375 - global_seqlen/minmax_diff:9365 - global_seqlen/balanced_min:1369582 - global_seqlen/balanced_max:1369586 - global_seqlen/mean:1369583.75 - actor/entropy:1.2249717712402344 - perf/mfu/actor_infer:0.0 - actor/pg_clipfrac:np.float64(0.0) - actor/ppo_kl:np.float64(0.006142733864400016) - actor/pg_clipfrac_lower:np.float64(0.0) - actor/pg_loss:np.float64(0.0) - actor/kl_loss:np.float64(0.014616903876230936) - actor/kl_coef:np.float64(0.0010000000000000005) - actor/loss:np.float64(1.4616903854403063e-05) - actor/grad_norm:np.float64(0.00804664648603648) - actor/perf/max_memory_allocated_gb:np.float64(56.390796184539795) - actor/perf/max_memory_reserved_gb:np.float64(169.970703125) - actor/perf/cpu_memory_used_gb:np.float64(379.2507085800171) - actor/lr:np.float64(1e-06) - perf/mfu/actor:np.float64(0.0) - training/global_step:2 - training/epoch:0 - critic/score/mean:0.0 - critic/score/max:0.0 - critic/score/min:0.0 - critic/rewards/mean:0.0 - critic/rewards/max:0.0 - critic/rewards/min:0.0 - critic/advantages/mean:0.0 - critic/advantages/max:0.0 - critic/advantages/min:0.0 - critic/returns/mean:0.0 - critic/returns/max:0.0 - critic/returns/min:0.0 - response_length/mean:2048.0 - response_length/max:2048.0 - response_length/min:2048.0 - response_length/clip_ratio:1.0 - response_length_non_aborted/mean:2048.0 - response_length_non_aborted/max:2048.0 - response_length_non_aborted/min:2048.0 - response_length_non_aborted/clip_ratio:1.0 - response/aborted_ratio:0.0 - prompt_length/mean:91.974609375 - prompt_length/max:796.0 - prompt_length/min:30.0 - prompt_length/clip_ratio:0.0 - num_turns/min:np.int32(2) - num_turns/max:np.int32(2) - num_turns/mean:np.float64(2.0) - timing_s/start_profile:6.616860628128052e-05 - timing_s/agent_loop/num_preempted/min:np.int64(-1) - timing_s/agent_loop/num_preempted/max:np.int64(-1) - timing_s/agent_loop/num_preempted/mean:np.float64(-1.0) - timing_s/agent_loop/generate_sequences/min:np.float64(206.18776085972786) - timing_s/agent_loop/generate_sequences/max:np.float64(330.05237324908376) - timing_s/agent_loop/generate_sequences/mean:np.float64(244.3590794738342) - timing_s/agent_loop/tool_calls/min:np.float64(0.0) - timing_s/agent_loop/tool_calls/max:np.float64(0.0) - timing_s/agent_loop/tool_calls/mean:np.float64(0.0) - timing_s/agent_loop/compute_score/min:np.float64(0.002415614202618599) - timing_s/agent_loop/compute_score/max:np.float64(0.17309430241584778) - timing_s/agent_loop/compute_score/mean:np.float64(0.023883329112140927) - timing_s/agent_loop/slowest/generate_sequences:np.float64(329.95683290064335) - timing_s/agent_loop/slowest/tool_calls:np.float64(0.0) - timing_s/agent_loop/slowest/compute_score:np.float64(0.12274741195142269) - timing_s/agent_loop/slowest/num_preempted:np.int64(-1) - timing_s/agent_loop/slowest/prompt_length:94 - timing_s/agent_loop/slowest/response_length:2048 - timing_s/gen:332.9591978434473 - timing_s/reward:0.004838069900870323 - timing_s/old_log_prob:161.1532253473997 - timing_s/ref:155.65870078839362 - timing_s/adv:0.07951586320996284 - timing_s/update_actor:598.1992458440363 - timing_s/update_weights:1.9960602931678295 - timing_s/step:1250.8580853212625 - timing_s/stop_profile:3.429129719734192e-05 - timing_per_token_ms/gen:0.0317534635394523 - timing_per_token_ms/ref:0.01420675267105732 - timing_per_token_ms/adv:7.25730200964005e-06 - timing_per_token_ms/update_actor:0.05459681142573759 - perf/total_num_tokens:10956670 - perf/time_per_step:1250.8580853212625 - perf/throughput:1094.9153753507096[36m(TaskRunner pid=1876115)[0m Training Progress:   1%|          | 2/210 [43:11<74:25:17, 1288.06s/it]
[36m(TaskRunner pid=1876115)[0m Training Progress:   1%|▏         | 3/210 [1:03:59<73:00:11, 1269.62s/it]
[36m(TaskRunner pid=1876115)[0m Training Progress:   2%|▏         | 4/210 [1:24:44<72:05:50, 1259.95s/it]

[36m(TaskRunner pid=1876115)[0m step:3 - global_seqlen/min:1364360 - global_seqlen/max:1372545 - global_seqlen/minmax_diff:8185 - global_seqlen/balanced_min:1367778 - global_seqlen/balanced_max:1367798 - global_seqlen/mean:1367792.5 - actor/entropy:1.2266114950180054 - perf/mfu/actor_infer:0.0 - actor/pg_clipfrac:np.float64(0.0) - actor/ppo_kl:np.float64(0.007046774513450264) - actor/pg_clipfrac_lower:np.float64(0.0) - actor/pg_loss:np.float64(0.0) - actor/kl_loss:np.float64(0.015249859308823943) - actor/kl_coef:np.float64(0.0010000000000000005) - actor/loss:np.float64(1.524986032563902e-05) - actor/grad_norm:np.float64(0.01484690685174428) - actor/perf/max_memory_allocated_gb:np.float64(56.390796184539795) - actor/perf/max_memory_reserved_gb:np.float64(169.970703125) - actor/perf/cpu_memory_used_gb:np.float64(380.10744857788086) - actor/lr:np.float64(1e-06) - perf/mfu/actor:np.float64(0.0) - training/global_step:3 - training/epoch:0 - critic/score/mean:0.0 - critic/score/max:0.0 - critic/score/min:0.0 - critic/rewards/mean:0.0 - critic/rewards/max:0.0 - critic/rewards/min:0.0 - critic/advantages/mean:0.0 - critic/advantages/max:0.0 - critic/advantages/min:0.0 - critic/returns/mean:0.0 - critic/returns/max:0.0 - critic/returns/min:0.0 - response_length/mean:2048.0 - response_length/max:2048.0 - response_length/min:2048.0 - response_length/clip_ratio:1.0 - response_length_non_aborted/mean:2048.0 - response_length_non_aborted/max:2048.0 - response_length_non_aborted/min:2048.0 - response_length_non_aborted/clip_ratio:1.0 - response/aborted_ratio:0.0 - prompt_length/mean:89.17578125 - prompt_length/max:983.0 - prompt_length/min:31.0 - prompt_length/clip_ratio:0.0 - num_turns/min:np.int32(2) - num_turns/max:np.int32(2) - num_turns/mean:np.float64(2.0) - timing_s/start_profile:7.798522710800171e-05 - timing_s/agent_loop/num_preempted/min:np.int64(-1) - timing_s/agent_loop/num_preempted/max:np.int64(-1) - timing_s/agent_loop/num_preempted/mean:np.float64(-1.0) - timing_s/agent_loop/generate_sequences/min:np.float64(206.42440233193338) - timing_s/agent_loop/generate_sequences/max:np.float64(329.3333175200969) - timing_s/agent_loop/generate_sequences/mean:np.float64(244.6023262939474) - timing_s/agent_loop/tool_calls/min:np.float64(0.0) - timing_s/agent_loop/tool_calls/max:np.float64(0.0) - timing_s/agent_loop/tool_calls/mean:np.float64(0.0) - timing_s/agent_loop/compute_score/min:np.float64(0.002553071826696396) - timing_s/agent_loop/compute_score/max:np.float64(0.6159996725618839) - timing_s/agent_loop/compute_score/mean:np.float64(0.10686728493819828) - timing_s/agent_loop/slowest/generate_sequences:np.float64(329.07182807661593) - timing_s/agent_loop/slowest/tool_calls:np.float64(0.0) - timing_s/agent_loop/slowest/compute_score:np.float64(0.29744538106024265) - timing_s/agent_loop/slowest/num_preempted:np.int64(-1) - timing_s/agent_loop/slowest/prompt_length:59 - timing_s/agent_loop/slowest/response_length:2048 - timing_s/gen:331.6352649535984 - timing_s/reward:0.003197409212589264 - timing_s/old_log_prob:160.09004900418222 - timing_s/ref:155.10431285575032 - timing_s/adv:0.09510222263634205 - timing_s/update_actor:597.6395945455879 - timing_s/update_weights:2.149520231410861 - timing_s/step:1247.5273057762533 - timing_s/stop_profile:3.424845635890961e-05 - timing_per_token_ms/gen:0.03162720346008285 - timing_per_token_ms/ref:0.014174693242556009 - timing_per_token_ms/adv:8.6912143688043e-06 - timing_per_token_ms/update_actor:0.05461716548248253 - perf/total_num_tokens:10942340 - perf/time_per_step:1247.5273057762533 - perf/throughput:1096.402855205573
[36m(TaskRunner pid=1876115)[0m step:4 - global_seqlen/min:1361450 - global_seqlen/max:1369565 - global_seqlen/minmax_diff:8115 - global_seqlen/balanced_min:1366427 - global_seqlen/balanced_max:1366428 - global_seqlen/mean:1366427.5 - actor/entropy:1.2182257175445557 - perf/mfu/actor_infer:0.0 - actor/pg_clipfrac:np.float64(0.0) - actor/ppo_kl:np.float64(0.004778527363275876) - actor/pg_clipfrac_lower:np.float64(0.0) - actor/pg_loss:np.float64(0.0) - actor/kl_loss:np.float64(0.015555816602500272) - actor/kl_coef:np.float64(0.0010000000000000005) - actor/loss:np.float64(1.5555817299173214e-05) - actor/grad_norm:np.float64(0.018046941608190536) - actor/perf/max_memory_allocated_gb:np.float64(56.390796184539795) - actor/perf/max_memory_reserved_gb:np.float64(169.970703125) - actor/perf/cpu_memory_used_gb:np.float64(379.5566473007202) - actor/lr:np.float64(1e-06) - perf/mfu/actor:np.float64(0.0) - training/global_step:4 - training/epoch:0 - critic/score/mean:0.0 - critic/score/max:0.0 - critic/score/min:0.0 - critic/rewards/mean:0.0 - critic/rewards/max:0.0 - critic/rewards/min:0.0 - critic/advantages/mean:0.0 - critic/advantages/max:0.0 - critic/advantages/min:0.0 - critic/returns/mean:0.0 - critic/returns/max:0.0 - critic/returns/min:0.0 - response_length/mean:2048.0 - response_length/max:2048.0 - response_length/min:2048.0 - response_length/clip_ratio:1.0 - response_length_non_aborted/mean:2048.0 - response_length_non_aborted/max:2048.0 - response_length_non_aborted/min:2048.0 - response_length_non_aborted/clip_ratio:1.0 - response/aborted_ratio:0.0 - prompt_length/mean:87.04296875 - prompt_length/max:446.0 - prompt_length/min:32.0 - prompt_length/clip_ratio:0.0 - num_turns/min:np.int32(2) - num_turns/max:np.int32(2) - num_turns/mean:np.float64(2.0) - timing_s/start_profile:7.706508040428162e-05 - timing_s/agent_loop/num_preempted/min:np.int64(-1) - timing_s/agent_loop/num_preempted/max:np.int64(-1) - timing_s/agent_loop/num_preempted/mean:np.float64(-1.0) - timing_s/agent_loop/generate_sequences/min:np.float64(205.41574676893651) - timing_s/agent_loop/generate_sequences/max:np.float64(328.8777872361243) - timing_s/agent_loop/generate_sequences/mean:np.float64(243.05004070287868) - timing_s/agent_loop/tool_calls/min:np.float64(0.0) - timing_s/agent_loop/tool_calls/max:np.float64(0.0) - timing_s/agent_loop/tool_calls/mean:np.float64(0.0) - timing_s/agent_loop/compute_score/min:np.float64(0.0025418344885110855) - timing_s/agent_loop/compute_score/max:np.float64(0.33760714530944824) - timing_s/agent_loop/compute_score/mean:np.float64(0.04266820748816826) - timing_s/agent_loop/slowest/generate_sequences:np.float64(328.6910927128047) - timing_s/agent_loop/slowest/tool_calls:np.float64(0.0) - timing_s/agent_loop/slowest/compute_score:np.float64(0.22159317694604397) - timing_s/agent_loop/slowest/num_preempted:np.int64(-1) - timing_s/agent_loop/slowest/prompt_length:112 - timing_s/agent_loop/slowest/response_length:2048 - timing_s/gen:331.42236301489174 - timing_s/reward:0.004674285650253296 - timing_s/old_log_prob:160.04121866449714 - timing_s/ref:154.53520736470819 - timing_s/adv:0.09505545534193516 - timing_s/update_actor:596.1341880634427 - timing_s/update_weights:1.9958918374031782 - timing_s/step:1244.9851323366165 - timing_s/stop_profile:3.191828727722168e-05 - timing_per_token_ms/gen:0.03160689954899709 - timing_per_token_ms/ref:0.014136791685317021 - timing_per_token_ms/adv:8.695618258372211e-06 - timing_per_token_ms/update_actor:0.054534011872514526 - perf/total_num_tokens:10931420 - perf/time_per_step:1244.9851323366165 - perf/throughput:1097.5452352876357
[36m(TaskRunner pid=1876115)[0m test_gen_batch meta info: {'eos_token_id': 151645, 'pad_token_id': 151643, 'recompute_log_prob': False, 'do_sample': False, 'validate': True, 'global_steps': 5}
[36m(TaskRunner pid=1876115)[0m validation generation end
[36m(TaskRunner pid=1876115)[0m step:5 - global_seqlen/min:1363700 - global_seqlen/max:1369150 - global_seqlen/minmax_diff:5450 - global_seqlen/balanced_min:1366624 - global_seqlen/balanced_max:1366630 - global_seqlen/mean:1366626.25 - actor/entropy:1.2266278266906738 - perf/mfu/actor_infer:0.0 - actor/pg_clipfrac:np.float64(0.0) - actor/ppo_kl:np.float64(0.0022748000115412094) - actor/pg_clipfrac_lower:np.float64(0.0) - actor/pg_loss:np.float64(0.0) - actor/kl_loss:np.float64(0.016538144915102748) - actor/kl_coef:np.float64(0.0010000000000000005) - actor/loss:np.float64(1.6538145473532495e-05) - actor/grad_norm:np.float64(0.007804333639796823) - actor/perf/max_memory_allocated_gb:np.float64(56.390796184539795) - actor/perf/max_memory_reserved_gb:np.float64(169.970703125) - actor/perf/cpu_memory_used_gb:np.float64(380.03028202056885) - actor/lr:np.float64(1e-06) - perf/mfu/actor:np.float64(0.0) - val-aux/openai/gsm8k/reward/mean@1:np.float64(0.0) - val-core/openai/gsm8k/acc/mean@1:np.float64(0.0) - val-aux/DigitalLearningGmbH/MATH-lighteval/reward/mean@1:np.float64(0.0) - val-core/DigitalLearningGmbH/MATH-lighteval/acc/mean@1:np.float64(0.0) - val-aux/num_turns/min:np.int32(2) - val-aux/num_turns/max:np.int32(2) - val-aux/num_turns/mean:np.float64(2.0) - training/global_step:5 - training/epoch:0 - critic/score/mean:0.0 - critic/score/max:0.0 - critic/score/min:0.0 - critic/rewards/mean:0.0 - critic/rewards/max:0.0 - critic/rewards/min:0.0 - critic/advantages/mean:0.0 - critic/advantages/max:0.0 - critic/advantages/min:0.0 - critic/returns/mean:0.0 - critic/returns/max:0.0 - critic/returns/min:0.0 - response_length/mean:2048.0 - response_length/max:2048.0 - response_length/min:2048.0 - response_length/clip_ratio:1.0 - response_length_non_aborted/mean:2048.0 - response_length_non_aborted/max:2048.0 - response_length_non_aborted/min:2048.0 - response_length_non_aborted/clip_ratio:1.0 - response/aborted_ratio:0.0 - prompt_length/mean:87.353515625 - prompt_length/max:721.0 - prompt_length/min:31.0 - prompt_length/clip_ratio:0.0 - num_turns/min:np.int32(2) - num_turns/max:np.int32(2) - num_turns/mean:np.float64(2.0) - timing_s/start_profile:6.603077054023743e-05 - timing_s/agent_loop/num_preempted/min:np.int64(-1) - timing_s/agent_loop/num_preempted/max:np.int64(-1) - timing_s/agent_loop/num_preempted/mean:np.float64(-1.0) - timing_s/agent_loop/generate_sequences/min:np.float64(206.037642467767) - timing_s/agent_loop/generate_sequences/max:np.float64(329.21452527306974) - timing_s/agent_loop/generate_sequences/mean:np.float64(243.83296315314655) - timing_s/agent_loop/tool_calls/min:np.float64(0.0) - timing_s/agent_loop/tool_calls/max:np.float64(0.0) - timing_s/agent_loop/tool_calls/mean:np.float64(0.0) - timing_s/agent_loop/compute_score/min:np.float64(0.002461407333612442) - timing_s/agent_loop/compute_score/max:np.float64(0.22614988684654236) - timing_s/agent_loop/compute_score/mean:np.float64(0.04043413997678726) - timing_s/agent_loop/slowest/generate_sequences:np.float64(329.0548135265708) - timing_s/agent_loop/slowest/tool_calls:np.float64(0.0) - timing_s/agent_loop/slowest/compute_score:np.float64(0.20491311699151993) - timing_s/agent_loop/slowest/num_preempted:np.int64(-1) - timing_s/agent_loop/slowest/prompt_length:46 - timing_s/agent_loop/slowest/response_length:2048 - timing_s/gen:331.7211560960859 - timing_s/reward:3.7748366594314575e-05 - timing_s/old_log_prob:159.87959129922092 - timing_s/ref:155.62565721198916 - timing_s/adv:0.12023485079407692 - timing_s/update_actor:597.4549884740263 - timing_s/update_weights:2.19324273429811 - timing_s/step:1247.683632267639 - timing_s/testing:384.1946445927024 - timing_s/stop_profile:0.00010823272168636322 - timing_per_token_ms/gen:0.03163539467774257 - timing_per_token_ms/ref:0.01423447497185031 - timing_per_token_ms/adv:1.0997415240091879e-05 - timing_per_token_ms/update_actor:0.054646889417829705 - perf/total_num_tokens:10933010 - perf/time_per_step:1247.683632267639 - perf/throughput:1095.3307510463892[36m(TaskRunner pid=1876115)[0m Training Progress:   2%|▏         | 5/210 [1:51:56<79:23:21, 1394.15s/it]
[36m(TaskRunner pid=1876115)[0m Training Progress:   3%|▎         | 6/210 [2:12:53<76:21:27, 1347.49s/it]
[36m(TaskRunner pid=1876115)[0m Training Progress:   3%|▎         | 7/210 [2:33:43<74:11:19, 1315.66s/it]

[36m(TaskRunner pid=1876115)[0m step:6 - global_seqlen/min:1362550 - global_seqlen/max:1376435 - global_seqlen/minmax_diff:13885 - global_seqlen/balanced_min:1368337 - global_seqlen/balanced_max:1368338 - global_seqlen/mean:1368337.5 - actor/entropy:1.1607930660247803 - perf/mfu/actor_infer:0.0 - actor/pg_clipfrac:np.float64(0.0) - actor/ppo_kl:np.float64(0.009249450369797853) - actor/pg_clipfrac_lower:np.float64(0.0) - actor/pg_loss:np.float64(0.0) - actor/kl_loss:np.float64(0.01312105407123454) - actor/kl_coef:np.float64(0.0010000000000000005) - actor/loss:np.float64(1.3121054962539347e-05) - actor/grad_norm:np.float64(0.025887588504701853) - actor/perf/max_memory_allocated_gb:np.float64(56.390796184539795) - actor/perf/max_memory_reserved_gb:np.float64(169.970703125) - actor/perf/cpu_memory_used_gb:np.float64(380.3542766571045) - actor/lr:np.float64(1e-06) - perf/mfu/actor:np.float64(0.0) - training/global_step:6 - training/epoch:0 - critic/score/mean:0.0 - critic/score/max:0.0 - critic/score/min:0.0 - critic/rewards/mean:0.0 - critic/rewards/max:0.0 - critic/rewards/min:0.0 - critic/advantages/mean:0.0 - critic/advantages/max:0.0 - critic/advantages/min:0.0 - critic/returns/mean:0.0 - critic/returns/max:0.0 - critic/returns/min:0.0 - response_length/mean:2048.0 - response_length/max:2048.0 - response_length/min:2048.0 - response_length/clip_ratio:1.0 - response_length_non_aborted/mean:2048.0 - response_length_non_aborted/max:2048.0 - response_length_non_aborted/min:2048.0 - response_length_non_aborted/clip_ratio:1.0 - response/aborted_ratio:0.0 - prompt_length/mean:90.02734375 - prompt_length/max:755.0 - prompt_length/min:33.0 - prompt_length/clip_ratio:0.0 - num_turns/min:np.int32(2) - num_turns/max:np.int32(2) - num_turns/mean:np.float64(2.0) - timing_s/start_profile:7.140077650547028e-05 - timing_s/agent_loop/num_preempted/min:np.int64(-1) - timing_s/agent_loop/num_preempted/max:np.int64(-1) - timing_s/agent_loop/num_preempted/mean:np.float64(-1.0) - timing_s/agent_loop/generate_sequences/min:np.float64(206.00581723079085) - timing_s/agent_loop/generate_sequences/max:np.float64(336.864878250286) - timing_s/agent_loop/generate_sequences/mean:np.float64(246.75356648774832) - timing_s/agent_loop/tool_calls/min:np.float64(0.0) - timing_s/agent_loop/tool_calls/max:np.float64(0.0) - timing_s/agent_loop/tool_calls/mean:np.float64(0.0) - timing_s/agent_loop/compute_score/min:np.float64(0.0024846773594617844) - timing_s/agent_loop/compute_score/max:np.float64(0.17323503643274307) - timing_s/agent_loop/compute_score/mean:np.float64(0.029509364004843518) - timing_s/agent_loop/slowest/generate_sequences:np.float64(336.7466488480568) - timing_s/agent_loop/slowest/tool_calls:np.float64(0.0) - timing_s/agent_loop/slowest/compute_score:np.float64(0.14768499322235584) - timing_s/agent_loop/slowest/num_preempted:np.int64(-1) - timing_s/agent_loop/slowest/prompt_length:75 - timing_s/agent_loop/slowest/response_length:2048 - timing_s/gen:339.6172896195203 - timing_s/reward:0.0032687950879335403 - timing_s/old_log_prob:161.06513185985386 - timing_s/ref:155.46528770774603 - timing_s/adv:0.11825231648981571 - timing_s/update_actor:597.6342306863517 - timing_s/update_weights:2.0244171507656574 - timing_s/step:1256.701262615621 - timing_s/stop_profile:3.186054527759552e-05 - timing_per_token_ms/gen:0.032388428651763945 - timing_per_token_ms/ref:0.014202023231452952 - timing_per_token_ms/adv:1.0802553873753342e-05 - timing_per_token_ms/update_actor:0.05459492181994132 - perf/total_num_tokens:10946700 - perf/time_per_step:1256.701262615621 - perf/throughput:1088.832756602811
[36m(TaskRunner pid=1876115)[0m step:7 - global_seqlen/min:1362990 - global_seqlen/max:1370875 - global_seqlen/minmax_diff:7885 - global_seqlen/balanced_min:1367273 - global_seqlen/balanced_max:1367275 - global_seqlen/mean:1367273.75 - actor/entropy:1.235054612159729 - perf/mfu/actor_infer:0.0 - actor/pg_clipfrac:np.float64(0.0) - actor/ppo_kl:np.float64(-0.00011393370344497619) - actor/pg_clipfrac_lower:np.float64(0.0) - actor/pg_loss:np.float64(0.0) - actor/kl_loss:np.float64(0.016463690915770712) - actor/kl_coef:np.float64(0.0010000000000000005) - actor/loss:np.float64(1.646369196350861e-05) - actor/grad_norm:np.float64(0.018250804394483566) - actor/perf/max_memory_allocated_gb:np.float64(56.390796184539795) - actor/perf/max_memory_reserved_gb:np.float64(169.970703125) - actor/perf/cpu_memory_used_gb:np.float64(380.78354930877686) - actor/lr:np.float64(1e-06) - perf/mfu/actor:np.float64(0.0) - training/global_step:7 - training/epoch:0 - critic/score/mean:0.0 - critic/score/max:0.0 - critic/score/min:0.0 - critic/rewards/mean:0.0 - critic/rewards/max:0.0 - critic/rewards/min:0.0 - critic/advantages/mean:0.0 - critic/advantages/max:0.0 - critic/advantages/min:0.0 - critic/returns/mean:0.0 - critic/returns/max:0.0 - critic/returns/min:0.0 - response_length/mean:2048.0 - response_length/max:2048.0 - response_length/min:2048.0 - response_length/clip_ratio:1.0 - response_length_non_aborted/mean:2048.0 - response_length_non_aborted/max:2048.0 - response_length_non_aborted/min:2048.0 - response_length_non_aborted/clip_ratio:1.0 - response/aborted_ratio:0.0 - prompt_length/mean:88.365234375 - prompt_length/max:708.0 - prompt_length/min:32.0 - prompt_length/clip_ratio:0.0 - num_turns/min:np.int32(2) - num_turns/max:np.int32(2) - num_turns/mean:np.float64(2.0) - timing_s/start_profile:6.897561252117157e-05 - timing_s/agent_loop/num_preempted/min:np.int64(-1) - timing_s/agent_loop/num_preempted/max:np.int64(-1) - timing_s/agent_loop/num_preempted/mean:np.float64(-1.0) - timing_s/agent_loop/generate_sequences/min:np.float64(201.7678735870868) - timing_s/agent_loop/generate_sequences/max:np.float64(332.18476321548223) - timing_s/agent_loop/generate_sequences/mean:np.float64(245.6506060034586) - timing_s/agent_loop/tool_calls/min:np.float64(0.0) - timing_s/agent_loop/tool_calls/max:np.float64(0.0) - timing_s/agent_loop/tool_calls/mean:np.float64(0.0) - timing_s/agent_loop/compute_score/min:np.float64(0.002441365271806717) - timing_s/agent_loop/compute_score/max:np.float64(0.3076908178627491) - timing_s/agent_loop/compute_score/mean:np.float64(0.043647163721107066) - timing_s/agent_loop/slowest/generate_sequences:np.float64(332.02448913268745) - timing_s/agent_loop/slowest/tool_calls:np.float64(0.0) - timing_s/agent_loop/slowest/compute_score:np.float64(0.18344628252089024) - timing_s/agent_loop/slowest/num_preempted:np.int64(-1) - timing_s/agent_loop/slowest/prompt_length:62 - timing_s/agent_loop/slowest/response_length:2048 - timing_s/gen:334.7045891042799 - timing_s/reward:0.0030668936669826508 - timing_s/old_log_prob:160.62080626375973 - timing_s/ref:154.36376065202057 - timing_s/adv:0.8300681542605162 - timing_s/update_actor:596.3979358747602 - timing_s/update_weights:2.2324639838188887 - timing_s/step:1249.9293264076114 - timing_s/stop_profile:3.185495734214783e-05 - timing_per_token_ms/gen:0.03191991702120589 - timing_per_token_ms/ref:0.014112367827951477 - timing_per_token_ms/adv:7.588715813681388e-05 - timing_per_token_ms/update_actor:0.054524371571051534 - perf/total_num_tokens:10938190 - perf/time_per_step:1249.9293264076114 - perf/throughput:1093.8808467912702
[36m(TaskRunner pid=1876115)[0m step:8 - global_seqlen/min:1363440 - global_seqlen/max:1374695 - global_seqlen/minmax_diff:11255 - global_seqlen/balanced_min:1368147 - global_seqlen/balanced_max:1368152 - global_seqlen/mean:1368148.125 - actor/entropy:1.2197740077972412 - perf/mfu/actor_infer:0.0 - actor/pg_clipfrac:np.float64(0.0) - actor/ppo_kl:np.float64(0.008630728445755916) - actor/pg_clipfrac_lower:np.float64(0.0) - actor/pg_loss:np.float64(0.0) - actor/kl_loss:np.float64(0.016969436586805386) - actor/kl_coef:np.float64(0.0010000000000000005) - actor/loss:np.float64(1.6969438092928613e-05) - actor/grad_norm:np.float64(0.02747604064643383) - actor/perf/max_memory_allocated_gb:np.float64(56.390796184539795) - actor/perf/max_memory_reserved_gb:np.float64(169.970703125) - actor/perf/cpu_memory_used_gb:np.float64(379.83912563323975) - actor/lr:np.float64(1e-06) - perf/mfu/actor:np.float64(0.0) - training/global_step:8 - training/epoch:0 - critic/score/mean:0.0 - critic/score/max:0.0 - critic/score/min:0.0 - critic/rewards/mean:0.0 - critic/rewards/max:0.0 - critic/rewards/min:0.0 - critic/advantages/mean:0.0 - critic/advantages/max:0.0 - critic/advantages/min:0.0 - critic/returns/mean:0.0 - critic/returns/max:0.0 - critic/returns/min:0.0 - response_length/mean:2048.0 - response_length/max:2048.0 - response_length/min:2048.0 - response_length/clip_ratio:1.0 - response_length_non_aborted/mean:2048.0 - response_length_non_aborted/max:2048.0 - response_length_non_aborted/min:2048.0 - response_length_non_aborted/clip_ratio:1.0 - response/aborted_ratio:0.0 - prompt_length/mean:89.7314453125 - prompt_length/max:861.0 - prompt_length/min:32.0 - prompt_length/clip_ratio:0.0 - num_turns/min:np.int32(2) - num_turns/max:np.int32(2) - num_turns/mean:np.float64(2.0) - timing_s/start_profile:7.152743637561798e-05 - timing_s/agent_loop/num_preempted/min:np.int64(-1) - timing_s/agent_loop/num_preempted/max:np.int64(-1) - timing_s/agent_loop/num_preempted/mean:np.float64(-1.0) - timing_s/agent_loop/generate_sequences/min:np.float64(205.84741070121527) - timing_s/agent_loop/generate_sequences/max:np.float64(329.9469192158431) - timing_s/agent_loop/generate_sequences/mean:np.float64(244.15517259384288) - timing_s/agent_loop/tool_calls/min:np.float64(0.0) - timing_s/agent_loop/tool_calls/max:np.float64(0.0) - timing_s/agent_loop/tool_calls/mean:np.float64(0.0) - timing_s/agent_loop/compute_score/min:np.float64(0.0025702770799398422) - timing_s/agent_loop/compute_score/max:np.float64(0.6663324814289808) - timing_s/agent_loop/compute_score/mean:np.float64(0.05535070597252343) - timing_s/agent_loop/slowest/generate_sequences:np.float64(329.7420309688896) - timing_s/agent_loop/slowest/tool_calls:np.float64(0.0) - timing_s/agent_loop/slowest/compute_score:np.float64(0.24966524355113506) - timing_s/agent_loop/slowest/num_preempted:np.int64(-1) - timing_s/agent_loop/slowest/prompt_length:91 - timing_s/agent_loop/slowest/response_length:2048 - timing_s/gen:332.9988516680896 - timing_s/reward:3.763660788536072e-05 - timing_s/old_log_prob:160.52881163172424 - timing_s/ref:154.85464596375823 - timing_s/adv:0.09771869704127312 - timing_s/update_actor:597.3209497109056 - timing_s/update_weights:1.8950899597257376 - timing_s/step:1248.3755427598953 - timing_s/stop_profile:3.33394855260849e-05 - timing_per_token_ms/gen:0.03175724522286316 - timing_per_token_ms/ref:0.014148198131302324 - timing_per_token_ms/adv:8.928007798979471e-06 - timing_per_token_ms/update_actor:0.05457385596597093 - perf/total_num_tokens:10945185 - perf/time_per_step:1248.3755427598953 - perf/throughput:1095.9427497076022[36m(TaskRunner pid=1876115)[0m Training Progress:   4%|▍         | 8/210 [2:54:32<72:37:31, 1294.31s/it]
[36m(TaskRunner pid=1876115)[0m Training Progress:   4%|▍         | 9/210 [3:15:17<71:24:24, 1278.93s/it]
[36m(TaskRunner pid=1876115)[0m Training Progress:   5%|▍         | 10/210 [3:42:29<77:06:39, 1388.00s/it]

[36m(TaskRunner pid=1876115)[0m step:9 - global_seqlen/min:1364370 - global_seqlen/max:1370585 - global_seqlen/minmax_diff:6215 - global_seqlen/balanced_min:1367434 - global_seqlen/balanced_max:1367437 - global_seqlen/mean:1367435.0 - actor/entropy:1.2230992317199707 - perf/mfu/actor_infer:0.0 - actor/pg_clipfrac:np.float64(0.0) - actor/ppo_kl:np.float64(-0.02775025123126159) - actor/pg_clipfrac_lower:np.float64(0.0) - actor/pg_loss:np.float64(0.0) - actor/kl_loss:np.float64(0.017201992606715066) - actor/kl_coef:np.float64(0.0010000000000000005) - actor/loss:np.float64(1.7201993614435196e-05) - actor/grad_norm:np.float64(0.0316692884080112) - actor/perf/max_memory_allocated_gb:np.float64(56.390796184539795) - actor/perf/max_memory_reserved_gb:np.float64(169.970703125) - actor/perf/cpu_memory_used_gb:np.float64(380.7123317718506) - actor/lr:np.float64(1e-06) - perf/mfu/actor:np.float64(0.0) - training/global_step:9 - training/epoch:0 - critic/score/mean:0.0 - critic/score/max:0.0 - critic/score/min:0.0 - critic/rewards/mean:0.0 - critic/rewards/max:0.0 - critic/rewards/min:0.0 - critic/advantages/mean:0.0 - critic/advantages/max:0.0 - critic/advantages/min:0.0 - critic/returns/mean:0.0 - critic/returns/max:0.0 - critic/returns/min:0.0 - response_length/mean:2048.0 - response_length/max:2048.0 - response_length/min:2048.0 - response_length/clip_ratio:1.0 - response_length_non_aborted/mean:2048.0 - response_length_non_aborted/max:2048.0 - response_length_non_aborted/min:2048.0 - response_length_non_aborted/clip_ratio:1.0 - response/aborted_ratio:0.0 - prompt_length/mean:88.6171875 - prompt_length/max:837.0 - prompt_length/min:31.0 - prompt_length/clip_ratio:0.0 - num_turns/min:np.int32(2) - num_turns/max:np.int32(2) - num_turns/mean:np.float64(2.0) - timing_s/start_profile:6.875209510326385e-05 - timing_s/agent_loop/num_preempted/min:np.int64(-1) - timing_s/agent_loop/num_preempted/max:np.int64(-1) - timing_s/agent_loop/num_preempted/mean:np.float64(-1.0) - timing_s/agent_loop/generate_sequences/min:np.float64(205.62289934791625) - timing_s/agent_loop/generate_sequences/max:np.float64(328.75308254919946) - timing_s/agent_loop/generate_sequences/mean:np.float64(243.66006781406614) - timing_s/agent_loop/tool_calls/min:np.float64(0.0) - timing_s/agent_loop/tool_calls/max:np.float64(0.0) - timing_s/agent_loop/tool_calls/mean:np.float64(0.0) - timing_s/agent_loop/compute_score/min:np.float64(0.0023938436061143875) - timing_s/agent_loop/compute_score/max:np.float64(0.27879772894084454) - timing_s/agent_loop/compute_score/mean:np.float64(0.04270644312309742) - timing_s/agent_loop/slowest/generate_sequences:np.float64(328.5923010762781) - timing_s/agent_loop/slowest/tool_calls:np.float64(0.0) - timing_s/agent_loop/slowest/compute_score:np.float64(0.2105698511004448) - timing_s/agent_loop/slowest/num_preempted:np.int64(-1) - timing_s/agent_loop/slowest/prompt_length:88 - timing_s/agent_loop/slowest/response_length:2048 - timing_s/gen:331.30967473238707 - timing_s/reward:4.172325134277344e-05 - timing_s/old_log_prob:159.59257887117565 - timing_s/ref:154.84471765346825 - timing_s/adv:0.079845255240798 - timing_s/update_actor:596.3794810120016 - timing_s/update_weights:1.8691143747419119 - timing_s/step:1244.8489751927555 - timing_s/stop_profile:4.968233406543732e-05 - timing_per_token_ms/gen:0.03159615275691863 - timing_per_token_ms/ref:0.014154668928821869 - timing_per_token_ms/adv:7.29881632772289e-06 - timing_per_token_ms/update_actor:0.05451625497848176 - perf/total_num_tokens:10939480 - perf/time_per_step:1244.8489751927555 - perf/throughput:1098.474615997706
[36m(TaskRunner pid=1876115)[0m test_gen_batch meta info: {'eos_token_id': 151645, 'pad_token_id': 151643, 'recompute_log_prob': False, 'do_sample': False, 'validate': True, 'global_steps': 10}
[36m(TaskRunner pid=1876115)[0m validation generation end
[36m(TaskRunner pid=1876115)[0m step:10 - global_seqlen/min:1363865 - global_seqlen/max:1376025 - global_seqlen/minmax_diff:12160 - global_seqlen/balanced_min:1368966 - global_seqlen/balanced_max:1368967 - global_seqlen/mean:1368966.875 - actor/entropy:1.2223269939422607 - perf/mfu/actor_infer:0.0 - actor/pg_clipfrac:np.float64(0.0) - actor/ppo_kl:np.float64(0.011595207858001309) - actor/pg_clipfrac_lower:np.float64(0.0) - actor/pg_loss:np.float64(0.0) - actor/kl_loss:np.float64(0.017651378733717138) - actor/kl_coef:np.float64(0.0010000000000000005) - actor/loss:np.float64(1.765137994880206e-05) - actor/grad_norm:np.float64(0.037616897374391556) - actor/perf/max_memory_allocated_gb:np.float64(56.390796184539795) - actor/perf/max_memory_reserved_gb:np.float64(169.970703125) - actor/perf/cpu_memory_used_gb:np.float64(380.85630798339844) - actor/lr:np.float64(1e-06) - perf/mfu/actor:np.float64(0.0) - val-aux/openai/gsm8k/reward/mean@1:np.float64(0.0) - val-core/openai/gsm8k/acc/mean@1:np.float64(0.0) - val-aux/DigitalLearningGmbH/MATH-lighteval/reward/mean@1:np.float64(0.0) - val-core/DigitalLearningGmbH/MATH-lighteval/acc/mean@1:np.float64(0.0) - val-aux/num_turns/min:np.int32(2) - val-aux/num_turns/max:np.int32(2) - val-aux/num_turns/mean:np.float64(2.0) - training/global_step:10 - training/epoch:0 - critic/score/mean:0.0 - critic/score/max:0.0 - critic/score/min:0.0 - critic/rewards/mean:0.0 - critic/rewards/max:0.0 - critic/rewards/min:0.0 - critic/advantages/mean:0.0 - critic/advantages/max:0.0 - critic/advantages/min:0.0 - critic/returns/mean:0.0 - critic/returns/max:0.0 - critic/returns/min:0.0 - response_length/mean:2048.0 - response_length/max:2048.0 - response_length/min:2048.0 - response_length/clip_ratio:1.0 - response_length_non_aborted/mean:2048.0 - response_length_non_aborted/max:2048.0 - response_length_non_aborted/min:2048.0 - response_length_non_aborted/clip_ratio:1.0 - response/aborted_ratio:0.0 - prompt_length/mean:91.0107421875 - prompt_length/max:718.0 - prompt_length/min:33.0 - prompt_length/clip_ratio:0.0 - num_turns/min:np.int32(2) - num_turns/max:np.int32(2) - num_turns/mean:np.float64(2.0) - timing_s/start_profile:7.683411240577698e-05 - timing_s/agent_loop/num_preempted/min:np.int64(-1) - timing_s/agent_loop/num_preempted/max:np.int64(-1) - timing_s/agent_loop/num_preempted/mean:np.float64(-1.0) - timing_s/agent_loop/generate_sequences/min:np.float64(205.66837455891073) - timing_s/agent_loop/generate_sequences/max:np.float64(329.1876079495996) - timing_s/agent_loop/generate_sequences/mean:np.float64(243.27001715847618) - timing_s/agent_loop/tool_calls/min:np.float64(0.0) - timing_s/agent_loop/tool_calls/max:np.float64(0.0) - timing_s/agent_loop/tool_calls/mean:np.float64(0.0) - timing_s/agent_loop/compute_score/min:np.float64(0.0026541538536548615) - timing_s/agent_loop/compute_score/max:np.float64(0.4969250988215208) - timing_s/agent_loop/compute_score/mean:np.float64(0.06786976898874855) - timing_s/agent_loop/slowest/generate_sequences:np.float64(329.0025941710919) - timing_s/agent_loop/slowest/tool_calls:np.float64(0.0) - timing_s/agent_loop/slowest/compute_score:np.float64(0.22120165452361107) - timing_s/agent_loop/slowest/num_preempted:np.int64(-1) - timing_s/agent_loop/slowest/prompt_length:50 - timing_s/agent_loop/slowest/response_length:2048 - timing_s/gen:331.5289473067969 - timing_s/reward:3.4831464290618896e-05 - timing_s/old_log_prob:160.79966673627496 - timing_s/ref:155.41762318462133 - timing_s/adv:0.11811276711523533 - timing_s/update_actor:597.4929148852825 - timing_s/update_weights:1.8781034350395203 - timing_s/step:1247.996327623725 - timing_s/testing:384.0224760118872 - timing_s/stop_profile:0.00011296011507511139 - timing_per_token_ms/gen:0.03161706421916932 - timing_per_token_ms/ref:0.014191141694409272 - timing_per_token_ms/adv:1.0784845242807219e-05 - timing_per_token_ms/update_actor:0.05455691859648563 - perf/total_num_tokens:10951735 - perf/time_per_step:1247.996327623725 - perf/throughput:1096.93181357882
[36m(TaskRunner pid=1876115)[0m step:11 - global_seqlen/min:1361885 - global_seqlen/max:1372970 - global_seqlen/minmax_diff:11085 - global_seqlen/balanced_min:1368267 - global_seqlen/balanced_max:1368272 - global_seqlen/mean:1368270.0 - actor/entropy:1.164985179901123 - perf/mfu/actor_infer:0.0 - actor/pg_clipfrac:np.float64(0.0) - actor/ppo_kl:np.float64(-0.002671639996254899) - actor/pg_clipfrac_lower:np.float64(0.0) - actor/pg_loss:np.float64(0.0) - actor/kl_loss:np.float64(0.014467009774307371) - actor/kl_coef:np.float64(0.0010000000000000005) - actor/loss:np.float64(1.4467010487351217e-05) - actor/grad_norm:np.float64(0.030864638974890113) - actor/perf/max_memory_allocated_gb:np.float64(56.390796184539795) - actor/perf/max_memory_reserved_gb:np.float64(169.970703125) - actor/perf/cpu_memory_used_gb:np.float64(381.2030906677246) - actor/lr:np.float64(1e-06) - perf/mfu/actor:np.float64(0.0) - training/global_step:11 - training/epoch:0 - critic/score/mean:0.0 - critic/score/max:0.0 - critic/score/min:0.0 - critic/rewards/mean:0.0 - critic/rewards/max:0.0 - critic/rewards/min:0.0 - critic/advantages/mean:0.0 - critic/advantages/max:0.0 - critic/advantages/min:0.0 - critic/returns/mean:0.0 - critic/returns/max:0.0 - critic/returns/min:0.0 - response_length/mean:2048.0 - response_length/max:2048.0 - response_length/min:2048.0 - response_length/clip_ratio:1.0 - response_length_non_aborted/mean:2048.0 - response_length_non_aborted/max:2048.0 - response_length_non_aborted/min:2048.0 - response_length_non_aborted/clip_ratio:1.0 - response/aborted_ratio:0.0 - prompt_length/mean:89.921875 - prompt_length/max:842.0 - prompt_length/min:31.0 - prompt_length/clip_ratio:0.0 - num_turns/min:np.int32(2) - num_turns/max:np.int32(2) - num_turns/mean:np.float64(2.0) - timing_s/start_profile:8.823350071907043e-05 - timing_s/agent_loop/num_preempted/min:np.int64(-1) - timing_s/agent_loop/num_preempted/max:np.int64(-1) - timing_s/agent_loop/num_preempted/mean:np.float64(-1.0) - timing_s/agent_loop/generate_sequences/min:np.float64(205.26227746345103) - timing_s/agent_loop/generate_sequences/max:np.float64(336.9657604210079) - timing_s/agent_loop/generate_sequences/mean:np.float64(246.34532320989928) - timing_s/agent_loop/tool_calls/min:np.float64(0.0) - timing_s/agent_loop/tool_calls/max:np.float64(0.0) - timing_s/agent_loop/tool_calls/mean:np.float64(0.0) - timing_s/agent_loop/compute_score/min:np.float64(0.0025874320417642593) - timing_s/agent_loop/compute_score/max:np.float64(0.35800391621887684) - timing_s/agent_loop/compute_score/mean:np.float64(0.05500257114581473) - timing_s/agent_loop/slowest/generate_sequences:np.float64(336.9657604210079) - timing_s/agent_loop/slowest/tool_calls:np.float64(0.0) - timing_s/agent_loop/slowest/compute_score:np.float64(0.06240580976009369) - timing_s/agent_loop/slowest/num_preempted:np.int64(-1) - timing_s/agent_loop/slowest/prompt_length:64 - timing_s/agent_loop/slowest/response_length:2048 - timing_s/gen:339.62009121105075 - timing_s/reward:0.003101695328950882 - timing_s/old_log_prob:161.0233827866614 - timing_s/ref:154.73757504113019 - timing_s/adv:0.1201145276427269 - timing_s/update_actor:596.8914822563529 - timing_s/update_weights:2.045458188280463 - timing_s/step:1255.1994968391955 - timing_s/stop_profile:3.150850534439087e-05 - timing_per_token_ms/gen:0.03238869583235271 - timing_per_token_ms/ref:0.014136242759207811 - timing_per_token_ms/adv:1.0973211394929993e-05 - timing_per_token_ms/update_actor:0.05452976041427796 - perf/total_num_tokens:10946160 - perf/time_per_step:1255.1994968391955 - perf/throughput:1090.081698921594[36m(TaskRunner pid=1876115)[0m Training Progress:   5%|▌         | 11/210 [4:03:25<74:28:55, 1347.41s/it]
[36m(TaskRunner pid=1876115)[0m Training Progress:   6%|▌         | 12/210 [4:24:14<72:28:00, 1317.58s/it]
[36m(TaskRunner pid=1876115)[0m Training Progress:   6%|▌         | 13/210 [4:45:02<70:57:11, 1296.61s/it]

[36m(TaskRunner pid=1876115)[0m step:12 - global_seqlen/min:1364550 - global_seqlen/max:1380075 - global_seqlen/minmax_diff:15525 - global_seqlen/balanced_min:1370735 - global_seqlen/balanced_max:1370741 - global_seqlen/mean:1370738.125 - actor/entropy:1.2370158433914185 - perf/mfu/actor_infer:0.0 - actor/pg_clipfrac:np.float64(0.0) - actor/ppo_kl:np.float64(0.019638812665113747) - actor/pg_clipfrac_lower:np.float64(0.0) - actor/pg_loss:np.float64(0.0) - actor/kl_loss:np.float64(0.01824854588812741) - actor/kl_coef:np.float64(0.0010000000000000005) - actor/loss:np.float64(1.82485464392812e-05) - actor/grad_norm:np.float64(0.038250088691711426) - actor/perf/max_memory_allocated_gb:np.float64(56.390796184539795) - actor/perf/max_memory_reserved_gb:np.float64(169.970703125) - actor/perf/cpu_memory_used_gb:np.float64(380.8243579864502) - actor/lr:np.float64(1e-06) - perf/mfu/actor:np.float64(0.0) - training/global_step:12 - training/epoch:0 - critic/score/mean:0.0 - critic/score/max:0.0 - critic/score/min:0.0 - critic/rewards/mean:0.0 - critic/rewards/max:0.0 - critic/rewards/min:0.0 - critic/advantages/mean:0.0 - critic/advantages/max:0.0 - critic/advantages/min:0.0 - critic/returns/mean:0.0 - critic/returns/max:0.0 - critic/returns/min:0.0 - response_length/mean:2048.0 - response_length/max:2048.0 - response_length/min:2048.0 - response_length/clip_ratio:1.0 - response_length_non_aborted/mean:2048.0 - response_length_non_aborted/max:2048.0 - response_length_non_aborted/min:2048.0 - response_length_non_aborted/clip_ratio:1.0 - response/aborted_ratio:0.0 - prompt_length/mean:93.7783203125 - prompt_length/max:926.0 - prompt_length/min:32.0 - prompt_length/clip_ratio:0.0 - num_turns/min:np.int32(2) - num_turns/max:np.int32(2) - num_turns/mean:np.float64(2.0) - timing_s/start_profile:6.398558616638184e-05 - timing_s/agent_loop/num_preempted/min:np.int64(-1) - timing_s/agent_loop/num_preempted/max:np.int64(-1) - timing_s/agent_loop/num_preempted/mean:np.float64(-1.0) - timing_s/agent_loop/generate_sequences/min:np.float64(205.66238283924758) - timing_s/agent_loop/generate_sequences/max:np.float64(330.079110044986) - timing_s/agent_loop/generate_sequences/mean:np.float64(244.13795722254764) - timing_s/agent_loop/tool_calls/min:np.float64(0.0) - timing_s/agent_loop/tool_calls/max:np.float64(0.0) - timing_s/agent_loop/tool_calls/mean:np.float64(0.0) - timing_s/agent_loop/compute_score/min:np.float64(0.002456696704030037) - timing_s/agent_loop/compute_score/max:np.float64(0.28276751935482025) - timing_s/agent_loop/compute_score/mean:np.float64(0.0326707127798727) - timing_s/agent_loop/slowest/generate_sequences:np.float64(329.9206642266363) - timing_s/agent_loop/slowest/tool_calls:np.float64(0.0) - timing_s/agent_loop/slowest/compute_score:np.float64(0.17702235095202923) - timing_s/agent_loop/slowest/num_preempted:np.int64(-1) - timing_s/agent_loop/slowest/prompt_length:123 - timing_s/agent_loop/slowest/response_length:2048 - timing_s/gen:332.73713377304375 - timing_s/reward:4.260428249835968e-05 - timing_s/old_log_prob:160.99511732161045 - timing_s/ref:155.45775093138218 - timing_s/adv:0.0801169853657484 - timing_s/update_actor:597.1844723895192 - timing_s/update_weights:1.9921619314700365 - timing_s/step:1249.2302922923118 - timing_s/stop_profile:3.18773090839386e-05 - timing_per_token_ms/gen:0.031732285859398246 - timing_per_token_ms/ref:0.014176463404651252 - timing_per_token_ms/adv:7.306007608651398e-06 - timing_per_token_ms/update_actor:0.054458293445868736 - perf/total_num_tokens:10965905 - perf/time_per_step:1249.2302922923118 - perf/throughput:1097.266159376206
[36m(TaskRunner pid=1876115)[0m step:13 - global_seqlen/min:1363435 - global_seqlen/max:1374290 - global_seqlen/minmax_diff:10855 - global_seqlen/balanced_min:1369644 - global_seqlen/balanced_max:1369646 - global_seqlen/mean:1369645.0 - actor/entropy:1.2359237670898438 - perf/mfu/actor_infer:0.0 - actor/pg_clipfrac:np.float64(0.0) - actor/ppo_kl:np.float64(-0.025791019589977232) - actor/pg_clipfrac_lower:np.float64(0.0) - actor/pg_loss:np.float64(0.0) - actor/kl_loss:np.float64(0.018437577362419688) - actor/kl_coef:np.float64(0.0010000000000000005) - actor/loss:np.float64(1.843757854658179e-05) - actor/grad_norm:np.float64(0.04760221135802567) - actor/perf/max_memory_allocated_gb:np.float64(56.40196132659912) - actor/perf/max_memory_reserved_gb:np.float64(169.970703125) - actor/perf/cpu_memory_used_gb:np.float64(381.69636058807373) - actor/lr:np.float64(1e-06) - perf/mfu/actor:np.float64(0.0) - training/global_step:13 - training/epoch:0 - critic/score/mean:0.0 - critic/score/max:0.0 - critic/score/min:0.0 - critic/rewards/mean:0.0 - critic/rewards/max:0.0 - critic/rewards/min:0.0 - critic/advantages/mean:0.0 - critic/advantages/max:0.0 - critic/advantages/min:0.0 - critic/returns/mean:0.0 - critic/returns/max:0.0 - critic/returns/min:0.0 - response_length/mean:2048.0 - response_length/max:2048.0 - response_length/min:2048.0 - response_length/clip_ratio:1.0 - response_length_non_aborted/mean:2048.0 - response_length_non_aborted/max:2048.0 - response_length_non_aborted/min:2048.0 - response_length_non_aborted/clip_ratio:1.0 - response/aborted_ratio:0.0 - prompt_length/mean:92.0703125 - prompt_length/max:663.0 - prompt_length/min:31.0 - prompt_length/clip_ratio:0.0 - num_turns/min:np.int32(2) - num_turns/max:np.int32(2) - num_turns/mean:np.float64(2.0) - timing_s/start_profile:7.520057260990143e-05 - timing_s/agent_loop/num_preempted/min:np.int64(-1) - timing_s/agent_loop/num_preempted/max:np.int64(-1) - timing_s/agent_loop/num_preempted/mean:np.float64(-1.0) - timing_s/agent_loop/generate_sequences/min:np.float64(205.14164863154292) - timing_s/agent_loop/generate_sequences/max:np.float64(329.52111303806305) - timing_s/agent_loop/generate_sequences/mean:np.float64(243.85014066551776) - timing_s/agent_loop/tool_calls/min:np.float64(0.0) - timing_s/agent_loop/tool_calls/max:np.float64(0.0) - timing_s/agent_loop/tool_calls/mean:np.float64(0.0) - timing_s/agent_loop/compute_score/min:np.float64(0.0025525037199258804) - timing_s/agent_loop/compute_score/max:np.float64(0.3865770511329174) - timing_s/agent_loop/compute_score/mean:np.float64(0.03982595529378159) - timing_s/agent_loop/slowest/generate_sequences:np.float64(329.1791153308004) - timing_s/agent_loop/slowest/tool_calls:np.float64(0.0) - timing_s/agent_loop/slowest/compute_score:np.float64(0.3755170423537493) - timing_s/agent_loop/slowest/num_preempted:np.int64(-1) - timing_s/agent_loop/slowest/prompt_length:95 - timing_s/agent_loop/slowest/response_length:2048 - timing_s/gen:331.9280444998294 - timing_s/reward:3.472156822681427e-05 - timing_s/old_log_prob:160.28615597262979 - timing_s/ref:155.48650683276355 - timing_s/adv:0.09730207920074463 - timing_s/update_actor:597.6051258929074 - timing_s/update_weights:2.0287514999508858 - timing_s/step:1248.0991621334106 - timing_s/stop_profile:3.2199546694755554e-05 - timing_per_token_ms/gen:0.031655125093443814 - timing_per_token_ms/ref:0.014190402150992005 - timing_per_token_ms/adv:8.880228015356592e-06 - timing_per_token_ms/update_actor:0.05454014780225053 - perf/total_num_tokens:10957160 - perf/time_per_step:1248.0991621334106 - perf/throughput:1097.3847604054374
[36m(TaskRunner pid=1876115)[0m step:14 - global_seqlen/min:1363485 - global_seqlen/max:1375005 - global_seqlen/minmax_diff:11520 - global_seqlen/balanced_min:1369837 - global_seqlen/balanced_max:1369840 - global_seqlen/mean:1369838.125 - actor/entropy:1.2415635585784912 - perf/mfu/actor_infer:0.0 - actor/pg_clipfrac:np.float64(0.0) - actor/ppo_kl:np.float64(0.0013358157005878219) - actor/pg_clipfrac_lower:np.float64(0.0) - actor/pg_loss:np.float64(0.0) - actor/kl_loss:np.float64(0.018640027823494165) - actor/kl_coef:np.float64(0.0010000000000000005) - actor/loss:np.float64(1.8640027974470286e-05) - actor/grad_norm:np.float64(0.07173818908631802) - actor/perf/max_memory_allocated_gb:np.float64(56.40196132659912) - actor/perf/max_memory_reserved_gb:np.float64(169.970703125) - actor/perf/cpu_memory_used_gb:np.float64(381.1718692779541) - actor/lr:np.float64(1e-06) - perf/mfu/actor:np.float64(0.0) - training/global_step:14 - training/epoch:0 - critic/score/mean:0.0 - critic/score/max:0.0 - critic/score/min:0.0 - critic/rewards/mean:0.0 - critic/rewards/max:0.0 - critic/rewards/min:0.0 - critic/advantages/mean:0.0 - critic/advantages/max:0.0 - critic/advantages/min:0.0 - critic/returns/mean:0.0 - critic/returns/max:0.0 - critic/returns/min:0.0 - response_length/mean:2048.0 - response_length/max:2048.0 - response_length/min:2048.0 - response_length/clip_ratio:1.0 - response_length_non_aborted/mean:2048.0 - response_length_non_aborted/max:2048.0 - response_length_non_aborted/min:2048.0 - response_length_non_aborted/clip_ratio:1.0 - response/aborted_ratio:0.0 - prompt_length/mean:92.3720703125 - prompt_length/max:863.0 - prompt_length/min:31.0 - prompt_length/clip_ratio:0.0 - num_turns/min:np.int32(2) - num_turns/max:np.int32(2) - num_turns/mean:np.float64(2.0) - timing_s/start_profile:7.629022002220154e-05 - timing_s/agent_loop/num_preempted/min:np.int64(-1) - timing_s/agent_loop/num_preempted/max:np.int64(-1) - timing_s/agent_loop/num_preempted/mean:np.float64(-1.0) - timing_s/agent_loop/generate_sequences/min:np.float64(205.2729443088174) - timing_s/agent_loop/generate_sequences/max:np.float64(330.6893235798925) - timing_s/agent_loop/generate_sequences/mean:np.float64(244.34283832848013) - timing_s/agent_loop/tool_calls/min:np.float64(0.0) - timing_s/agent_loop/tool_calls/max:np.float64(0.0) - timing_s/agent_loop/tool_calls/mean:np.float64(0.0) - timing_s/agent_loop/compute_score/min:np.float64(0.0024588201195001602) - timing_s/agent_loop/compute_score/max:np.float64(0.37759656086564064) - timing_s/agent_loop/compute_score/mean:np.float64(0.05657590257433185) - timing_s/agent_loop/slowest/generate_sequences:np.float64(330.4550270996988) - timing_s/agent_loop/slowest/tool_calls:np.float64(0.0) - timing_s/agent_loop/slowest/compute_score:np.float64(0.2893489059060812) - timing_s/agent_loop/slowest/num_preempted:np.int64(-1) - timing_s/agent_loop/slowest/prompt_length:97 - timing_s/agent_loop/slowest/response_length:2048 - timing_s/gen:332.9090445153415 - timing_s/reward:3.944896161556244e-05 - timing_s/old_log_prob:160.82010603509843 - timing_s/ref:155.31180744990706 - timing_s/adv:0.07858856581151485 - timing_s/update_actor:598.3534156009555 - timing_s/update_weights:2.0117455162107944 - timing_s/step:1250.2650555130094 - timing_s/stop_profile:3.1575560569763184e-05 - timing_per_token_ms/gen:0.03174868054536262 - timing_per_token_ms/ref:0.014172459925685294 - timing_per_token_ms/adv:7.171336924528478e-06 - timing_per_token_ms/update_actor:0.05460074120080388 - perf/total_num_tokens:10958705 - perf/time_per_step:1250.2650555130094 - perf/throughput:1095.6381760489396[36m(TaskRunner pid=1876115)[0m Training Progress:   7%|▋         | 14/210 [5:05:53<69:50:02, 1282.67s/it]
[36m(TaskRunner pid=1876115)[0m Training Progress:   7%|▋         | 15/210 [5:33:09<75:14:46, 1389.16s/it]
[36m(TaskRunner pid=1876115)[0m Training Progress:   8%|▊         | 16/210 [5:54:03<72:40:38, 1348.65s/it]

[36m(TaskRunner pid=1876115)[0m test_gen_batch meta info: {'eos_token_id': 151645, 'pad_token_id': 151643, 'recompute_log_prob': False, 'do_sample': False, 'validate': True, 'global_steps': 15}
[36m(TaskRunner pid=1876115)[0m validation generation end
[36m(TaskRunner pid=1876115)[0m step:15 - global_seqlen/min:1364975 - global_seqlen/max:1375570 - global_seqlen/minmax_diff:10595 - global_seqlen/balanced_min:1369233 - global_seqlen/balanced_max:1369240 - global_seqlen/mean:1369235.0 - actor/entropy:1.2183760404586792 - perf/mfu/actor_infer:0.0 - actor/pg_clipfrac:np.float64(0.0) - actor/ppo_kl:np.float64(0.0277153305098367) - actor/pg_clipfrac_lower:np.float64(0.0) - actor/pg_loss:np.float64(0.0) - actor/kl_loss:np.float64(0.02094207994377939) - actor/kl_coef:np.float64(0.0010000000000000005) - actor/loss:np.float64(2.0942080482200254e-05) - actor/grad_norm:np.float64(0.09524571057409048) - actor/perf/max_memory_allocated_gb:np.float64(56.40196132659912) - actor/perf/max_memory_reserved_gb:np.float64(169.970703125) - actor/perf/cpu_memory_used_gb:np.float64(383.6810579299927) - actor/lr:np.float64(1e-06) - perf/mfu/actor:np.float64(0.0) - val-aux/openai/gsm8k/reward/mean@1:np.float64(0.0) - val-core/openai/gsm8k/acc/mean@1:np.float64(0.0) - val-aux/DigitalLearningGmbH/MATH-lighteval/reward/mean@1:np.float64(0.0) - val-core/DigitalLearningGmbH/MATH-lighteval/acc/mean@1:np.float64(0.0) - val-aux/num_turns/min:np.int32(2) - val-aux/num_turns/max:np.int32(2) - val-aux/num_turns/mean:np.float64(2.0) - training/global_step:15 - training/epoch:1 - critic/score/mean:0.0 - critic/score/max:0.0 - critic/score/min:0.0 - critic/rewards/mean:0.0 - critic/rewards/max:0.0 - critic/rewards/min:0.0 - critic/advantages/mean:0.0 - critic/advantages/max:0.0 - critic/advantages/min:0.0 - critic/returns/mean:0.0 - critic/returns/max:0.0 - critic/returns/min:0.0 - response_length/mean:2048.0 - response_length/max:2048.0 - response_length/min:2048.0 - response_length/clip_ratio:1.0 - response_length_non_aborted/mean:2048.0 - response_length_non_aborted/max:2048.0 - response_length_non_aborted/min:2048.0 - response_length_non_aborted/clip_ratio:1.0 - response/aborted_ratio:0.0 - prompt_length/mean:91.4296875 - prompt_length/max:885.0 - prompt_length/min:32.0 - prompt_length/clip_ratio:0.0 - num_turns/min:np.int32(2) - num_turns/max:np.int32(2) - num_turns/mean:np.float64(2.0) - timing_s/start_profile:0.0002816189080476761 - timing_s/agent_loop/num_preempted/min:np.int64(-1) - timing_s/agent_loop/num_preempted/max:np.int64(-1) - timing_s/agent_loop/num_preempted/mean:np.float64(-1.0) - timing_s/agent_loop/generate_sequences/min:np.float64(205.7601637840271) - timing_s/agent_loop/generate_sequences/max:np.float64(329.6016893722117) - timing_s/agent_loop/generate_sequences/mean:np.float64(244.04658415988814) - timing_s/agent_loop/tool_calls/min:np.float64(0.0) - timing_s/agent_loop/tool_calls/max:np.float64(0.0) - timing_s/agent_loop/tool_calls/mean:np.float64(0.0) - timing_s/agent_loop/compute_score/min:np.float64(0.0025105606764554977) - timing_s/agent_loop/compute_score/max:np.float64(0.1553279161453247) - timing_s/agent_loop/compute_score/mean:np.float64(0.025355489166031475) - timing_s/agent_loop/slowest/generate_sequences:np.float64(329.4695552960038) - timing_s/agent_loop/slowest/tool_calls:np.float64(0.0) - timing_s/agent_loop/slowest/compute_score:np.float64(0.15061037428677082) - timing_s/agent_loop/slowest/num_preempted:np.int64(-1) - timing_s/agent_loop/slowest/prompt_length:67 - timing_s/agent_loop/slowest/response_length:2048 - timing_s/gen:332.7614082749933 - timing_s/reward:0.0016499683260917664 - timing_s/old_log_prob:160.3096131682396 - timing_s/ref:155.47035276331007 - timing_s/adv:0.12273972481489182 - timing_s/update_actor:597.4552166946232 - timing_s/update_weights:2.0288419388234615 - timing_s/step:1248.9955993313342 - timing_s/testing:386.1158034838736 - timing_s/stop_profile:0.00011481344699859619 - timing_per_token_ms/gen:0.03173460085630353 - timing_per_token_ms/ref:0.014193176551442054 - timing_per_token_ms/adv:1.1205136884363514e-05 - timing_per_token_ms/update_actor:0.05454279366714107 - perf/total_num_tokens:10953880 - perf/time_per_step:1248.9955993313342 - perf/throughput:1096.2688745525104
[36m(TaskRunner pid=1876115)[0m step:16 - global_seqlen/min:1361260 - global_seqlen/max:1373655 - global_seqlen/minmax_diff:12395 - global_seqlen/balanced_min:1368355 - global_seqlen/balanced_max:1368357 - global_seqlen/mean:1368356.25 - actor/entropy:1.1898804903030396 - perf/mfu/actor_infer:0.0 - actor/pg_clipfrac:np.float64(0.0) - actor/ppo_kl:np.float64(-0.020548202384298705) - actor/pg_clipfrac_lower:np.float64(0.0) - actor/pg_loss:np.float64(0.0) - actor/kl_loss:np.float64(0.015250847818606417) - actor/kl_coef:np.float64(0.0010000000000000005) - actor/loss:np.float64(1.5250849173753522e-05) - actor/grad_norm:np.float64(0.04010887420736253) - actor/perf/max_memory_allocated_gb:np.float64(56.40196132659912) - actor/perf/max_memory_reserved_gb:np.float64(169.970703125) - actor/perf/cpu_memory_used_gb:np.float64(382.9221410751343) - actor/lr:np.float64(1e-06) - perf/mfu/actor:np.float64(0.0) - training/global_step:16 - training/epoch:1 - critic/score/mean:0.0 - critic/score/max:0.0 - critic/score/min:0.0 - critic/rewards/mean:0.0 - critic/rewards/max:0.0 - critic/rewards/min:0.0 - critic/advantages/mean:0.0 - critic/advantages/max:0.0 - critic/advantages/min:0.0 - critic/returns/mean:0.0 - critic/returns/max:0.0 - critic/returns/min:0.0 - response_length/mean:2048.0 - response_length/max:2048.0 - response_length/min:2048.0 - response_length/clip_ratio:1.0 - response_length_non_aborted/mean:2048.0 - response_length_non_aborted/max:2048.0 - response_length_non_aborted/min:2048.0 - response_length_non_aborted/clip_ratio:1.0 - response/aborted_ratio:0.0 - prompt_length/mean:90.056640625 - prompt_length/max:769.0 - prompt_length/min:31.0 - prompt_length/clip_ratio:0.0 - num_turns/min:np.int32(2) - num_turns/max:np.int32(2) - num_turns/mean:np.float64(2.0) - timing_s/start_profile:7.804669439792633e-05 - timing_s/agent_loop/num_preempted/min:np.int64(-1) - timing_s/agent_loop/num_preempted/max:np.int64(-1) - timing_s/agent_loop/num_preempted/mean:np.float64(-1.0) - timing_s/agent_loop/generate_sequences/min:np.float64(204.90944768488407) - timing_s/agent_loop/generate_sequences/max:np.float64(336.6183971352875) - timing_s/agent_loop/generate_sequences/mean:np.float64(246.70952042588107) - timing_s/agent_loop/tool_calls/min:np.float64(0.0) - timing_s/agent_loop/tool_calls/max:np.float64(0.0) - timing_s/agent_loop/tool_calls/mean:np.float64(0.0) - timing_s/agent_loop/compute_score/min:np.float64(0.0024900678545236588) - timing_s/agent_loop/compute_score/max:np.float64(0.34667206928133965) - timing_s/agent_loop/compute_score/mean:np.float64(0.05815981103150989) - timing_s/agent_loop/slowest/generate_sequences:np.float64(336.50819967128336) - timing_s/agent_loop/slowest/tool_calls:np.float64(0.0) - timing_s/agent_loop/slowest/compute_score:np.float64(0.15386975929141045) - timing_s/agent_loop/slowest/num_preempted:np.int64(-1) - timing_s/agent_loop/slowest/prompt_length:98 - timing_s/agent_loop/slowest/response_length:2048 - timing_s/gen:339.12708278000355 - timing_s/reward:4.486739635467529e-05 - timing_s/old_log_prob:160.23381493240595 - timing_s/ref:155.0048096459359 - timing_s/adv:0.07648990862071514 - timing_s/update_actor:597.1639734674245 - timing_s/update_weights:2.040276423096657 - timing_s/step:1254.4196651075035 - timing_s/stop_profile:3.1927600502967834e-05 - timing_per_token_ms/gen:0.032341678884506564 - timing_per_token_ms/ref:0.014159763735315264 - timing_per_token_ms/adv:6.987389853767535e-06 - timing_per_token_ms/update_actor:0.054551215506508675 - perf/total_num_tokens:10946850 - perf/time_per_step:1254.4196651075035 - perf/throughput:1090.8281240016531
[36m(TaskRunner pid=1876115)[0m step:17 - global_seqlen/min:1365445 - global_seqlen/max:1377180 - global_seqlen/minmax_diff:11735 - global_seqlen/balanced_min:1369361 - global_seqlen/balanced_max:1369364 - global_seqlen/mean:1369361.875 - actor/entropy:1.259856939315796 - perf/mfu/actor_infer:0.0 - actor/pg_clipfrac:np.float64(0.0) - actor/ppo_kl:np.float64(0.0255987420316214) - actor/pg_clipfrac_lower:np.float64(0.0) - actor/pg_loss:np.float64(0.0) - actor/kl_loss:np.float64(0.0196682083842461) - actor/kl_coef:np.float64(0.0010000000000000005) - actor/loss:np.float64(1.9668209006340476e-05) - actor/grad_norm:np.float64(0.020723931724205613) - actor/perf/max_memory_allocated_gb:np.float64(56.40196132659912) - actor/perf/max_memory_reserved_gb:np.float64(169.970703125) - actor/perf/cpu_memory_used_gb:np.float64(383.53328132629395) - actor/lr:np.float64(1e-06) - perf/mfu/actor:np.float64(0.0) - training/global_step:17 - training/epoch:1 - critic/score/mean:0.0 - critic/score/max:0.0 - critic/score/min:0.0 - critic/rewards/mean:0.0 - critic/rewards/max:0.0 - critic/rewards/min:0.0 - critic/advantages/mean:0.0 - critic/advantages/max:0.0 - critic/advantages/min:0.0 - critic/returns/mean:0.0 - critic/returns/max:0.0 - critic/returns/min:0.0 - response_length/mean:2048.0 - response_length/max:2048.0 - response_length/min:2048.0 - response_length/clip_ratio:1.0 - response_length_non_aborted/mean:2048.0 - response_length_non_aborted/max:2048.0 - response_length_non_aborted/min:2048.0 - response_length_non_aborted/clip_ratio:1.0 - response/aborted_ratio:0.0 - prompt_length/mean:91.6279296875 - prompt_length/max:865.0 - prompt_length/min:30.0 - prompt_length/clip_ratio:0.0 - num_turns/min:np.int32(2) - num_turns/max:np.int32(2) - num_turns/mean:np.float64(2.0) - timing_s/start_profile:7.508322596549988e-05 - timing_s/agent_loop/num_preempted/min:np.int64(-1) - timing_s/agent_loop/num_preempted/max:np.int64(-1) - timing_s/agent_loop/num_preempted/mean:np.float64(-1.0) - timing_s/agent_loop/generate_sequences/min:np.float64(205.45486511290073) - timing_s/agent_loop/generate_sequences/max:np.float64(330.4055327307433) - timing_s/agent_loop/generate_sequences/mean:np.float64(244.4900371739117) - timing_s/agent_loop/tool_calls/min:np.float64(0.0) - timing_s/agent_loop/tool_calls/max:np.float64(0.0) - timing_s/agent_loop/tool_calls/mean:np.float64(0.0) - timing_s/agent_loop/compute_score/min:np.float64(0.0025374870747327805) - timing_s/agent_loop/compute_score/max:np.float64(0.22177831456065178) - timing_s/agent_loop/compute_score/mean:np.float64(0.030195402666868175) - timing_s/agent_loop/slowest/generate_sequences:np.float64(330.30550426989794) - timing_s/agent_loop/slowest/tool_calls:np.float64(0.0) - timing_s/agent_loop/slowest/compute_score:np.float64(0.14734366536140442) - timing_s/agent_loop/slowest/num_preempted:np.int64(-1) - timing_s/agent_loop/slowest/prompt_length:91 - timing_s/agent_loop/slowest/response_length:2048 - timing_s/gen:333.07718322984874 - timing_s/reward:3.546290099620819e-05 - timing_s/old_log_prob:159.71040527895093 - timing_s/ref:155.10886579751968 - timing_s/adv:0.07696746289730072 - timing_s/update_actor:597.733323475346 - timing_s/update_weights:2.079281762242317 - timing_s/step:1248.489257549867 - timing_s/stop_profile:3.036484122276306e-05 - timing_per_token_ms/gen:0.03176471550272453 - timing_per_token_ms/ref:0.014158863758851151 - timing_per_token_ms/adv:7.025851265329401e-06 - timing_per_token_ms/update_actor:0.054563126663956706 - perf/total_num_tokens:10954895 - perf/time_per_step:1248.489257549867 - perf/throughput:1096.815104110181[36m(TaskRunner pid=1876115)[0m Training Progress:   8%|▊         | 17/210 [6:14:52<70:41:30, 1318.60s/it]
[36m(TaskRunner pid=1876115)[0m Training Progress:   9%|▊         | 18/210 [6:35:41<69:12:41, 1297.72s/it]
[36m(TaskRunner pid=1876115)[0m Training Progress:   9%|▉         | 19/210 [6:56:32<68:06:03, 1283.58s/it]
[36m(WorkerDict pid=1877024)[0m INFO:2026-05-25 09:57:12,939:[Rank 5] Saved model to /workspace/verl/checkpoints/verl_grpo_gsm8k_math/qwen3_8b_grpo_vllm_fsdp_20260525_0229/global_step_20/actor/model_world_size_8_rank_5.pt
[36m(WorkerDict pid=1877024)[0m INFO:2026-05-25 09:57:23,796:[Rank 5] Saved optim to /workspace/verl/checkpoints/verl_grpo_gsm8k_math/qwen3_8b_grpo_vllm_fsdp_20260525_0229/global_step_20/actor/optim_world_size_8_rank_5.pt
[36m(WorkerDict pid=1877024)[0m INFO:2026-05-25 09:57:23,798:[Rank 5] Saved extra_state to /workspace/verl/checkpoints/verl_grpo_gsm8k_math/qwen3_8b_grpo_vllm_fsdp_20260525_0229/global_step_20/actor/extra_state_world_size_8_rank_5.pt
[36m(WorkerDict pid=1877022)[0m INFO:2026-05-25 09:57:12,981:[Rank 3] Saved model to /workspace/verl/checkpoints/verl_grpo_gsm8k_math/qwen3_8b_grpo_vllm_fsdp_20260525_0229/global_step_20/actor/model_world_size_8_rank_3.pt[32m [repeated 3x across cluster][0m

[36m(TaskRunner pid=1876115)[0m step:18 - global_seqlen/min:1361425 - global_seqlen/max:1373820 - global_seqlen/minmax_diff:12395 - global_seqlen/balanced_min:1368243 - global_seqlen/balanced_max:1368249 - global_seqlen/mean:1368246.875 - actor/entropy:1.2225100994110107 - perf/mfu/actor_infer:0.0 - actor/pg_clipfrac:np.float64(0.0) - actor/ppo_kl:np.float64(-0.010846476763445237) - actor/pg_clipfrac_lower:np.float64(0.0) - actor/pg_loss:np.float64(0.0) - actor/kl_loss:np.float64(0.019109162254608236) - actor/kl_coef:np.float64(0.0010000000000000005) - actor/loss:np.float64(1.9109163076791447e-05) - actor/grad_norm:np.float64(0.02054176083765924) - actor/perf/max_memory_allocated_gb:np.float64(56.40196132659912) - actor/perf/max_memory_reserved_gb:np.float64(169.970703125) - actor/perf/cpu_memory_used_gb:np.float64(383.43314933776855) - actor/lr:np.float64(1e-06) - perf/mfu/actor:np.float64(0.0) - training/global_step:18 - training/epoch:1 - critic/score/mean:0.0 - critic/score/max:0.0 - critic/score/min:0.0 - critic/rewards/mean:0.0 - critic/rewards/max:0.0 - critic/rewards/min:0.0 - critic/advantages/mean:0.0 - critic/advantages/max:0.0 - critic/advantages/min:0.0 - critic/returns/mean:0.0 - critic/returns/max:0.0 - critic/returns/min:0.0 - response_length/mean:2048.0 - response_length/max:2048.0 - response_length/min:2048.0 - response_length/clip_ratio:1.0 - response_length_non_aborted/mean:2048.0 - response_length_non_aborted/max:2048.0 - response_length_non_aborted/min:2048.0 - response_length_non_aborted/clip_ratio:1.0 - response/aborted_ratio:0.0 - prompt_length/mean:89.8857421875 - prompt_length/max:837.0 - prompt_length/min:31.0 - prompt_length/clip_ratio:0.0 - num_turns/min:np.int32(2) - num_turns/max:np.int32(2) - num_turns/mean:np.float64(2.0) - timing_s/start_profile:7.534399628639221e-05 - timing_s/agent_loop/num_preempted/min:np.int64(-1) - timing_s/agent_loop/num_preempted/max:np.int64(-1) - timing_s/agent_loop/num_preempted/mean:np.float64(-1.0) - timing_s/agent_loop/generate_sequences/min:np.float64(205.26864926330745) - timing_s/agent_loop/generate_sequences/max:np.float64(329.9990465063602) - timing_s/agent_loop/generate_sequences/mean:np.float64(243.79893837580713) - timing_s/agent_loop/tool_calls/min:np.float64(0.0) - timing_s/agent_loop/tool_calls/max:np.float64(0.0) - timing_s/agent_loop/tool_calls/mean:np.float64(0.0) - timing_s/agent_loop/compute_score/min:np.float64(0.0024359244853258133) - timing_s/agent_loop/compute_score/max:np.float64(0.37123233638703823) - timing_s/agent_loop/compute_score/mean:np.float64(0.05742468287498923) - timing_s/agent_loop/slowest/generate_sequences:np.float64(329.77754870802164) - timing_s/agent_loop/slowest/tool_calls:np.float64(0.0) - timing_s/agent_loop/slowest/compute_score:np.float64(0.254593463614583) - timing_s/agent_loop/slowest/num_preempted:np.int64(-1) - timing_s/agent_loop/slowest/prompt_length:67 - timing_s/agent_loop/slowest/response_length:2048 - timing_s/gen:332.2761511951685 - timing_s/reward:3.631412982940674e-05 - timing_s/old_log_prob:160.5151905734092 - timing_s/ref:155.54898905940354 - timing_s/adv:0.07844002172350883 - timing_s/update_actor:597.7304308842868 - timing_s/update_weights:2.012036055326462 - timing_s/step:1248.9922510124743 - timing_s/stop_profile:3.259815275669098e-05 - timing_per_token_ms/gen:0.03168832313491521 - timing_per_token_ms/ref:0.014210610663682635 - timing_per_token_ms/adv:7.166106420260309e-06 - timing_per_token_ms/update_actor:0.054607326518129884 - perf/total_num_tokens:10945975 - perf/time_per_step:1248.9922510124743 - perf/throughput:1095.4806756333787
[36m(TaskRunner pid=1876115)[0m step:19 - global_seqlen/min:1365480 - global_seqlen/max:1372540 - global_seqlen/minmax_diff:7060 - global_seqlen/balanced_min:1369421 - global_seqlen/balanced_max:1369429 - global_seqlen/mean:1369424.375 - actor/entropy:1.2359377145767212 - perf/mfu/actor_infer:0.0 - actor/pg_clipfrac:np.float64(0.0) - actor/ppo_kl:np.float64(0.015801205764673146) - actor/pg_clipfrac_lower:np.float64(0.0) - actor/pg_loss:np.float64(0.0) - actor/kl_loss:np.float64(0.01899154908642231) - actor/kl_coef:np.float64(0.0010000000000000005) - actor/loss:np.float64(1.8991550405189628e-05) - actor/grad_norm:np.float64(0.030289989430457354) - actor/perf/max_memory_allocated_gb:np.float64(56.40196132659912) - actor/perf/max_memory_reserved_gb:np.float64(176.685546875) - actor/perf/cpu_memory_used_gb:np.float64(383.56929874420166) - actor/lr:np.float64(1e-06) - perf/mfu/actor:np.float64(0.0) - training/global_step:19 - training/epoch:1 - critic/score/mean:0.0 - critic/score/max:0.0 - critic/score/min:0.0 - critic/rewards/mean:0.0 - critic/rewards/max:0.0 - critic/rewards/min:0.0 - critic/advantages/mean:0.0 - critic/advantages/max:0.0 - critic/advantages/min:0.0 - critic/returns/mean:0.0 - critic/returns/max:0.0 - critic/returns/min:0.0 - response_length/mean:2048.0 - response_length/max:2048.0 - response_length/min:2048.0 - response_length/clip_ratio:1.0 - response_length_non_aborted/mean:2048.0 - response_length_non_aborted/max:2048.0 - response_length_non_aborted/min:2048.0 - response_length_non_aborted/clip_ratio:1.0 - response/aborted_ratio:0.0 - prompt_length/mean:91.7255859375 - prompt_length/max:983.0 - prompt_length/min:32.0 - prompt_length/clip_ratio:0.0 - num_turns/min:np.int32(2) - num_turns/max:np.int32(2) - num_turns/mean:np.float64(2.0) - timing_s/start_profile:7.012486457824707e-05 - timing_s/agent_loop/num_preempted/min:np.int64(-1) - timing_s/agent_loop/num_preempted/max:np.int64(-1) - timing_s/agent_loop/num_preempted/mean:np.float64(-1.0) - timing_s/agent_loop/generate_sequences/min:np.float64(205.90425558388233) - timing_s/agent_loop/generate_sequences/max:np.float64(330.16910443641245) - timing_s/agent_loop/generate_sequences/mean:np.float64(244.31785554295675) - timing_s/agent_loop/tool_calls/min:np.float64(0.0) - timing_s/agent_loop/tool_calls/max:np.float64(0.0) - timing_s/agent_loop/tool_calls/mean:np.float64(0.0) - timing_s/agent_loop/compute_score/min:np.float64(0.002461543306708336) - timing_s/agent_loop/compute_score/max:np.float64(0.35271717235445976) - timing_s/agent_loop/compute_score/mean:np.float64(0.04384405798991793) - timing_s/agent_loop/slowest/generate_sequences:np.float64(330.0308001637459) - timing_s/agent_loop/slowest/tool_calls:np.float64(0.0) - timing_s/agent_loop/slowest/compute_score:np.float64(0.16470937244594097) - timing_s/agent_loop/slowest/num_preempted:np.int64(-1) - timing_s/agent_loop/slowest/prompt_length:74 - timing_s/agent_loop/slowest/response_length:2048 - timing_s/gen:332.773702127859 - timing_s/reward:0.0031416453421115875 - timing_s/old_log_prob:160.37297237105668 - timing_s/ref:156.73278030008078 - timing_s/adv:0.08082215674221516 - timing_s/update_actor:597.7638700734824 - timing_s/update_weights:2.017453834414482 - timing_s/step:1250.4518790598959 - timing_s/stop_profile:3.298930823802948e-05 - timing_per_token_ms/gen:0.0317357732894763 - timing_per_token_ms/ref:0.014306447216196292 - timing_per_token_ms/adv:7.377384087220512e-06 - timing_per_token_ms/update_actor:0.05456342469381363 - perf/total_num_tokens:10955395 - perf/time_per_step:1250.4518790598959 - perf/throughput:1095.1436020309307
[36m(TaskRunner pid=1876115)[0m local_global_step_folder: checkpoints/verl_grpo_gsm8k_math/qwen3_8b_grpo_vllm_fsdp_20260525_0229/global_step_20
[36m(TaskRunner pid=1876115)[0m test_gen_batch meta info: {'eos_token_id': 151645, 'pad_token_id': 151643, 'recompute_log_prob': False, 'do_sample': False, 'validate': True, 'global_steps': 20}
[36m(TaskRunner pid=1876115)[0m validation generation end
[36m(TaskRunner pid=1876115)[0m step:20 - global_seqlen/min:1364405 - global_seqlen/max:1372930 - global_seqlen/minmax_diff:8525 - global_seqlen/balanced_min:1369420 - global_seqlen/balanced_max:1369422 - global_seqlen/mean:1369421.25 - actor/entropy:1.235516905784607 - perf/mfu/actor_infer:0.0 - actor/pg_clipfrac:np.float64(0.0) - actor/ppo_kl:np.float64(0.0052277943498457565) - actor/pg_clipfrac_lower:np.float64(0.0) - actor/pg_loss:np.float64(0.0) - actor/kl_loss:np.float64(0.01858669657849532) - actor/kl_coef:np.float64(0.0010000000000000005) - actor/loss:np.float64(1.8586696569400374e-05) - actor/grad_norm:np.float64(0.024865703657269478) - actor/perf/max_memory_allocated_gb:np.float64(56.40196132659912) - actor/perf/max_memory_reserved_gb:np.float64(176.685546875) - actor/perf/cpu_memory_used_gb:np.float64(383.82366847991943) - actor/lr:np.float64(1e-06) - perf/mfu/actor:np.float64(0.0) - val-aux/openai/gsm8k/reward/mean@1:np.float64(0.0) - val-core/openai/gsm8k/acc/mean@1:np.float64(0.0) - val-aux/DigitalLearningGmbH/MATH-lighteval/reward/mean@1:np.float64(0.0) - val-core/DigitalLearningGmbH/MATH-lighteval/acc/mean@1:np.float64(0.0) - val-aux/num_turns/min:np.int32(2) - val-aux/num_turns/max:np.int32(2) - val-aux/num_turns/mean:np.float64(2.0) - training/global_step:20 - training/epoch:1 - critic/score/mean:0.0 - critic/score/max:0.0 - critic/score/min:0.0 - critic/rewards/mean:0.0 - critic/rewards/max:0.0 - critic/rewards/min:0.0 - critic/advantages/mean:0.0 - critic/advantages/max:0.0 - critic/advantages/min:0.0 - critic/returns/mean:0.0 - critic/returns/max:0.0 - critic/returns/min:0.0 - response_length/mean:2048.0 - response_length/max:2048.0 - response_length/min:2048.0 - response_length/clip_ratio:1.0 - response_length_non_aborted/mean:2048.0 - response_length_non_aborted/max:2048.0 - response_length_non_aborted/min:2048.0 - response_length_non_aborted/clip_ratio:1.0 - response/aborted_ratio:0.0 - prompt_length/mean:91.720703125 - prompt_length/max:845.0 - prompt_length/min:32.0 - prompt_length/clip_ratio:0.0 - num_turns/min:np.int32(2) - num_turns/max:np.int32(2) - num_turns/mean:np.float64(2.0) - timing_s/start_profile:7.217936217784882e-05 - timing_s/agent_loop/num_preempted/min:np.int64(-1) - timing_s/agent_loop/num_preempted/max:np.int64(-1) - timing_s/agent_loop/num_preempted/mean:np.float64(-1.0) - timing_s/agent_loop/generate_sequences/min:np.float64(203.51455653645098) - timing_s/agent_loop/generate_sequences/max:np.float64(330.5382852759212) - timing_s/agent_loop/generate_sequences/mean:np.float64(249.4134724629286) - timing_s/agent_loop/tool_calls/min:np.float64(0.0) - timing_s/agent_loop/tool_calls/max:np.float64(0.0) - timing_s/agent_loop/tool_calls/mean:np.float64(0.0) - timing_s/agent_loop/compute_score/min:np.float64(0.0025650709867477417) - timing_s/agent_loop/compute_score/max:np.float64(0.5916089545935392) - timing_s/agent_loop/compute_score/mean:np.float64(0.07439793824742083) - timing_s/agent_loop/slowest/generate_sequences:np.float64(330.1878568585962) - timing_s/agent_loop/slowest/tool_calls:np.float64(0.0) - timing_s/agent_loop/slowest/compute_score:np.float64(0.4107918068766594) - timing_s/agent_loop/slowest/num_preempted:np.int64(-1) - timing_s/agent_loop/slowest/prompt_length:49 - timing_s/agent_loop/slowest/response_length:2048 - timing_s/gen:332.7860518693924 - timing_s/reward:4.105269908905029e-05 - timing_s/old_log_prob:160.96153868734837 - timing_s/ref:156.03651268035173 - timing_s/adv:0.07924539968371391 - timing_s/update_actor:598.6540060397238 - timing_s/save_checkpoint:18.46878845244646 - timing_s/update_weights:8.050360411405563 - timing_s/step:1275.8214185982943 - timing_s/testing:384.2525626011193 - timing_s/stop_profile:9.471923112869263e-05 - timing_per_token_ms/gen:0.031736951052607765 - timing_per_token_ms/ref:0.014242924947341052 - timing_per_token_ms/adv:7.233475426545513e-06 - timing_per_token_ms/update_actor:0.05464480031616675 - perf/total_num_tokens:10955370 - perf/time_per_step:1275.8214185982943 - perf/throughput:1073.364367486902[36m(TaskRunner pid=1876115)[0m Training Progress:  10%|▉         | 20/210 [7:24:12<73:42:48, 1396.68s/it]
[36m(WorkerDict pid=1877026)[0m INFO:2026-05-25 09:57:23,891:[Rank 7] Saved optim to /workspace/verl/checkpoints/verl_grpo_gsm8k_math/qwen3_8b_grpo_vllm_fsdp_20260525_0229/global_step_20/actor/optim_world_size_8_rank_7.pt[32m [repeated 3x across cluster][0m
[36m(WorkerDict pid=1877026)[0m INFO:2026-05-25 09:57:23,892:[Rank 7] Saved extra_state to /workspace/verl/checkpoints/verl_grpo_gsm8k_math/qwen3_8b_grpo_vllm_fsdp_20260525_0229/global_step_20/actor/extra_state_world_size_8_rank_7.pt[32m [repeated 3x across cluster][0m
[36m(TaskRunner pid=1876115)[0m Training Progress:  10%|█         | 21/210 [7:45:08<71:06:11, 1354.35s/it]
[36m(TaskRunner pid=1876115)[0m Training Progress:  10%|█         | 22/210 [8:05:55<69:02:35, 1322.10s/it]

[36m(TaskRunner pid=1876115)[0m step:21 - global_seqlen/min:1365455 - global_seqlen/max:1373245 - global_seqlen/minmax_diff:7790 - global_seqlen/balanced_min:1367831 - global_seqlen/balanced_max:1367832 - global_seqlen/mean:1367831.25 - actor/entropy:1.1443215608596802 - perf/mfu/actor_infer:0.0 - actor/pg_clipfrac:np.float64(0.0) - actor/ppo_kl:np.float64(0.0010160703651858208) - actor/pg_clipfrac_lower:np.float64(0.0) - actor/pg_loss:np.float64(0.0) - actor/kl_loss:np.float64(0.014515153510728851) - actor/kl_coef:np.float64(0.0010000000000000005) - actor/loss:np.float64(1.4515154134642216e-05) - actor/grad_norm:np.float64(0.01997468515764922) - actor/perf/max_memory_allocated_gb:np.float64(56.40196132659912) - actor/perf/max_memory_reserved_gb:np.float64(176.685546875) - actor/perf/cpu_memory_used_gb:np.float64(384.86377811431885) - actor/lr:np.float64(1e-06) - perf/mfu/actor:np.float64(0.0) - training/global_step:21 - training/epoch:1 - critic/score/mean:0.0 - critic/score/max:0.0 - critic/score/min:0.0 - critic/rewards/mean:0.0 - critic/rewards/max:0.0 - critic/rewards/min:0.0 - critic/advantages/mean:0.0 - critic/advantages/max:0.0 - critic/advantages/min:0.0 - critic/returns/mean:0.0 - critic/returns/max:0.0 - critic/returns/min:0.0 - response_length/mean:2048.0 - response_length/max:2048.0 - response_length/min:2048.0 - response_length/clip_ratio:1.0 - response_length_non_aborted/mean:2048.0 - response_length_non_aborted/max:2048.0 - response_length_non_aborted/min:2048.0 - response_length_non_aborted/clip_ratio:1.0 - response/aborted_ratio:0.0 - prompt_length/mean:89.236328125 - prompt_length/max:590.0 - prompt_length/min:31.0 - prompt_length/clip_ratio:0.0 - num_turns/min:np.int32(2) - num_turns/max:np.int32(2) - num_turns/mean:np.float64(2.0) - timing_s/start_profile:6.473809480667114e-05 - timing_s/agent_loop/num_preempted/min:np.int64(-1) - timing_s/agent_loop/num_preempted/max:np.int64(-1) - timing_s/agent_loop/num_preempted/mean:np.float64(-1.0) - timing_s/agent_loop/generate_sequences/min:np.float64(205.7681285981089) - timing_s/agent_loop/generate_sequences/max:np.float64(336.90263452753425) - timing_s/agent_loop/generate_sequences/mean:np.float64(246.06263443643766) - timing_s/agent_loop/tool_calls/min:np.float64(0.0) - timing_s/agent_loop/tool_calls/max:np.float64(0.0) - timing_s/agent_loop/tool_calls/mean:np.float64(0.0) - timing_s/agent_loop/compute_score/min:np.float64(0.0024418961256742477) - timing_s/agent_loop/compute_score/max:np.float64(0.28095306642353535) - timing_s/agent_loop/compute_score/mean:np.float64(0.031935028892985426) - timing_s/agent_loop/slowest/generate_sequences:np.float64(336.80759766697884) - timing_s/agent_loop/slowest/tool_calls:np.float64(0.0) - timing_s/agent_loop/slowest/compute_score:np.float64(0.13414941728115082) - timing_s/agent_loop/slowest/num_preempted:np.int64(-1) - timing_s/agent_loop/slowest/prompt_length:86 - timing_s/agent_loop/slowest/response_length:2048 - timing_s/gen:339.6320102121681 - timing_s/reward:4.0981918573379517e-05 - timing_s/old_log_prob:160.77102659083903 - timing_s/ref:154.89729931391776 - timing_s/adv:0.09132048301398754 - timing_s/update_actor:597.2748946193606 - timing_s/update_weights:1.998869065195322 - timing_s/step:1255.4536299593747 - timing_s/stop_profile:3.0606985092163086e-05 - timing_per_token_ms/gen:0.03238983251687699 - timing_per_token_ms/ref:0.01415537363562919 - timing_per_token_ms/adv:8.345371826201838e-06 - timing_per_token_ms/update_actor:0.054582289904123824 - perf/total_num_tokens:10942650 - perf/time_per_step:1255.4536299593747 - perf/throughput:1089.5115656675123
[36m(TaskRunner pid=1876115)[0m step:22 - global_seqlen/min:1363410 - global_seqlen/max:1373680 - global_seqlen/minmax_diff:10270 - global_seqlen/balanced_min:1367961 - global_seqlen/balanced_max:1367973 - global_seqlen/mean:1367968.125 - actor/entropy:1.237914800643921 - perf/mfu/actor_infer:0.0 - actor/pg_clipfrac:np.float64(0.0) - actor/ppo_kl:np.float64(0.0052985879429159125) - actor/pg_clipfrac_lower:np.float64(0.0) - actor/pg_loss:np.float64(0.0) - actor/kl_loss:np.float64(0.01891227897067438) - actor/kl_coef:np.float64(0.0010000000000000005) - actor/loss:np.float64(1.8912280211225152e-05) - actor/grad_norm:np.float64(0.01059903227724135) - actor/perf/max_memory_allocated_gb:np.float64(56.40196132659912) - actor/perf/max_memory_reserved_gb:np.float64(176.685546875) - actor/perf/cpu_memory_used_gb:np.float64(384.30477714538574) - actor/lr:np.float64(1e-06) - perf/mfu/actor:np.float64(0.0) - training/global_step:22 - training/epoch:1 - critic/score/mean:0.0 - critic/score/max:0.0 - critic/score/min:0.0 - critic/rewards/mean:0.0 - critic/rewards/max:0.0 - critic/rewards/min:0.0 - critic/advantages/mean:0.0 - critic/advantages/max:0.0 - critic/advantages/min:0.0 - critic/returns/mean:0.0 - critic/returns/max:0.0 - critic/returns/min:0.0 - response_length/mean:2048.0 - response_length/max:2048.0 - response_length/min:2048.0 - response_length/clip_ratio:1.0 - response_length_non_aborted/mean:2048.0 - response_length_non_aborted/max:2048.0 - response_length_non_aborted/min:2048.0 - response_length_non_aborted/clip_ratio:1.0 - response/aborted_ratio:0.0 - prompt_length/mean:89.4501953125 - prompt_length/max:914.0 - prompt_length/min:33.0 - prompt_length/clip_ratio:0.0 - num_turns/min:np.int32(2) - num_turns/max:np.int32(2) - num_turns/mean:np.float64(2.0) - timing_s/start_profile:6.381608545780182e-05 - timing_s/agent_loop/num_preempted/min:np.int64(-1) - timing_s/agent_loop/num_preempted/max:np.int64(-1) - timing_s/agent_loop/num_preempted/mean:np.float64(-1.0) - timing_s/agent_loop/generate_sequences/min:np.float64(205.19461045973003) - timing_s/agent_loop/generate_sequences/max:np.float64(328.717089895159) - timing_s/agent_loop/generate_sequences/mean:np.float64(243.1126771871008) - timing_s/agent_loop/tool_calls/min:np.float64(0.0) - timing_s/agent_loop/tool_calls/max:np.float64(0.0) - timing_s/agent_loop/tool_calls/mean:np.float64(0.0) - timing_s/agent_loop/compute_score/min:np.float64(0.002508217468857765) - timing_s/agent_loop/compute_score/max:np.float64(0.6832217965275049) - timing_s/agent_loop/compute_score/mean:np.float64(0.04375363034414477) - timing_s/agent_loop/slowest/generate_sequences:np.float64(328.62057752907276) - timing_s/agent_loop/slowest/tool_calls:np.float64(0.0) - timing_s/agent_loop/slowest/compute_score:np.float64(0.11695977672934532) - timing_s/agent_loop/slowest/num_preempted:np.int64(-1) - timing_s/agent_loop/slowest/prompt_length:78 - timing_s/agent_loop/slowest/response_length:2048 - timing_s/gen:330.9762945007533 - timing_s/reward:3.810785710811615e-05 - timing_s/old_log_prob:160.35307620838284 - timing_s/ref:154.77655011974275 - timing_s/adv:0.09512622468173504 - timing_s/update_actor:597.1650419477373 - timing_s/update_weights:2.056455509737134 - timing_s/step:1246.7029696721584 - timing_s/stop_profile:3.045611083507538e-05 - timing_per_token_ms/gen:0.03156435914046796 - timing_per_token_ms/ref:0.014142923662762862 - timing_per_token_ms/adv:8.692291777790421e-06 - timing_per_token_ms/update_actor:0.05456679061397514 - perf/total_num_tokens:10943745 - perf/time_per_step:1246.7029696721584 - perf/throughput:1097.2686824991924
[36m(TaskRunner pid=1876115)[0m step:23 - global_seqlen/min:1360010 - global_seqlen/max:1371605 - global_seqlen/minmax_diff:11595 - global_seqlen/balanced_min:1367562 - global_seqlen/balanced_max:1367565 - global_seqlen/mean:1367563.75 - actor/entropy:1.2368208169937134 - perf/mfu/actor_infer:0.0 - actor/pg_clipfrac:np.float64(0.0) - actor/ppo_kl:np.float64(0.010014428623630812) - actor/pg_clipfrac_lower:np.float64(0.0) - actor/pg_loss:np.float64(0.0) - actor/kl_loss:np.float64(0.018686767070903443) - actor/kl_coef:np.float64(0.0010000000000000005) - actor/loss:np.float64(1.8686767816689098e-05) - actor/grad_norm:np.float64(0.024837517412379384) - actor/perf/max_memory_allocated_gb:np.float64(56.40196132659912) - actor/perf/max_memory_reserved_gb:np.float64(176.685546875) - actor/perf/cpu_memory_used_gb:np.float64(383.88716411590576) - actor/lr:np.float64(1e-06) - perf/mfu/actor:np.float64(0.0) - training/global_step:23 - training/epoch:1 - critic/score/mean:0.0 - critic/score/max:0.0 - critic/score/min:0.0 - critic/rewards/mean:0.0 - critic/rewards/max:0.0 - critic/rewards/min:0.0 - critic/advantages/mean:0.0 - critic/advantages/max:0.0 - critic/advantages/min:0.0 - critic/returns/mean:0.0 - critic/returns/max:0.0 - critic/returns/min:0.0 - response_length/mean:2048.0 - response_length/max:2048.0 - response_length/min:2048.0 - response_length/clip_ratio:1.0 - response_length_non_aborted/mean:2048.0 - response_length_non_aborted/max:2048.0 - response_length_non_aborted/min:2048.0 - response_length_non_aborted/clip_ratio:1.0 - response/aborted_ratio:0.0 - prompt_length/mean:88.818359375 - prompt_length/max:641.0 - prompt_length/min:34.0 - prompt_length/clip_ratio:0.0 - num_turns/min:np.int32(2) - num_turns/max:np.int32(2) - num_turns/mean:np.float64(2.0) - timing_s/start_profile:6.556697189807892e-05 - timing_s/agent_loop/num_preempted/min:np.int64(-1) - timing_s/agent_loop/num_preempted/max:np.int64(-1) - timing_s/agent_loop/num_preempted/mean:np.float64(-1.0) - timing_s/agent_loop/generate_sequences/min:np.float64(204.3359382916242) - timing_s/agent_loop/generate_sequences/max:np.float64(328.44366710446775) - timing_s/agent_loop/generate_sequences/mean:np.float64(242.88804508356662) - timing_s/agent_loop/tool_calls/min:np.float64(0.0) - timing_s/agent_loop/tool_calls/max:np.float64(0.0) - timing_s/agent_loop/tool_calls/mean:np.float64(0.0) - timing_s/agent_loop/compute_score/min:np.float64(0.0025012362748384476) - timing_s/agent_loop/compute_score/max:np.float64(0.5239892322570086) - timing_s/agent_loop/compute_score/mean:np.float64(0.04413662575680064) - timing_s/agent_loop/slowest/generate_sequences:np.float64(328.2520540114492) - timing_s/agent_loop/slowest/tool_calls:np.float64(0.0) - timing_s/agent_loop/slowest/compute_score:np.float64(0.24451009556651115) - timing_s/agent_loop/slowest/num_preempted:np.int64(-1) - timing_s/agent_loop/slowest/prompt_length:53 - timing_s/agent_loop/slowest/response_length:2048 - timing_s/gen:330.95036137104034 - timing_s/reward:3.927759826183319e-05 - timing_s/old_log_prob:160.7072116918862 - timing_s/ref:155.64899794012308 - timing_s/adv:0.07913193665444851 - timing_s/update_actor:596.2327252365649 - timing_s/update_weights:2.0507128797471523 - timing_s/step:1246.421788962558 - timing_s/stop_profile:3.178790211677551e-05 - timing_per_token_ms/gen:0.03156188596449283 - timing_per_token_ms/ref:0.014226850296752445 - timing_per_token_ms/adv:7.232929420515909e-06 - timing_per_token_ms/update_actor:0.05449770853795343 - perf/total_num_tokens:10940510 - perf/time_per_step:1246.421788962558 - perf/throughput:1097.191787009976[36m(TaskRunner pid=1876115)[0m Training Progress:  11%|█         | 23/210 [8:26:41<67:29:55, 1299.44s/it]
[36m(TaskRunner pid=1876115)[0m Training Progress:  11%|█▏        | 24/210 [8:47:27<66:18:05, 1283.26s/it]
[36m(TaskRunner pid=1876115)[0m Training Progress:  12%|█▏        | 25/210 [9:14:37<71:17:19, 1387.24s/it]

[36m(TaskRunner pid=1876115)[0m step:24 - global_seqlen/min:1362085 - global_seqlen/max:1374265 - global_seqlen/minmax_diff:12180 - global_seqlen/balanced_min:1366487 - global_seqlen/balanced_max:1366611 - global_seqlen/mean:1366593.125 - actor/entropy:1.2407991886138916 - perf/mfu/actor_infer:0.0 - actor/pg_clipfrac:np.float64(0.0) - actor/ppo_kl:np.float64(-0.007634188107401012) - actor/pg_clipfrac_lower:np.float64(0.0) - actor/pg_loss:np.float64(0.0) - actor/kl_loss:np.float64(0.019437997396380524) - actor/kl_coef:np.float64(0.0010000000000000005) - actor/loss:np.float64(1.9437998616922414e-05) - actor/grad_norm:np.float64(0.010065374779514968) - actor/perf/max_memory_allocated_gb:np.float64(56.40196132659912) - actor/perf/max_memory_reserved_gb:np.float64(176.685546875) - actor/perf/cpu_memory_used_gb:np.float64(383.8631525039673) - actor/lr:np.float64(1e-06) - perf/mfu/actor:np.float64(0.0) - training/global_step:24 - training/epoch:1 - critic/score/mean:0.0 - critic/score/max:0.0 - critic/score/min:0.0 - critic/rewards/mean:0.0 - critic/rewards/max:0.0 - critic/rewards/min:0.0 - critic/advantages/mean:0.0 - critic/advantages/max:0.0 - critic/advantages/min:0.0 - critic/returns/mean:0.0 - critic/returns/max:0.0 - critic/returns/min:0.0 - response_length/mean:2048.0 - response_length/max:2048.0 - response_length/min:2048.0 - response_length/clip_ratio:1.0 - response_length_non_aborted/mean:2048.0 - response_length_non_aborted/max:2048.0 - response_length_non_aborted/min:2048.0 - response_length_non_aborted/clip_ratio:1.0 - response/aborted_ratio:0.0 - prompt_length/mean:87.3017578125 - prompt_length/max:926.0 - prompt_length/min:31.0 - prompt_length/clip_ratio:0.0 - num_turns/min:np.int32(2) - num_turns/max:np.int32(2) - num_turns/mean:np.float64(2.0) - timing_s/start_profile:8.07829201221466e-05 - timing_s/agent_loop/num_preempted/min:np.int64(-1) - timing_s/agent_loop/num_preempted/max:np.int64(-1) - timing_s/agent_loop/num_preempted/mean:np.float64(-1.0) - timing_s/agent_loop/generate_sequences/min:np.float64(205.3348489999771) - timing_s/agent_loop/generate_sequences/max:np.float64(328.7597976271063) - timing_s/agent_loop/generate_sequences/mean:np.float64(243.3510359512962) - timing_s/agent_loop/tool_calls/min:np.float64(0.0) - timing_s/agent_loop/tool_calls/max:np.float64(0.0) - timing_s/agent_loop/tool_calls/mean:np.float64(0.0) - timing_s/agent_loop/compute_score/min:np.float64(0.0026019252836704254) - timing_s/agent_loop/compute_score/max:np.float64(0.3528704736381769) - timing_s/agent_loop/compute_score/mean:np.float64(0.04929528345455765) - timing_s/agent_loop/slowest/generate_sequences:np.float64(328.5930474996567) - timing_s/agent_loop/slowest/tool_calls:np.float64(0.0) - timing_s/agent_loop/slowest/compute_score:np.float64(0.258069783449173) - timing_s/agent_loop/slowest/num_preempted:np.int64(-1) - timing_s/agent_loop/slowest/prompt_length:60 - timing_s/agent_loop/slowest/response_length:2048 - timing_s/gen:331.08245409466326 - timing_s/reward:0.002993093803524971 - timing_s/old_log_prob:160.00036579556763 - timing_s/ref:154.55845215171576 - timing_s/adv:0.0771157331764698 - timing_s/update_actor:596.8071403168142 - timing_s/update_weights:2.0217550918459892 - timing_s/step:1245.276419520378 - timing_s/stop_profile:3.238953649997711e-05 - timing_per_token_ms/gen:0.03157448330828316 - timing_per_token_ms/ref:0.014137204531132461 - timing_per_token_ms/adv:7.053647842007639e-06 - timing_per_token_ms/update_actor:0.05458895641641822 - perf/total_num_tokens:10932745 - perf/time_per_step:1245.276419520378 - perf/throughput:1097.421507046883
[36m(TaskRunner pid=1876115)[0m test_gen_batch meta info: {'eos_token_id': 151645, 'pad_token_id': 151643, 'recompute_log_prob': False, 'do_sample': False, 'validate': True, 'global_steps': 25}
[36m(TaskRunner pid=1876115)[0m validation generation end
[36m(TaskRunner pid=1876115)[0m step:25 - global_seqlen/min:1363930 - global_seqlen/max:1373130 - global_seqlen/minmax_diff:9200 - global_seqlen/balanced_min:1367634 - global_seqlen/balanced_max:1367636 - global_seqlen/mean:1367635.0 - actor/entropy:1.2522141933441162 - perf/mfu/actor_infer:0.0 - actor/pg_clipfrac:np.float64(0.0) - actor/ppo_kl:np.float64(0.010893133319493807) - actor/pg_clipfrac_lower:np.float64(0.0) - actor/pg_loss:np.float64(0.0) - actor/kl_loss:np.float64(0.01927225408508093) - actor/kl_coef:np.float64(0.0010000000000000005) - actor/loss:np.float64(1.927225503095542e-05) - actor/grad_norm:np.float64(0.013167463475838304) - actor/perf/max_memory_allocated_gb:np.float64(56.40196132659912) - actor/perf/max_memory_reserved_gb:np.float64(176.685546875) - actor/perf/cpu_memory_used_gb:np.float64(383.96447372436523) - actor/lr:np.float64(1e-06) - perf/mfu/actor:np.float64(0.0) - val-aux/openai/gsm8k/reward/mean@1:np.float64(0.0) - val-core/openai/gsm8k/acc/mean@1:np.float64(0.0) - val-aux/DigitalLearningGmbH/MATH-lighteval/reward/mean@1:np.float64(0.0) - val-core/DigitalLearningGmbH/MATH-lighteval/acc/mean@1:np.float64(0.0) - val-aux/num_turns/min:np.int32(2) - val-aux/num_turns/max:np.int32(2) - val-aux/num_turns/mean:np.float64(2.0) - training/global_step:25 - training/epoch:1 - critic/score/mean:0.0 - critic/score/max:0.0 - critic/score/min:0.0 - critic/rewards/mean:0.0 - critic/rewards/max:0.0 - critic/rewards/min:0.0 - critic/advantages/mean:0.0 - critic/advantages/max:0.0 - critic/advantages/min:0.0 - critic/returns/mean:0.0 - critic/returns/max:0.0 - critic/returns/min:0.0 - response_length/mean:2048.0 - response_length/max:2048.0 - response_length/min:2048.0 - response_length/clip_ratio:1.0 - response_length_non_aborted/mean:2048.0 - response_length_non_aborted/max:2048.0 - response_length_non_aborted/min:2048.0 - response_length_non_aborted/clip_ratio:1.0 - response/aborted_ratio:0.0 - prompt_length/mean:88.9296875 - prompt_length/max:796.0 - prompt_length/min:31.0 - prompt_length/clip_ratio:0.0 - num_turns/min:np.int32(2) - num_turns/max:np.int32(2) - num_turns/mean:np.float64(2.0) - timing_s/start_profile:7.970072329044342e-05 - timing_s/agent_loop/num_preempted/min:np.int64(-1) - timing_s/agent_loop/num_preempted/max:np.int64(-1) - timing_s/agent_loop/num_preempted/mean:np.float64(-1.0) - timing_s/agent_loop/generate_sequences/min:np.float64(204.31119871884584) - timing_s/agent_loop/generate_sequences/max:np.float64(328.7730836495757) - timing_s/agent_loop/generate_sequences/mean:np.float64(243.12530628284622) - timing_s/agent_loop/tool_calls/min:np.float64(0.0) - timing_s/agent_loop/tool_calls/max:np.float64(0.0) - timing_s/agent_loop/tool_calls/mean:np.float64(0.0) - timing_s/agent_loop/compute_score/min:np.float64(0.0024509746581315994) - timing_s/agent_loop/compute_score/max:np.float64(0.6273618116974831) - timing_s/agent_loop/compute_score/mean:np.float64(0.0496168401587056) - timing_s/agent_loop/slowest/generate_sequences:np.float64(328.5225446149707) - timing_s/agent_loop/slowest/tool_calls:np.float64(0.0) - timing_s/agent_loop/slowest/compute_score:np.float64(0.2954011410474777) - timing_s/agent_loop/slowest/num_preempted:np.int64(-1) - timing_s/agent_loop/slowest/prompt_length:52 - timing_s/agent_loop/slowest/response_length:2048 - timing_s/gen:330.9642110541463 - timing_s/reward:4.131905734539032e-05 - timing_s/old_log_prob:160.70505102351308 - timing_s/ref:154.33394149504602 - timing_s/adv:0.07910660840570927 - timing_s/update_actor:596.4534100648016 - timing_s/update_weights:2.0358523912727833 - timing_s/step:1245.2793409451842 - timing_s/testing:384.2992770355195 - timing_s/stop_profile:0.00010356679558753967 - timing_per_token_ms/gen:0.03156320677319968 - timing_per_token_ms/ref:0.01410591472642975 - timing_per_token_ms/adv:7.230237637025711e-06 - timing_per_token_ms/update_actor:0.05451503965465947 - perf/total_num_tokens:10941080 - perf/time_per_step:1245.2793409451842 - perf/throughput:1098.2555921645228
[36m(TaskRunner pid=1876115)[0m step:26 - global_seqlen/min:1364395 - global_seqlen/max:1374880 - global_seqlen/minmax_diff:10485 - global_seqlen/balanced_min:1368226 - global_seqlen/balanced_max:1368276 - global_seqlen/mean:1368256.875 - actor/entropy:1.180546760559082 - perf/mfu/actor_infer:0.0 - actor/pg_clipfrac:np.float64(0.0) - actor/ppo_kl:np.float64(0.007243048793019452) - actor/pg_clipfrac_lower:np.float64(0.0) - actor/pg_loss:np.float64(0.0) - actor/kl_loss:np.float64(0.01606184063166438) - actor/kl_coef:np.float64(0.0010000000000000005) - actor/loss:np.float64(1.6061840824477258e-05) - actor/grad_norm:np.float64(0.034368830267339945) - actor/perf/max_memory_allocated_gb:np.float64(56.40196132659912) - actor/perf/max_memory_reserved_gb:np.float64(176.685546875) - actor/perf/cpu_memory_used_gb:np.float64(384.0090608596802) - actor/lr:np.float64(1e-06) - perf/mfu/actor:np.float64(0.0) - training/global_step:26 - training/epoch:1 - critic/score/mean:0.0 - critic/score/max:0.0 - critic/score/min:0.0 - critic/rewards/mean:0.0 - critic/rewards/max:0.0 - critic/rewards/min:0.0 - critic/advantages/mean:0.0 - critic/advantages/max:0.0 - critic/advantages/min:0.0 - critic/returns/mean:0.0 - critic/returns/max:0.0 - critic/returns/min:0.0 - response_length/mean:2048.0 - response_length/max:2048.0 - response_length/min:2048.0 - response_length/clip_ratio:1.0 - response_length_non_aborted/mean:2048.0 - response_length_non_aborted/max:2048.0 - response_length_non_aborted/min:2048.0 - response_length_non_aborted/clip_ratio:1.0 - response/aborted_ratio:0.0 - prompt_length/mean:89.9013671875 - prompt_length/max:683.0 - prompt_length/min:31.0 - prompt_length/clip_ratio:0.0 - num_turns/min:np.int32(2) - num_turns/max:np.int32(2) - num_turns/mean:np.float64(2.0) - timing_s/start_profile:6.618909537792206e-05 - timing_s/agent_loop/num_preempted/min:np.int64(-1) - timing_s/agent_loop/num_preempted/max:np.int64(-1) - timing_s/agent_loop/num_preempted/mean:np.float64(-1.0) - timing_s/agent_loop/generate_sequences/min:np.float64(204.39722173847258) - timing_s/agent_loop/generate_sequences/max:np.float64(334.830006448552) - timing_s/agent_loop/generate_sequences/mean:np.float64(245.1202612040066) - timing_s/agent_loop/tool_calls/min:np.float64(0.0) - timing_s/agent_loop/tool_calls/max:np.float64(0.0) - timing_s/agent_loop/tool_calls/mean:np.float64(0.0) - timing_s/agent_loop/compute_score/min:np.float64(0.0025955066084861755) - timing_s/agent_loop/compute_score/max:np.float64(0.2988517861813307) - timing_s/agent_loop/compute_score/mean:np.float64(0.06184068809889141) - timing_s/agent_loop/slowest/generate_sequences:np.float64(334.6103603094816) - timing_s/agent_loop/slowest/tool_calls:np.float64(0.0) - timing_s/agent_loop/slowest/compute_score:np.float64(0.25230968557298183) - timing_s/agent_loop/slowest/num_preempted:np.int64(-1) - timing_s/agent_loop/slowest/prompt_length:74 - timing_s/agent_loop/slowest/response_length:2048 - timing_s/gen:337.2191876079887 - timing_s/reward:3.740563988685608e-05 - timing_s/old_log_prob:160.60938030295074 - timing_s/ref:154.56936139427125 - timing_s/adv:0.09685006365180016 - timing_s/update_actor:596.5127256400883 - timing_s/update_weights:1.9940704200416803 - timing_s/step:1252.399093216285 - timing_s/stop_profile:3.098882734775543e-05 - timing_per_token_ms/gen:0.03215972782211196 - timing_per_token_ms/ref:0.0141210108476772 - timing_per_token_ms/adv:8.847942354738776e-06 - timing_per_token_ms/update_actor:0.05449568137928124 - perf/total_num_tokens:10946055 - perf/time_per_step:1252.399093216285 - perf/throughput:1092.5086758775756[36m(TaskRunner pid=1876115)[0m Training Progress:  12%|█▏        | 26/210 [9:35:29<68:50:18, 1346.84s/it]
[36m(TaskRunner pid=1876115)[0m Training Progress:  13%|█▎        | 27/210 [9:56:14<66:54:53, 1316.36s/it]
[36m(TaskRunner pid=1876115)[0m Training Progress:  13%|█▎        | 28/210 [10:17:02<65:30:19, 1295.71s/it]

[36m(TaskRunner pid=1876115)[0m step:27 - global_seqlen/min:1362980 - global_seqlen/max:1371890 - global_seqlen/minmax_diff:8910 - global_seqlen/balanced_min:1367031 - global_seqlen/balanced_max:1367035 - global_seqlen/mean:1367031.875 - actor/entropy:1.2599681615829468 - perf/mfu/actor_infer:0.0 - actor/pg_clipfrac:np.float64(0.0) - actor/ppo_kl:np.float64(-0.007790273123967901) - actor/pg_clipfrac_lower:np.float64(0.0) - actor/pg_loss:np.float64(0.0) - actor/kl_loss:np.float64(0.020508240264462074) - actor/kl_coef:np.float64(0.0010000000000000005) - actor/loss:np.float64(2.0508241050265497e-05) - actor/grad_norm:np.float64(0.02978238696232438) - actor/perf/max_memory_allocated_gb:np.float64(56.40196132659912) - actor/perf/max_memory_reserved_gb:np.float64(176.685546875) - actor/perf/cpu_memory_used_gb:np.float64(384.24828243255615) - actor/lr:np.float64(1e-06) - perf/mfu/actor:np.float64(0.0) - training/global_step:27 - training/epoch:1 - critic/score/mean:0.0 - critic/score/max:0.0 - critic/score/min:0.0 - critic/rewards/mean:0.0 - critic/rewards/max:0.0 - critic/rewards/min:0.0 - critic/advantages/mean:0.0 - critic/advantages/max:0.0 - critic/advantages/min:0.0 - critic/returns/mean:0.0 - critic/returns/max:0.0 - critic/returns/min:0.0 - response_length/mean:2048.0 - response_length/max:2048.0 - response_length/min:2048.0 - response_length/clip_ratio:1.0 - response_length_non_aborted/mean:2048.0 - response_length_non_aborted/max:2048.0 - response_length_non_aborted/min:2048.0 - response_length_non_aborted/clip_ratio:1.0 - response/aborted_ratio:0.0 - prompt_length/mean:87.9873046875 - prompt_length/max:808.0 - prompt_length/min:30.0 - prompt_length/clip_ratio:0.0 - num_turns/min:np.int32(2) - num_turns/max:np.int32(2) - num_turns/mean:np.float64(2.0) - timing_s/start_profile:6.662681698799133e-05 - timing_s/agent_loop/num_preempted/min:np.int64(-1) - timing_s/agent_loop/num_preempted/max:np.int64(-1) - timing_s/agent_loop/num_preempted/mean:np.float64(-1.0) - timing_s/agent_loop/generate_sequences/min:np.float64(204.56980920024216) - timing_s/agent_loop/generate_sequences/max:np.float64(329.7237562108785) - timing_s/agent_loop/generate_sequences/mean:np.float64(242.97020753386968) - timing_s/agent_loop/tool_calls/min:np.float64(0.0) - timing_s/agent_loop/tool_calls/max:np.float64(0.0) - timing_s/agent_loop/tool_calls/mean:np.float64(0.0) - timing_s/agent_loop/compute_score/min:np.float64(0.0024864617735147476) - timing_s/agent_loop/compute_score/max:np.float64(0.2867745775729418) - timing_s/agent_loop/compute_score/mean:np.float64(0.03941115952547989) - timing_s/agent_loop/slowest/generate_sequences:np.float64(329.6094012055546) - timing_s/agent_loop/slowest/tool_calls:np.float64(0.0) - timing_s/agent_loop/slowest/compute_score:np.float64(0.1399159524589777) - timing_s/agent_loop/slowest/num_preempted:np.int64(-1) - timing_s/agent_loop/slowest/prompt_length:68 - timing_s/agent_loop/slowest/response_length:2048 - timing_s/gen:332.2702994197607 - timing_s/reward:3.727525472640991e-05 - timing_s/old_log_prob:159.95448514446616 - timing_s/ref:154.56410085968673 - timing_s/adv:0.07701605185866356 - timing_s/update_actor:595.3924858607352 - timing_s/update_weights:2.0273264721035957 - timing_s/step:1245.0525894444436 - timing_s/stop_profile:4.20939177274704e-05 - timing_per_token_ms/gen:0.03168776506612403 - timing_per_token_ms/ref:0.014133183695852623 - timing_per_token_ms/adv:7.042269209950167e-06 - timing_per_token_ms/update_actor:0.05444208148591407 - perf/total_num_tokens:10936255 - perf/time_per_step:1245.0525894444436 - perf/throughput:1097.9711914096615
[36m(TaskRunner pid=1876115)[0m step:28 - global_seqlen/min:1364260 - global_seqlen/max:1377180 - global_seqlen/minmax_diff:12920 - global_seqlen/balanced_min:1369676 - global_seqlen/balanced_max:1369680 - global_seqlen/mean:1369676.875 - actor/entropy:1.2468280792236328 - perf/mfu/actor_infer:0.0 - actor/pg_clipfrac:np.float64(0.0) - actor/ppo_kl:np.float64(0.013392284112698048) - actor/pg_clipfrac_lower:np.float64(0.0) - actor/pg_loss:np.float64(0.0) - actor/kl_loss:np.float64(0.020570800927089294) - actor/kl_coef:np.float64(0.0010000000000000005) - actor/loss:np.float64(2.057080246231635e-05) - actor/grad_norm:np.float64(0.03450110973790288) - actor/perf/max_memory_allocated_gb:np.float64(56.40196132659912) - actor/perf/max_memory_reserved_gb:np.float64(176.685546875) - actor/perf/cpu_memory_used_gb:np.float64(383.50855445861816) - actor/lr:np.float64(1e-06) - perf/mfu/actor:np.float64(0.0) - training/global_step:28 - training/epoch:1 - critic/score/mean:0.0 - critic/score/max:0.0 - critic/score/min:0.0 - critic/rewards/mean:0.0 - critic/rewards/max:0.0 - critic/rewards/min:0.0 - critic/advantages/mean:0.0 - critic/advantages/max:0.0 - critic/advantages/min:0.0 - critic/returns/mean:0.0 - critic/returns/max:0.0 - critic/returns/min:0.0 - response_length/mean:2048.0 - response_length/max:2048.0 - response_length/min:2048.0 - response_length/clip_ratio:1.0 - response_length_non_aborted/mean:2048.0 - response_length_non_aborted/max:2048.0 - response_length_non_aborted/min:2048.0 - response_length_non_aborted/clip_ratio:1.0 - response/aborted_ratio:0.0 - prompt_length/mean:92.1201171875 - prompt_length/max:863.0 - prompt_length/min:32.0 - prompt_length/clip_ratio:0.0 - num_turns/min:np.int32(2) - num_turns/max:np.int32(2) - num_turns/mean:np.float64(2.0) - timing_s/start_profile:6.625987589359283e-05 - timing_s/agent_loop/num_preempted/min:np.int64(-1) - timing_s/agent_loop/num_preempted/max:np.int64(-1) - timing_s/agent_loop/num_preempted/mean:np.float64(-1.0) - timing_s/agent_loop/generate_sequences/min:np.float64(202.3084487710148) - timing_s/agent_loop/generate_sequences/max:np.float64(328.8915069643408) - timing_s/agent_loop/generate_sequences/mean:np.float64(247.78970467558466) - timing_s/agent_loop/tool_calls/min:np.float64(0.0) - timing_s/agent_loop/tool_calls/max:np.float64(0.0) - timing_s/agent_loop/tool_calls/mean:np.float64(0.0) - timing_s/agent_loop/compute_score/min:np.float64(0.0025964677333831787) - timing_s/agent_loop/compute_score/max:np.float64(0.4314728006720543) - timing_s/agent_loop/compute_score/mean:np.float64(0.053620502549165394) - timing_s/agent_loop/slowest/generate_sequences:np.float64(328.73727531172335) - timing_s/agent_loop/slowest/tool_calls:np.float64(0.0) - timing_s/agent_loop/slowest/compute_score:np.float64(0.17926430329680443) - timing_s/agent_loop/slowest/num_preempted:np.int64(-1) - timing_s/agent_loop/slowest/prompt_length:240 - timing_s/agent_loop/slowest/response_length:2048 - timing_s/gen:331.2533323187381 - timing_s/reward:3.826804459095001e-05 - timing_s/old_log_prob:160.76298012584448 - timing_s/ref:154.74008961766958 - timing_s/adv:0.09636426530778408 - timing_s/update_actor:597.2788786012679 - timing_s/update_weights:2.013893274590373 - timing_s/step:1247.370185431093 - timing_s/stop_profile:3.14563512802124e-05 - timing_per_token_ms/gen:0.03159077952563649 - timing_per_token_ms/ref:0.014121952086114251 - timing_per_token_ms/adv:8.79443420804853e-06 - timing_per_token_ms/update_actor:0.05450910443761306 - perf/total_num_tokens:10957415 - perf/time_per_step:1247.370185431093 - perf/throughput:1098.0516377555052
[36m(TaskRunner pid=1876115)[0m step:29 - global_seqlen/min:1362610 - global_seqlen/max:1374000 - global_seqlen/minmax_diff:11390 - global_seqlen/balanced_min:1368146 - global_seqlen/balanced_max:1368149 - global_seqlen/mean:1368146.875 - actor/entropy:1.2355610132217407 - perf/mfu/actor_infer:0.0 - actor/pg_clipfrac:np.float64(0.0) - actor/ppo_kl:np.float64(-0.011982675630644648) - actor/pg_clipfrac_lower:np.float64(0.0) - actor/pg_loss:np.float64(0.0) - actor/kl_loss:np.float64(0.020382756461913232) - actor/kl_coef:np.float64(0.0010000000000000005) - actor/loss:np.float64(2.0382757611514535e-05) - actor/grad_norm:np.float64(0.014581437222659588) - actor/perf/max_memory_allocated_gb:np.float64(56.40196132659912) - actor/perf/max_memory_reserved_gb:np.float64(176.685546875) - actor/perf/cpu_memory_used_gb:np.float64(383.836688041687) - actor/lr:np.float64(1e-06) - perf/mfu/actor:np.float64(0.0) - training/global_step:29 - training/epoch:2 - critic/score/mean:0.0 - critic/score/max:0.0 - critic/score/min:0.0 - critic/rewards/mean:0.0 - critic/rewards/max:0.0 - critic/rewards/min:0.0 - critic/advantages/mean:0.0 - critic/advantages/max:0.0 - critic/advantages/min:0.0 - critic/returns/mean:0.0 - critic/returns/max:0.0 - critic/returns/min:0.0 - response_length/mean:2048.0 - response_length/max:2048.0 - response_length/min:2048.0 - response_length/clip_ratio:1.0 - response_length_non_aborted/mean:2048.0 - response_length_non_aborted/max:2048.0 - response_length_non_aborted/min:2048.0 - response_length_non_aborted/clip_ratio:1.0 - response/aborted_ratio:0.0 - prompt_length/mean:89.7294921875 - prompt_length/max:769.0 - prompt_length/min:33.0 - prompt_length/clip_ratio:0.0 - num_turns/min:np.int32(2) - num_turns/max:np.int32(2) - num_turns/mean:np.float64(2.0) - timing_s/start_profile:0.0002554524689912796 - timing_s/agent_loop/num_preempted/min:np.int64(-1) - timing_s/agent_loop/num_preempted/max:np.int64(-1) - timing_s/agent_loop/num_preempted/mean:np.float64(-1.0) - timing_s/agent_loop/generate_sequences/min:np.float64(204.70997024141252) - timing_s/agent_loop/generate_sequences/max:np.float64(328.2933336123824) - timing_s/agent_loop/generate_sequences/mean:np.float64(242.86706999040615) - timing_s/agent_loop/tool_calls/min:np.float64(0.0) - timing_s/agent_loop/tool_calls/max:np.float64(0.0) - timing_s/agent_loop/tool_calls/mean:np.float64(0.0) - timing_s/agent_loop/compute_score/min:np.float64(0.002521902322769165) - timing_s/agent_loop/compute_score/max:np.float64(0.23312931507825851) - timing_s/agent_loop/compute_score/mean:np.float64(0.031042520322444034) - timing_s/agent_loop/slowest/generate_sequences:np.float64(328.2182718068361) - timing_s/agent_loop/slowest/tool_calls:np.float64(0.0) - timing_s/agent_loop/slowest/compute_score:np.float64(0.11414253897964954) - timing_s/agent_loop/slowest/num_preempted:np.int64(-1) - timing_s/agent_loop/slowest/prompt_length:240 - timing_s/agent_loop/slowest/response_length:2048 - timing_s/gen:331.3620281871408 - timing_s/reward:6.019324064254761e-05 - timing_s/old_log_prob:160.51065375469625 - timing_s/ref:154.2409484665841 - timing_s/adv:0.11682174168527126 - timing_s/update_actor:596.1378776896745 - timing_s/update_weights:2.0215449389070272 - timing_s/step:1245.2815831098706 - timing_s/stop_profile:3.3309683203697205e-05 - timing_per_token_ms/gen:0.03160114557143601 - timing_per_token_ms/ref:0.014092140917489587 - timing_per_token_ms/adv:1.0673355308185686e-05 - timing_per_token_ms/update_actor:0.05446581509109489 - perf/total_num_tokens:10945175 - perf/time_per_step:1245.2815831098706 - perf/throughput:1098.6646663345773[36m(TaskRunner pid=1876115)[0m Training Progress:  14%|█▍        | 29/210 [10:37:48<64:24:04, 1280.91s/it]
[36m(TaskRunner pid=1876115)[0m Training Progress:  14%|█▍        | 30/210 [11:04:58<69:16:38, 1385.55s/it]
[36m(TaskRunner pid=1876115)[0m Training Progress:  15%|█▍        | 31/210 [11:25:52<66:55:22, 1345.94s/it]

[36m(TaskRunner pid=1876115)[0m test_gen_batch meta info: {'eos_token_id': 151645, 'pad_token_id': 151643, 'recompute_log_prob': False, 'do_sample': False, 'validate': True, 'global_steps': 30}
[36m(TaskRunner pid=1876115)[0m validation generation end
[36m(TaskRunner pid=1876115)[0m step:30 - global_seqlen/min:1364705 - global_seqlen/max:1378115 - global_seqlen/minmax_diff:13410 - global_seqlen/balanced_min:1369571 - global_seqlen/balanced_max:1369573 - global_seqlen/mean:1369571.875 - actor/entropy:1.254615068435669 - perf/mfu/actor_infer:0.0 - actor/pg_clipfrac:np.float64(0.0) - actor/ppo_kl:np.float64(-0.008546375921586212) - actor/pg_clipfrac_lower:np.float64(0.0) - actor/pg_loss:np.float64(0.0) - actor/kl_loss:np.float64(0.020893351604172494) - actor/kl_coef:np.float64(0.0010000000000000005) - actor/loss:np.float64(2.0893352484563366e-05) - actor/grad_norm:np.float64(0.01476774737238884) - actor/perf/max_memory_allocated_gb:np.float64(56.40196132659912) - actor/perf/max_memory_reserved_gb:np.float64(176.685546875) - actor/perf/cpu_memory_used_gb:np.float64(383.93834018707275) - actor/lr:np.float64(1e-06) - perf/mfu/actor:np.float64(0.0) - val-aux/openai/gsm8k/reward/mean@1:np.float64(0.0) - val-core/openai/gsm8k/acc/mean@1:np.float64(0.0) - val-aux/DigitalLearningGmbH/MATH-lighteval/reward/mean@1:np.float64(0.0) - val-core/DigitalLearningGmbH/MATH-lighteval/acc/mean@1:np.float64(0.0) - val-aux/num_turns/min:np.int32(2) - val-aux/num_turns/max:np.int32(2) - val-aux/num_turns/mean:np.float64(2.0) - training/global_step:30 - training/epoch:2 - critic/score/mean:0.0 - critic/score/max:0.0 - critic/score/min:0.0 - critic/rewards/mean:0.0 - critic/rewards/max:0.0 - critic/rewards/min:0.0 - critic/advantages/mean:0.0 - critic/advantages/max:0.0 - critic/advantages/min:0.0 - critic/returns/mean:0.0 - critic/returns/max:0.0 - critic/returns/min:0.0 - response_length/mean:2048.0 - response_length/max:2048.0 - response_length/min:2048.0 - response_length/clip_ratio:1.0 - response_length_non_aborted/mean:2048.0 - response_length_non_aborted/max:2048.0 - response_length_non_aborted/min:2048.0 - response_length_non_aborted/clip_ratio:1.0 - response/aborted_ratio:0.0 - prompt_length/mean:91.9560546875 - prompt_length/max:818.0 - prompt_length/min:31.0 - prompt_length/clip_ratio:0.0 - num_turns/min:np.int32(2) - num_turns/max:np.int32(2) - num_turns/mean:np.float64(2.0) - timing_s/start_profile:6.636977195739746e-05 - timing_s/agent_loop/num_preempted/min:np.int64(-1) - timing_s/agent_loop/num_preempted/max:np.int64(-1) - timing_s/agent_loop/num_preempted/mean:np.float64(-1.0) - timing_s/agent_loop/generate_sequences/min:np.float64(204.28404467739165) - timing_s/agent_loop/generate_sequences/max:np.float64(329.3257228285074) - timing_s/agent_loop/generate_sequences/mean:np.float64(243.3857043279724) - timing_s/agent_loop/tool_calls/min:np.float64(0.0) - timing_s/agent_loop/tool_calls/max:np.float64(0.0) - timing_s/agent_loop/tool_calls/mean:np.float64(0.0) - timing_s/agent_loop/compute_score/min:np.float64(0.002505643293261528) - timing_s/agent_loop/compute_score/max:np.float64(0.25238435715436935) - timing_s/agent_loop/compute_score/mean:np.float64(0.03136459947527328) - timing_s/agent_loop/slowest/generate_sequences:np.float64(329.1053339187056) - timing_s/agent_loop/slowest/tool_calls:np.float64(0.0) - timing_s/agent_loop/slowest/compute_score:np.float64(0.2459558453410864) - timing_s/agent_loop/slowest/num_preempted:np.int64(-1) - timing_s/agent_loop/slowest/prompt_length:128 - timing_s/agent_loop/slowest/response_length:2048 - timing_s/gen:331.9590340182185 - timing_s/reward:3.7185847759246826e-05 - timing_s/old_log_prob:160.18048702180386 - timing_s/ref:154.87051120772958 - timing_s/adv:0.07512547075748444 - timing_s/update_actor:596.8617486376315 - timing_s/update_weights:2.007844712585211 - timing_s/step:1246.6475738212466 - timing_s/testing:382.82090271636844 - timing_s/stop_profile:0.00010612793266773224 - timing_per_token_ms/gen:0.03165808048422036 - timing_per_token_ms/ref:0.014134938263803203 - timing_per_token_ms/adv:6.856656460388802e-06 - timing_per_token_ms/update_actor:0.05447521224813699 - perf/total_num_tokens:10956575 - perf/time_per_step:1246.6475738212466 - perf/throughput:1098.6038907547572
[36m(TaskRunner pid=1876115)[0m step:31 - global_seqlen/min:1362940 - global_seqlen/max:1376245 - global_seqlen/minmax_diff:13305 - global_seqlen/balanced_min:1369326 - global_seqlen/balanced_max:1369332 - global_seqlen/mean:1369328.75 - actor/entropy:1.1806093454360962 - perf/mfu/actor_infer:0.0 - actor/pg_clipfrac:np.float64(0.0) - actor/ppo_kl:np.float64(0.0006834924161615707) - actor/pg_clipfrac_lower:np.float64(0.0) - actor/pg_loss:np.float64(0.0) - actor/kl_loss:np.float64(0.01708877648343332) - actor/kl_coef:np.float64(0.0010000000000000005) - actor/loss:np.float64(1.7088776985474396e-05) - actor/grad_norm:np.float64(0.014895903179422021) - actor/perf/max_memory_allocated_gb:np.float64(56.40196132659912) - actor/perf/max_memory_reserved_gb:np.float64(176.685546875) - actor/perf/cpu_memory_used_gb:np.float64(383.92043113708496) - actor/lr:np.float64(1e-06) - perf/mfu/actor:np.float64(0.0) - training/global_step:31 - training/epoch:2 - critic/score/mean:0.0 - critic/score/max:0.0 - critic/score/min:0.0 - critic/rewards/mean:0.0 - critic/rewards/max:0.0 - critic/rewards/min:0.0 - critic/advantages/mean:0.0 - critic/advantages/max:0.0 - critic/advantages/min:0.0 - critic/returns/mean:0.0 - critic/returns/max:0.0 - critic/returns/min:0.0 - response_length/mean:2048.0 - response_length/max:2048.0 - response_length/min:2048.0 - response_length/clip_ratio:1.0 - response_length_non_aborted/mean:2048.0 - response_length_non_aborted/max:2048.0 - response_length_non_aborted/min:2048.0 - response_length_non_aborted/clip_ratio:1.0 - response/aborted_ratio:0.0 - prompt_length/mean:91.576171875 - prompt_length/max:914.0 - prompt_length/min:31.0 - prompt_length/clip_ratio:0.0 - num_turns/min:np.int32(2) - num_turns/max:np.int32(2) - num_turns/mean:np.float64(2.0) - timing_s/start_profile:6.336718797683716e-05 - timing_s/agent_loop/num_preempted/min:np.int64(-1) - timing_s/agent_loop/num_preempted/max:np.int64(-1) - timing_s/agent_loop/num_preempted/mean:np.float64(-1.0) - timing_s/agent_loop/generate_sequences/min:np.float64(205.2383864056319) - timing_s/agent_loop/generate_sequences/max:np.float64(335.996917122975) - timing_s/agent_loop/generate_sequences/mean:np.float64(246.092471774932) - timing_s/agent_loop/tool_calls/min:np.float64(0.0) - timing_s/agent_loop/tool_calls/max:np.float64(0.0) - timing_s/agent_loop/tool_calls/mean:np.float64(0.0) - timing_s/agent_loop/compute_score/min:np.float64(0.002511247992515564) - timing_s/agent_loop/compute_score/max:np.float64(0.14519339986145496) - timing_s/agent_loop/compute_score/mean:np.float64(0.030323048234640736) - timing_s/agent_loop/slowest/generate_sequences:np.float64(335.8855863083154) - timing_s/agent_loop/slowest/tool_calls:np.float64(0.0) - timing_s/agent_loop/slowest/compute_score:np.float64(0.13606347516179085) - timing_s/agent_loop/slowest/num_preempted:np.int64(-1) - timing_s/agent_loop/slowest/prompt_length:47 - timing_s/agent_loop/slowest/response_length:2048 - timing_s/gen:338.7390786278993 - timing_s/reward:5.103461444377899e-05 - timing_s/old_log_prob:160.96745168603957 - timing_s/ref:154.1681014392525 - timing_s/adv:0.07474281638860703 - timing_s/update_actor:596.6562051754445 - timing_s/update_weights:2.0210000798106194 - timing_s/step:1253.40539509058 - timing_s/stop_profile:3.2028183341026306e-05 - timing_per_token_ms/gen:0.03230467592505448 - timing_per_token_ms/ref:0.014073328030180162 - timing_per_token_ms/adv:6.822943028528305e-06 - timing_per_token_ms/update_actor:0.05446612119035006 - perf/total_num_tokens:10954630 - perf/time_per_step:1253.40539509058 - perf/throughput:1092.4867208673875
[36m(TaskRunner pid=1876115)[0m step:32 - global_seqlen/min:1364460 - global_seqlen/max:1370870 - global_seqlen/minmax_diff:6410 - global_seqlen/balanced_min:1368045 - global_seqlen/balanced_max:1368048 - global_seqlen/mean:1368046.25 - actor/entropy:1.2598211765289307 - perf/mfu/actor_infer:0.0 - actor/pg_clipfrac:np.float64(0.0) - actor/ppo_kl:np.float64(-0.0011577494470668076) - actor/pg_clipfrac_lower:np.float64(0.0) - actor/pg_loss:np.float64(0.0) - actor/kl_loss:np.float64(0.026891875771980267) - actor/kl_coef:np.float64(0.0010000000000000005) - actor/loss:np.float64(2.689187704163487e-05) - actor/grad_norm:np.float64(0.07916516100522131) - actor/perf/max_memory_allocated_gb:np.float64(56.40196132659912) - actor/perf/max_memory_reserved_gb:np.float64(176.685546875) - actor/perf/cpu_memory_used_gb:np.float64(384.1783103942871) - actor/lr:np.float64(1e-06) - perf/mfu/actor:np.float64(0.0) - training/global_step:32 - training/epoch:2 - critic/score/mean:0.0 - critic/score/max:0.0 - critic/score/min:0.0 - critic/rewards/mean:0.0 - critic/rewards/max:0.0 - critic/rewards/min:0.0 - critic/advantages/mean:0.0 - critic/advantages/max:0.0 - critic/advantages/min:0.0 - critic/returns/mean:0.0 - critic/returns/max:0.0 - critic/returns/min:0.0 - response_length/mean:2048.0 - response_length/max:2048.0 - response_length/min:2048.0 - response_length/clip_ratio:1.0 - response_length_non_aborted/mean:2048.0 - response_length_non_aborted/max:2048.0 - response_length_non_aborted/min:2048.0 - response_length_non_aborted/clip_ratio:1.0 - response/aborted_ratio:0.0 - prompt_length/mean:89.572265625 - prompt_length/max:701.0 - prompt_length/min:32.0 - prompt_length/clip_ratio:0.0 - num_turns/min:np.int32(2) - num_turns/max:np.int32(2) - num_turns/mean:np.float64(2.0) - timing_s/start_profile:6.639957427978516e-05 - timing_s/agent_loop/num_preempted/min:np.int64(-1) - timing_s/agent_loop/num_preempted/max:np.int64(-1) - timing_s/agent_loop/num_preempted/mean:np.float64(-1.0) - timing_s/agent_loop/generate_sequences/min:np.float64(203.04147681966424) - timing_s/agent_loop/generate_sequences/max:np.float64(329.1549975257367) - timing_s/agent_loop/generate_sequences/mean:np.float64(247.0536517502147) - timing_s/agent_loop/tool_calls/min:np.float64(0.0) - timing_s/agent_loop/tool_calls/max:np.float64(0.0) - timing_s/agent_loop/tool_calls/mean:np.float64(0.0) - timing_s/agent_loop/compute_score/min:np.float64(0.0025692153722047806) - timing_s/agent_loop/compute_score/max:np.float64(0.5015915986150503) - timing_s/agent_loop/compute_score/mean:np.float64(0.07388104386700434) - timing_s/agent_loop/slowest/generate_sequences:np.float64(328.8660800419748) - timing_s/agent_loop/slowest/tool_calls:np.float64(0.0) - timing_s/agent_loop/slowest/compute_score:np.float64(0.34718579053878784) - timing_s/agent_loop/slowest/num_preempted:np.int64(-1) - timing_s/agent_loop/slowest/prompt_length:82 - timing_s/agent_loop/slowest/response_length:2048 - timing_s/gen:331.34742634370923 - timing_s/reward:3.584474325180054e-05 - timing_s/old_log_prob:160.28276149183512 - timing_s/ref:154.81602207385004 - timing_s/adv:0.07449031807482243 - timing_s/update_actor:595.9097105097026 - timing_s/update_weights:2.0064191315323114 - timing_s/step:1245.1415084842592 - timing_s/stop_profile:3.133527934551239e-05 - timing_per_token_ms/gen:0.03159975303113072 - timing_per_token_ms/ref:0.014145722602018209 - timing_per_token_ms/adv:6.8062682525190965e-06 - timing_per_token_ms/update_actor:0.054448973354309343 - perf/total_num_tokens:10944370 - perf/time_per_step:1245.1415084842592 - perf/throughput:1098.7074486540535[36m(TaskRunner pid=1876115)[0m Training Progress:  15%|█▌        | 32/210 [11:46:37<65:03:24, 1315.75s/it]
[36m(TaskRunner pid=1876115)[0m Training Progress:  16%|█▌        | 33/210 [12:07:23<63:39:53, 1294.88s/it]
[36m(TaskRunner pid=1876115)[0m Training Progress:  16%|█▌        | 34/210 [12:28:12<62:38:11, 1281.20s/it]

[36m(TaskRunner pid=1876115)[0m step:33 - global_seqlen/min:1364930 - global_seqlen/max:1373665 - global_seqlen/minmax_diff:8735 - global_seqlen/balanced_min:1370286 - global_seqlen/balanced_max:1370290 - global_seqlen/mean:1370288.125 - actor/entropy:1.2630908489227295 - perf/mfu/actor_infer:0.0 - actor/pg_clipfrac:np.float64(0.0) - actor/ppo_kl:np.float64(-0.004093084650001055) - actor/pg_clipfrac_lower:np.float64(0.0) - actor/pg_loss:np.float64(0.0) - actor/kl_loss:np.float64(0.031900053731078515) - actor/kl_coef:np.float64(0.0010000000000000005) - actor/loss:np.float64(3.190005645592464e-05) - actor/grad_norm:np.float64(0.07853428740054369) - actor/perf/max_memory_allocated_gb:np.float64(56.40196132659912) - actor/perf/max_memory_reserved_gb:np.float64(176.685546875) - actor/perf/cpu_memory_used_gb:np.float64(384.0747928619385) - actor/lr:np.float64(1e-06) - perf/mfu/actor:np.float64(0.0) - training/global_step:33 - training/epoch:2 - critic/score/mean:0.0 - critic/score/max:0.0 - critic/score/min:0.0 - critic/rewards/mean:0.0 - critic/rewards/max:0.0 - critic/rewards/min:0.0 - critic/advantages/mean:0.0 - critic/advantages/max:0.0 - critic/advantages/min:0.0 - critic/returns/mean:0.0 - critic/returns/max:0.0 - critic/returns/min:0.0 - response_length/mean:2048.0 - response_length/max:2048.0 - response_length/min:2048.0 - response_length/clip_ratio:1.0 - response_length_non_aborted/mean:2048.0 - response_length_non_aborted/max:2048.0 - response_length_non_aborted/min:2048.0 - response_length_non_aborted/clip_ratio:1.0 - response/aborted_ratio:0.0 - prompt_length/mean:93.0751953125 - prompt_length/max:845.0 - prompt_length/min:30.0 - prompt_length/clip_ratio:0.0 - num_turns/min:np.int32(2) - num_turns/max:np.int32(2) - num_turns/mean:np.float64(2.0) - timing_s/start_profile:6.221234798431396e-05 - timing_s/agent_loop/num_preempted/min:np.int64(-1) - timing_s/agent_loop/num_preempted/max:np.int64(-1) - timing_s/agent_loop/num_preempted/mean:np.float64(-1.0) - timing_s/agent_loop/generate_sequences/min:np.float64(204.6024955380708) - timing_s/agent_loop/generate_sequences/max:np.float64(328.4769157525152) - timing_s/agent_loop/generate_sequences/mean:np.float64(243.34831838572754) - timing_s/agent_loop/tool_calls/min:np.float64(0.0) - timing_s/agent_loop/tool_calls/max:np.float64(0.0) - timing_s/agent_loop/tool_calls/mean:np.float64(0.0) - timing_s/agent_loop/compute_score/min:np.float64(0.00249563530087471) - timing_s/agent_loop/compute_score/max:np.float64(0.7642070818692446) - timing_s/agent_loop/compute_score/mean:np.float64(0.05691819792591559) - timing_s/agent_loop/slowest/generate_sequences:np.float64(328.31954924203455) - timing_s/agent_loop/slowest/tool_calls:np.float64(0.0) - timing_s/agent_loop/slowest/compute_score:np.float64(0.2026991154998541) - timing_s/agent_loop/slowest/num_preempted:np.int64(-1) - timing_s/agent_loop/slowest/prompt_length:84 - timing_s/agent_loop/slowest/response_length:2048 - timing_s/gen:330.963133033365 - timing_s/reward:3.7085264921188354e-05 - timing_s/old_log_prob:160.4290894921869 - timing_s/ref:154.35983387194574 - timing_s/adv:0.07610630244016647 - timing_s/update_actor:597.3883179593831 - timing_s/update_weights:2.0459402464330196 - timing_s/step:1245.9312081560493 - timing_s/stop_profile:3.0666589736938477e-05 - timing_per_token_ms/gen:0.031563103965126516 - timing_per_token_ms/ref:0.014080965077321397 - timing_per_token_ms/adv:6.942545608808227e-06 - timing_per_token_ms/update_actor:0.054494772582899594 - perf/total_num_tokens:10962305 - perf/time_per_step:1245.9312081560493 - perf/throughput:1099.81041973256
[36m(TaskRunner pid=1876115)[0m step:34 - global_seqlen/min:1365415 - global_seqlen/max:1374955 - global_seqlen/minmax_diff:9540 - global_seqlen/balanced_min:1368492 - global_seqlen/balanced_max:1368496 - global_seqlen/mean:1368494.375 - actor/entropy:1.2777968645095825 - perf/mfu/actor_infer:0.0 - actor/pg_clipfrac:np.float64(0.0) - actor/ppo_kl:np.float64(0.034633800858249575) - actor/pg_clipfrac_lower:np.float64(0.0) - actor/pg_loss:np.float64(0.0) - actor/kl_loss:np.float64(0.036999072624894325) - actor/kl_coef:np.float64(0.0010000000000000005) - actor/loss:np.float64(3.699907392729074e-05) - actor/grad_norm:np.float64(0.13078035321086645) - actor/perf/max_memory_allocated_gb:np.float64(56.40196132659912) - actor/perf/max_memory_reserved_gb:np.float64(176.685546875) - actor/perf/cpu_memory_used_gb:np.float64(384.0061550140381) - actor/lr:np.float64(1e-06) - perf/mfu/actor:np.float64(0.0) - training/global_step:34 - training/epoch:2 - critic/score/mean:0.0 - critic/score/max:0.0 - critic/score/min:0.0 - critic/rewards/mean:0.0 - critic/rewards/max:0.0 - critic/rewards/min:0.0 - critic/advantages/mean:0.0 - critic/advantages/max:0.0 - critic/advantages/min:0.0 - critic/returns/mean:0.0 - critic/returns/max:0.0 - critic/returns/min:0.0 - response_length/mean:2048.0 - response_length/max:2048.0 - response_length/min:2048.0 - response_length/clip_ratio:1.0 - response_length_non_aborted/mean:2048.0 - response_length_non_aborted/max:2048.0 - response_length_non_aborted/min:2048.0 - response_length_non_aborted/clip_ratio:1.0 - response/aborted_ratio:0.0 - prompt_length/mean:90.2724609375 - prompt_length/max:926.0 - prompt_length/min:31.0 - prompt_length/clip_ratio:0.0 - num_turns/min:np.int32(2) - num_turns/max:np.int32(2) - num_turns/mean:np.float64(2.0) - timing_s/start_profile:6.60289078950882e-05 - timing_s/agent_loop/num_preempted/min:np.int64(-1) - timing_s/agent_loop/num_preempted/max:np.int64(-1) - timing_s/agent_loop/num_preempted/mean:np.float64(-1.0) - timing_s/agent_loop/generate_sequences/min:np.float64(204.47042340040207) - timing_s/agent_loop/generate_sequences/max:np.float64(329.08064417541027) - timing_s/agent_loop/generate_sequences/mean:np.float64(243.51167087438262) - timing_s/agent_loop/tool_calls/min:np.float64(0.0) - timing_s/agent_loop/tool_calls/max:np.float64(0.0) - timing_s/agent_loop/tool_calls/mean:np.float64(0.0) - timing_s/agent_loop/compute_score/min:np.float64(0.002532070502638817) - timing_s/agent_loop/compute_score/max:np.float64(0.18754470720887184) - timing_s/agent_loop/compute_score/mean:np.float64(0.02923142591971555) - timing_s/agent_loop/slowest/generate_sequences:np.float64(328.94116480462253) - timing_s/agent_loop/slowest/tool_calls:np.float64(0.0) - timing_s/agent_loop/slowest/compute_score:np.float64(0.15764924697577953) - timing_s/agent_loop/slowest/num_preempted:np.int64(-1) - timing_s/agent_loop/slowest/prompt_length:90 - timing_s/agent_loop/slowest/response_length:2048 - timing_s/gen:331.6341521907598 - timing_s/reward:0.004303827881813049 - timing_s/old_log_prob:160.9765037447214 - timing_s/ref:156.01104786247015 - timing_s/adv:0.09972957894206047 - timing_s/update_actor:597.6899568848312 - timing_s/update_weights:2.0372707713395357 - timing_s/step:1249.1442375276238 - timing_s/stop_profile:3.09869647026062e-05 - timing_per_token_ms/gen:0.03162709733874891 - timing_per_token_ms/ref:0.014250245626920292 - timing_per_token_ms/adv:9.109425362276377e-06 - timing_per_token_ms/update_actor:0.054593753526099735 - perf/total_num_tokens:10947955 - perf/time_per_step:1249.1442375276238 - perf/throughput:1095.5455213951918
[36m(TaskRunner pid=1876115)[0m test_gen_batch meta info: {'eos_token_id': 151645, 'pad_token_id': 151643, 'recompute_log_prob': False, 'do_sample': False, 'validate': True, 'global_steps': 35}
[36m(TaskRunner pid=1876115)[0m validation generation end
[36m(TaskRunner pid=1876115)[0m step:35 - global_seqlen/min:1364180 - global_seqlen/max:1373500 - global_seqlen/minmax_diff:9320 - global_seqlen/balanced_min:1367108 - global_seqlen/balanced_max:1367112 - global_seqlen/mean:1367110.0 - actor/entropy:1.2516107559204102 - perf/mfu/actor_infer:0.0 - actor/pg_clipfrac:np.float64(0.0) - actor/ppo_kl:np.float64(-0.026912641153622494) - actor/pg_clipfrac_lower:np.float64(0.0) - actor/pg_loss:np.float64(0.0) - actor/kl_loss:np.float64(0.03234972135760472) - actor/kl_coef:np.float64(0.0010000000000000005) - actor/loss:np.float64(3.234972200516495e-05) - actor/grad_norm:np.float64(0.1416859906166792) - actor/perf/max_memory_allocated_gb:np.float64(56.40196132659912) - actor/perf/max_memory_reserved_gb:np.float64(176.685546875) - actor/perf/cpu_memory_used_gb:np.float64(383.88907051086426) - actor/lr:np.float64(1e-06) - perf/mfu/actor:np.float64(0.0) - val-aux/openai/gsm8k/reward/mean@1:np.float64(0.0) - val-core/openai/gsm8k/acc/mean@1:np.float64(0.0) - val-aux/DigitalLearningGmbH/MATH-lighteval/reward/mean@1:np.float64(0.0) - val-core/DigitalLearningGmbH/MATH-lighteval/acc/mean@1:np.float64(0.0) - val-aux/num_turns/min:np.int32(2) - val-aux/num_turns/max:np.int32(2) - val-aux/num_turns/mean:np.float64(2.0) - training/global_step:35 - training/epoch:2 - critic/score/mean:0.0 - critic/score/max:0.0 - critic/score/min:0.0 - critic/rewards/mean:0.0 - critic/rewards/max:0.0 - critic/rewards/min:0.0 - critic/advantages/mean:0.0 - critic/advantages/max:0.0 - critic/advantages/min:0.0 - critic/returns/mean:0.0 - critic/returns/max:0.0 - critic/returns/min:0.0 - response_length/mean:2048.0 - response_length/max:2048.0 - response_length/min:2048.0 - response_length/clip_ratio:1.0 - response_length_non_aborted/mean:2048.0 - response_length_non_aborted/max:2048.0 - response_length_non_aborted/min:2048.0 - response_length_non_aborted/clip_ratio:1.0 - response/aborted_ratio:0.0 - prompt_length/mean:88.109375 - prompt_length/max:732.0 - prompt_length/min:31.0 - prompt_length/clip_ratio:0.0 - num_turns/min:np.int32(2) - num_turns/max:np.int32(2) - num_turns/mean:np.float64(2.0) - timing_s/start_profile:6.707198917865753e-05 - timing_s/agent_loop/num_preempted/min:np.int64(-1) - timing_s/agent_loop/num_preempted/max:np.int64(-1) - timing_s/agent_loop/num_preempted/mean:np.float64(-1.0) - timing_s/agent_loop/generate_sequences/min:np.float64(204.29534137807786) - timing_s/agent_loop/generate_sequences/max:np.float64(328.7324718013406) - timing_s/agent_loop/generate_sequences/mean:np.float64(243.1317098656353) - timing_s/agent_loop/tool_calls/min:np.float64(0.0) - timing_s/agent_loop/tool_calls/max:np.float64(0.0) - timing_s/agent_loop/tool_calls/mean:np.float64(0.0) - timing_s/agent_loop/compute_score/min:np.float64(0.00257113017141819) - timing_s/agent_loop/compute_score/max:np.float64(0.17201249487698078) - timing_s/agent_loop/compute_score/mean:np.float64(0.031702908911393025) - timing_s/agent_loop/slowest/generate_sequences:np.float64(328.5994739867747) - timing_s/agent_loop/slowest/tool_calls:np.float64(0.0) - timing_s/agent_loop/slowest/compute_score:np.float64(0.15572628937661648) - timing_s/agent_loop/slowest/num_preempted:np.int64(-1) - timing_s/agent_loop/slowest/prompt_length:89 - timing_s/agent_loop/slowest/response_length:2048 - timing_s/gen:331.4236226286739 - timing_s/reward:3.6755576729774475e-05 - timing_s/old_log_prob:159.87964313849807 - timing_s/ref:154.36681982129812 - timing_s/adv:0.09499508515000343 - timing_s/update_actor:596.1285699661821 - timing_s/update_weights:2.0022992119193077 - timing_s/step:1244.59419477731 - timing_s/testing:383.2881593313068 - timing_s/stop_profile:0.00011207908391952515 - timing_per_token_ms/gen:0.031607019675128356 - timing_per_token_ms/ref:0.014114337893558138 - timing_per_token_ms/adv:8.685757286356203e-06 - timing_per_token_ms/update_actor:0.054506273266798404 - perf/total_num_tokens:10936880 - perf/time_per_step:1244.59419477731 - perf/throughput:1098.4383550371704[36m(TaskRunner pid=1876115)[0m Training Progress:  17%|█▋        | 35/210 [12:55:20<67:20:21, 1385.27s/it]
[36m(TaskRunner pid=1876115)[0m Training Progress:  17%|█▋        | 36/210 [13:16:15<65:03:58, 1346.20s/it]
[36m(TaskRunner pid=1876115)[0m Training Progress:  18%|█▊        | 37/210 [13:37:00<63:13:53, 1315.80s/it]

[36m(TaskRunner pid=1876115)[0m step:36 - global_seqlen/min:1365655 - global_seqlen/max:1378075 - global_seqlen/minmax_diff:12420 - global_seqlen/balanced_min:1369954 - global_seqlen/balanced_max:1369956 - global_seqlen/mean:1369955.0 - actor/entropy:1.1988563537597656 - perf/mfu/actor_infer:0.0 - actor/pg_clipfrac:np.float64(0.0) - actor/ppo_kl:np.float64(0.033216820692252576) - actor/pg_clipfrac_lower:np.float64(0.0) - actor/pg_loss:np.float64(0.0) - actor/kl_loss:np.float64(0.030127565953080193) - actor/kl_coef:np.float64(0.0010000000000000005) - actor/loss:np.float64(3.012756724274368e-05) - actor/grad_norm:np.float64(0.12504965206608176) - actor/perf/max_memory_allocated_gb:np.float64(56.406545639038086) - actor/perf/max_memory_reserved_gb:np.float64(176.685546875) - actor/perf/cpu_memory_used_gb:np.float64(384.42602252960205) - actor/lr:np.float64(1e-06) - perf/mfu/actor:np.float64(0.0) - training/global_step:36 - training/epoch:2 - critic/score/mean:0.0 - critic/score/max:0.0 - critic/score/min:0.0 - critic/rewards/mean:0.0 - critic/rewards/max:0.0 - critic/rewards/min:0.0 - critic/advantages/mean:0.0 - critic/advantages/max:0.0 - critic/advantages/min:0.0 - critic/returns/mean:0.0 - critic/returns/max:0.0 - critic/returns/min:0.0 - response_length/mean:2048.0 - response_length/max:2048.0 - response_length/min:2048.0 - response_length/clip_ratio:1.0 - response_length_non_aborted/mean:2048.0 - response_length_non_aborted/max:2048.0 - response_length_non_aborted/min:2048.0 - response_length_non_aborted/clip_ratio:1.0 - response/aborted_ratio:0.0 - prompt_length/mean:92.5546875 - prompt_length/max:885.0 - prompt_length/min:31.0 - prompt_length/clip_ratio:0.0 - num_turns/min:np.int32(2) - num_turns/max:np.int32(2) - num_turns/mean:np.float64(2.0) - timing_s/start_profile:6.436742842197418e-05 - timing_s/agent_loop/num_preempted/min:np.int64(-1) - timing_s/agent_loop/num_preempted/max:np.int64(-1) - timing_s/agent_loop/num_preempted/mean:np.float64(-1.0) - timing_s/agent_loop/generate_sequences/min:np.float64(205.47118559665978) - timing_s/agent_loop/generate_sequences/max:np.float64(337.04757844284177) - timing_s/agent_loop/generate_sequences/mean:np.float64(247.26236868805898) - timing_s/agent_loop/tool_calls/min:np.float64(0.0) - timing_s/agent_loop/tool_calls/max:np.float64(0.0) - timing_s/agent_loop/tool_calls/mean:np.float64(0.0) - timing_s/agent_loop/compute_score/min:np.float64(0.0025638677179813385) - timing_s/agent_loop/compute_score/max:np.float64(1.0054347217082977) - timing_s/agent_loop/compute_score/mean:np.float64(0.16705791093154404) - timing_s/agent_loop/slowest/generate_sequences:np.float64(336.7429093476385) - timing_s/agent_loop/slowest/tool_calls:np.float64(0.0) - timing_s/agent_loop/slowest/compute_score:np.float64(0.37355941720306873) - timing_s/agent_loop/slowest/num_preempted:np.int64(-1) - timing_s/agent_loop/slowest/prompt_length:66 - timing_s/agent_loop/slowest/response_length:2048 - timing_s/gen:339.39179384335876 - timing_s/reward:3.908760845661163e-05 - timing_s/old_log_prob:160.74469837918878 - timing_s/ref:154.8540035802871 - timing_s/adv:0.0749721098691225 - timing_s/update_actor:596.9566311240196 - timing_s/update_weights:2.0382272265851498 - timing_s/step:1254.8327503837645 - timing_s/stop_profile:3.245845437049866e-05 - timing_per_token_ms/gen:0.03236692369874561 - timing_per_token_ms/ref:0.014129479032184186 - timing_per_token_ms/adv:6.8407456694857225e-06 - timing_per_token_ms/update_actor:0.05446863502122511 - perf/total_num_tokens:10959640 - perf/time_per_step:1254.8327503837645 - perf/throughput:1091.7431024820062
[36m(TaskRunner pid=1876115)[0m step:37 - global_seqlen/min:1363725 - global_seqlen/max:1371445 - global_seqlen/minmax_diff:7720 - global_seqlen/balanced_min:1367218 - global_seqlen/balanced_max:1367222 - global_seqlen/mean:1367219.375 - actor/entropy:1.2706429958343506 - perf/mfu/actor_infer:0.0 - actor/pg_clipfrac:np.float64(0.0) - actor/ppo_kl:np.float64(-0.03120966106661077) - actor/pg_clipfrac_lower:np.float64(0.0) - actor/pg_loss:np.float64(0.0) - actor/kl_loss:np.float64(0.029458975801389897) - actor/kl_coef:np.float64(0.0010000000000000005) - actor/loss:np.float64(2.9458978133334313e-05) - actor/grad_norm:np.float64(0.09673566464334726) - actor/perf/max_memory_allocated_gb:np.float64(56.406545639038086) - actor/perf/max_memory_reserved_gb:np.float64(176.685546875) - actor/perf/cpu_memory_used_gb:np.float64(384.41564559936523) - actor/lr:np.float64(1e-06) - perf/mfu/actor:np.float64(0.0) - training/global_step:37 - training/epoch:2 - critic/score/mean:0.0 - critic/score/max:0.0 - critic/score/min:0.0 - critic/rewards/mean:0.0 - critic/rewards/max:0.0 - critic/rewards/min:0.0 - critic/advantages/mean:0.0 - critic/advantages/max:0.0 - critic/advantages/min:0.0 - critic/returns/mean:0.0 - critic/returns/max:0.0 - critic/returns/min:0.0 - response_length/mean:2048.0 - response_length/max:2048.0 - response_length/min:2048.0 - response_length/clip_ratio:1.0 - response_length_non_aborted/mean:2048.0 - response_length_non_aborted/max:2048.0 - response_length_non_aborted/min:2048.0 - response_length_non_aborted/clip_ratio:1.0 - response/aborted_ratio:0.0 - prompt_length/mean:88.2802734375 - prompt_length/max:862.0 - prompt_length/min:32.0 - prompt_length/clip_ratio:0.0 - num_turns/min:np.int32(2) - num_turns/max:np.int32(2) - num_turns/mean:np.float64(2.0) - timing_s/start_profile:8.129328489303589e-05 - timing_s/agent_loop/num_preempted/min:np.int64(-1) - timing_s/agent_loop/num_preempted/max:np.int64(-1) - timing_s/agent_loop/num_preempted/mean:np.float64(-1.0) - timing_s/agent_loop/generate_sequences/min:np.float64(204.77443877235055) - timing_s/agent_loop/generate_sequences/max:np.float64(329.50817112252116) - timing_s/agent_loop/generate_sequences/mean:np.float64(243.47106554969105) - timing_s/agent_loop/tool_calls/min:np.float64(0.0) - timing_s/agent_loop/tool_calls/max:np.float64(0.0) - timing_s/agent_loop/tool_calls/mean:np.float64(0.0) - timing_s/agent_loop/compute_score/min:np.float64(0.002495715394616127) - timing_s/agent_loop/compute_score/max:np.float64(0.2546434663236141) - timing_s/agent_loop/compute_score/mean:np.float64(0.03844876424082031) - timing_s/agent_loop/slowest/generate_sequences:np.float64(329.3713825363666) - timing_s/agent_loop/slowest/tool_calls:np.float64(0.0) - timing_s/agent_loop/slowest/compute_score:np.float64(0.1708108689635992) - timing_s/agent_loop/slowest/num_preempted:np.int64(-1) - timing_s/agent_loop/slowest/prompt_length:122 - timing_s/agent_loop/slowest/response_length:2048 - timing_s/gen:331.9784136991948 - timing_s/reward:3.711506724357605e-05 - timing_s/old_log_prob:159.5856297314167 - timing_s/ref:154.02230199240148 - timing_s/adv:0.07468339614570141 - timing_s/update_actor:596.302363269031 - timing_s/update_weights:2.0077435970306396 - timing_s/step:1244.6761272512376 - timing_s/stop_profile:3.0042603611946106e-05 - timing_per_token_ms/gen:0.031659928674621085 - timing_per_token_ms/ref:0.014081710734277874 - timing_per_token_ms/adv:6.8280370282294135e-06 - timing_per_token_ms/update_actor:0.05451780216955226 - perf/total_num_tokens:10937755 - perf/time_per_step:1244.6761272512376 - perf/throughput:1098.45392312568
[36m(TaskRunner pid=1876115)[0m step:38 - global_seqlen/min:1365155 - global_seqlen/max:1374475 - global_seqlen/minmax_diff:9320 - global_seqlen/balanced_min:1368362 - global_seqlen/balanced_max:1368365 - global_seqlen/mean:1368363.125 - actor/entropy:1.251153588294983 - perf/mfu/actor_infer:0.0 - actor/pg_clipfrac:np.float64(0.0) - actor/ppo_kl:np.float64(0.04711935072535934) - actor/pg_clipfrac_lower:np.float64(0.0) - actor/pg_loss:np.float64(0.0) - actor/kl_loss:np.float64(0.03964180227558245) - actor/kl_coef:np.float64(0.0010000000000000005) - actor/loss:np.float64(3.964180450566346e-05) - actor/grad_norm:np.float64(0.1558546288870275) - actor/perf/max_memory_allocated_gb:np.float64(56.406545639038086) - actor/perf/max_memory_reserved_gb:np.float64(176.685546875) - actor/perf/cpu_memory_used_gb:np.float64(384.32830905914307) - actor/lr:np.float64(1e-06) - perf/mfu/actor:np.float64(0.0) - training/global_step:38 - training/epoch:2 - critic/score/mean:0.0 - critic/score/max:0.0 - critic/score/min:0.0 - critic/rewards/mean:0.0 - critic/rewards/max:0.0 - critic/rewards/min:0.0 - critic/advantages/mean:0.0 - critic/advantages/max:0.0 - critic/advantages/min:0.0 - critic/returns/mean:0.0 - critic/returns/max:0.0 - critic/returns/min:0.0 - response_length/mean:2048.0 - response_length/max:2048.0 - response_length/min:2048.0 - response_length/clip_ratio:1.0 - response_length_non_aborted/mean:2048.0 - response_length_non_aborted/max:2048.0 - response_length_non_aborted/min:2048.0 - response_length_non_aborted/clip_ratio:1.0 - response/aborted_ratio:0.0 - prompt_length/mean:90.0673828125 - prompt_length/max:837.0 - prompt_length/min:31.0 - prompt_length/clip_ratio:0.0 - num_turns/min:np.int32(2) - num_turns/max:np.int32(2) - num_turns/mean:np.float64(2.0) - timing_s/start_profile:6.164237856864929e-05 - timing_s/agent_loop/num_preempted/min:np.int64(-1) - timing_s/agent_loop/num_preempted/max:np.int64(-1) - timing_s/agent_loop/num_preempted/mean:np.float64(-1.0) - timing_s/agent_loop/generate_sequences/min:np.float64(204.50722072087228) - timing_s/agent_loop/generate_sequences/max:np.float64(329.56435236893594) - timing_s/agent_loop/generate_sequences/mean:np.float64(243.5596052850793) - timing_s/agent_loop/tool_calls/min:np.float64(0.0) - timing_s/agent_loop/tool_calls/max:np.float64(0.0) - timing_s/agent_loop/tool_calls/mean:np.float64(0.0) - timing_s/agent_loop/compute_score/min:np.float64(0.00241238996386528) - timing_s/agent_loop/compute_score/max:np.float64(0.3167801573872566) - timing_s/agent_loop/compute_score/mean:np.float64(0.03818805722621619) - timing_s/agent_loop/slowest/generate_sequences:np.float64(329.3996752407402) - timing_s/agent_loop/slowest/tool_calls:np.float64(0.0) - timing_s/agent_loop/slowest/compute_score:np.float64(0.2007569521665573) - timing_s/agent_loop/slowest/num_preempted:np.int64(-1) - timing_s/agent_loop/slowest/prompt_length:41 - timing_s/agent_loop/slowest/response_length:2048 - timing_s/gen:332.0366218406707 - timing_s/reward:3.984011709690094e-05 - timing_s/old_log_prob:160.24778080917895 - timing_s/ref:155.12162180058658 - timing_s/adv:0.07453224062919617 - timing_s/update_actor:596.3633760306984 - timing_s/update_weights:2.016369316726923 - timing_s/step:1246.5924213826656 - timing_s/stop_profile:3.2726675271987915e-05 - timing_per_token_ms/gen:0.03166547983557422 - timing_per_token_ms/ref:0.014170363385869028 - timing_per_token_ms/adv:6.808521735522156e-06 - timing_per_token_ms/update_actor:0.05447780683496371 - perf/total_num_tokens:10946905 - perf/time_per_step:1246.5924213826656 - perf/throughput:1097.682852493417[36m(TaskRunner pid=1876115)[0m Training Progress:  18%|█▊        | 38/210 [13:57:47<61:52:34, 1295.08s/it]
[36m(TaskRunner pid=1876115)[0m Training Progress:  19%|█▊        | 39/210 [14:18:32<60:47:43, 1279.91s/it]
[36m(WorkerDict pid=1877020)[0m INFO:2026-05-25 17:19:07,495:[Rank 1] Saved model to /workspace/verl/checkpoints/verl_grpo_gsm8k_math/qwen3_8b_grpo_vllm_fsdp_20260525_0229/global_step_40/actor/model_world_size_8_rank_1.pt
[36m(WorkerDict pid=1877020)[0m INFO:2026-05-25 17:19:18,467:[Rank 1] Saved optim to /workspace/verl/checkpoints/verl_grpo_gsm8k_math/qwen3_8b_grpo_vllm_fsdp_20260525_0229/global_step_40/actor/optim_world_size_8_rank_1.pt
[36m(WorkerDict pid=1877020)[0m INFO:2026-05-25 17:19:18,468:[Rank 1] Saved extra_state to /workspace/verl/checkpoints/verl_grpo_gsm8k_math/qwen3_8b_grpo_vllm_fsdp_20260525_0229/global_step_40/actor/extra_state_world_size_8_rank_1.pt
[36m(WorkerDict pid=1877022)[0m INFO:2026-05-25 17:19:07,604:[Rank 3] Saved model to /workspace/verl/checkpoints/verl_grpo_gsm8k_math/qwen3_8b_grpo_vllm_fsdp_20260525_0229/global_step_40/actor/model_world_size_8_rank_3.pt[32m [repeated 3x across cluster][0m
[36m(TaskRunner pid=1876115)[0m Training Progress:  19%|█▉        | 40/210 [14:46:10<65:47:59, 1393.41s/it]
[36m(WorkerDict pid=1877024)[0m INFO:2026-05-25 17:19:18,818:[Rank 5] Saved optim to /workspace/verl/checkpoints/verl_grpo_gsm8k_math/qwen3_8b_grpo_vllm_fsdp_20260525_0229/global_step_40/actor/optim_world_size_8_rank_5.pt[32m [repeated 3x across cluster][0m
[36m(WorkerDict pid=1877024)[0m INFO:2026-05-25 17:19:18,819:[Rank 5] Saved extra_state to /workspace/verl/checkpoints/verl_grpo_gsm8k_math/qwen3_8b_grpo_vllm_fsdp_20260525_0229/global_step_40/actor/extra_state_world_size_8_rank_5.pt[32m [repeated 3x across cluster][0m

[36m(TaskRunner pid=1876115)[0m step:39 - global_seqlen/min:1364260 - global_seqlen/max:1373440 - global_seqlen/minmax_diff:9180 - global_seqlen/balanced_min:1367310 - global_seqlen/balanced_max:1367318 - global_seqlen/mean:1367313.125 - actor/entropy:1.2904775142669678 - perf/mfu/actor_infer:0.0 - actor/pg_clipfrac:np.float64(0.0) - actor/ppo_kl:np.float64(-0.07652007269140258) - actor/pg_clipfrac_lower:np.float64(0.0) - actor/pg_loss:np.float64(0.0) - actor/kl_loss:np.float64(0.03393859175776015) - actor/kl_coef:np.float64(0.0010000000000000005) - actor/loss:np.float64(3.3938593787752325e-05) - actor/grad_norm:np.float64(0.1373733263462782) - actor/perf/max_memory_allocated_gb:np.float64(56.406545639038086) - actor/perf/max_memory_reserved_gb:np.float64(176.685546875) - actor/perf/cpu_memory_used_gb:np.float64(384.292028427124) - actor/lr:np.float64(1e-06) - perf/mfu/actor:np.float64(0.0) - training/global_step:39 - training/epoch:2 - critic/score/mean:0.0 - critic/score/max:0.0 - critic/score/min:0.0 - critic/rewards/mean:0.0 - critic/rewards/max:0.0 - critic/rewards/min:0.0 - critic/advantages/mean:0.0 - critic/advantages/max:0.0 - critic/advantages/min:0.0 - critic/returns/mean:0.0 - critic/returns/max:0.0 - critic/returns/min:0.0 - response_length/mean:2048.0 - response_length/max:2048.0 - response_length/min:2048.0 - response_length/clip_ratio:1.0 - response_length_non_aborted/mean:2048.0 - response_length_non_aborted/max:2048.0 - response_length_non_aborted/min:2048.0 - response_length_non_aborted/clip_ratio:1.0 - response/aborted_ratio:0.0 - prompt_length/mean:88.4267578125 - prompt_length/max:983.0 - prompt_length/min:31.0 - prompt_length/clip_ratio:0.0 - num_turns/min:np.int32(2) - num_turns/max:np.int32(2) - num_turns/mean:np.float64(2.0) - timing_s/start_profile:6.318464875221252e-05 - timing_s/agent_loop/num_preempted/min:np.int64(-1) - timing_s/agent_loop/num_preempted/max:np.int64(-1) - timing_s/agent_loop/num_preempted/mean:np.float64(-1.0) - timing_s/agent_loop/generate_sequences/min:np.float64(203.934803776443) - timing_s/agent_loop/generate_sequences/max:np.float64(329.00948907621205) - timing_s/agent_loop/generate_sequences/mean:np.float64(243.15554095598128) - timing_s/agent_loop/tool_calls/min:np.float64(0.0) - timing_s/agent_loop/tool_calls/max:np.float64(0.0) - timing_s/agent_loop/tool_calls/mean:np.float64(0.0) - timing_s/agent_loop/compute_score/min:np.float64(0.0025598928332328796) - timing_s/agent_loop/compute_score/max:np.float64(0.32470324635505676) - timing_s/agent_loop/compute_score/mean:np.float64(0.04170402980453218) - timing_s/agent_loop/slowest/generate_sequences:np.float64(328.87261646054685) - timing_s/agent_loop/slowest/tool_calls:np.float64(0.0) - timing_s/agent_loop/slowest/compute_score:np.float64(0.16495244204998016) - timing_s/agent_loop/slowest/num_preempted:np.int64(-1) - timing_s/agent_loop/slowest/prompt_length:118 - timing_s/agent_loop/slowest/response_length:2048 - timing_s/gen:331.2812923397869 - timing_s/reward:3.699585795402527e-05 - timing_s/old_log_prob:159.56470470689237 - timing_s/ref:154.45863130874932 - timing_s/adv:0.07528578117489815 - timing_s/update_actor:596.2230180446059 - timing_s/update_weights:2.028301350772381 - timing_s/step:1244.3881395570934 - timing_s/stop_profile:3.1536445021629333e-05 - timing_per_token_ms/gen:0.03159344600103253 - timing_per_token_ms/ref:0.014120634520782256 - timing_per_token_ms/adv:6.882639005503782e-06 - timing_per_token_ms/update_actor:0.054506810395443056 - perf/total_num_tokens:10938505 - perf/time_per_step:1244.3881395570934 - perf/throughput:1098.7834756177108
[36m(TaskRunner pid=1876115)[0m local_global_step_folder: checkpoints/verl_grpo_gsm8k_math/qwen3_8b_grpo_vllm_fsdp_20260525_0229/global_step_40
[36m(TaskRunner pid=1876115)[0m test_gen_batch meta info: {'eos_token_id': 151645, 'pad_token_id': 151643, 'recompute_log_prob': False, 'do_sample': False, 'validate': True, 'global_steps': 40}
[36m(TaskRunner pid=1876115)[0m validation generation end
[36m(TaskRunner pid=1876115)[0m step:40 - global_seqlen/min:1363650 - global_seqlen/max:1371540 - global_seqlen/minmax_diff:7890 - global_seqlen/balanced_min:1367532 - global_seqlen/balanced_max:1367536 - global_seqlen/mean:1367533.125 - actor/entropy:1.2856465578079224 - perf/mfu/actor_infer:0.0 - actor/pg_clipfrac:np.float64(0.0) - actor/ppo_kl:np.float64(0.07901641468214447) - actor/pg_clipfrac_lower:np.float64(0.0) - actor/pg_loss:np.float64(0.0) - actor/kl_loss:np.float64(0.044169685046654195) - actor/kl_coef:np.float64(0.0010000000000000005) - actor/loss:np.float64(4.416968749865191e-05) - actor/grad_norm:np.float64(0.12395058292895555) - actor/perf/max_memory_allocated_gb:np.float64(56.406545639038086) - actor/perf/max_memory_reserved_gb:np.float64(176.685546875) - actor/perf/cpu_memory_used_gb:np.float64(384.4483699798584) - actor/lr:np.float64(1e-06) - perf/mfu/actor:np.float64(0.0) - val-aux/openai/gsm8k/reward/mean@1:np.float64(0.0) - val-core/openai/gsm8k/acc/mean@1:np.float64(0.0) - val-aux/DigitalLearningGmbH/MATH-lighteval/reward/mean@1:np.float64(0.0) - val-core/DigitalLearningGmbH/MATH-lighteval/acc/mean@1:np.float64(0.0) - val-aux/num_turns/min:np.int32(2) - val-aux/num_turns/max:np.int32(2) - val-aux/num_turns/mean:np.float64(2.0) - training/global_step:40 - training/epoch:2 - critic/score/mean:0.0 - critic/score/max:0.0 - critic/score/min:0.0 - critic/rewards/mean:0.0 - critic/rewards/max:0.0 - critic/rewards/min:0.0 - critic/advantages/mean:0.0 - critic/advantages/max:0.0 - critic/advantages/min:0.0 - critic/returns/mean:0.0 - critic/returns/max:0.0 - critic/returns/min:0.0 - response_length/mean:2048.0 - response_length/max:2048.0 - response_length/min:2048.0 - response_length/clip_ratio:1.0 - response_length_non_aborted/mean:2048.0 - response_length_non_aborted/max:2048.0 - response_length_non_aborted/min:2048.0 - response_length_non_aborted/clip_ratio:1.0 - response/aborted_ratio:0.0 - prompt_length/mean:88.7705078125 - prompt_length/max:865.0 - prompt_length/min:32.0 - prompt_length/clip_ratio:0.0 - num_turns/min:np.int32(2) - num_turns/max:np.int32(2) - num_turns/mean:np.float64(2.0) - timing_s/start_profile:6.568059325218201e-05 - timing_s/agent_loop/num_preempted/min:np.int64(-1) - timing_s/agent_loop/num_preempted/max:np.int64(-1) - timing_s/agent_loop/num_preempted/mean:np.float64(-1.0) - timing_s/agent_loop/generate_sequences/min:np.float64(203.97886333987117) - timing_s/agent_loop/generate_sequences/max:np.float64(329.5757303275168) - timing_s/agent_loop/generate_sequences/mean:np.float64(243.04645024864877) - timing_s/agent_loop/tool_calls/min:np.float64(0.0) - timing_s/agent_loop/tool_calls/max:np.float64(0.0) - timing_s/agent_loop/tool_calls/mean:np.float64(0.0) - timing_s/agent_loop/compute_score/min:np.float64(0.002511899918317795) - timing_s/agent_loop/compute_score/max:np.float64(0.18892372772097588) - timing_s/agent_loop/compute_score/mean:np.float64(0.03417062220069056) - timing_s/agent_loop/slowest/generate_sequences:np.float64(329.4827707502991) - timing_s/agent_loop/slowest/tool_calls:np.float64(0.0) - timing_s/agent_loop/slowest/compute_score:np.float64(0.1238340474665165) - timing_s/agent_loop/slowest/num_preempted:np.int64(-1) - timing_s/agent_loop/slowest/prompt_length:54 - timing_s/agent_loop/slowest/response_length:2048 - timing_s/gen:332.1430594846606 - timing_s/reward:4.186294972896576e-05 - timing_s/old_log_prob:160.34101666882634 - timing_s/ref:154.98431282117963 - timing_s/adv:0.08061518706381321 - timing_s/update_actor:595.737321741879 - timing_s/save_checkpoint:18.74036547727883 - timing_s/update_weights:6.0945522002875805 - timing_s/step:1268.8913446795195 - timing_s/testing:389.22402025200427 - timing_s/stop_profile:0.00011274963617324829 - timing_per_token_ms/gen:0.031675630520311415 - timing_per_token_ms/ref:0.014166413045861286 - timing_per_token_ms/adv:7.368668589272125e-06 - timing_per_token_ms/update_actor:0.05445364639173539 - perf/total_num_tokens:10940265 - perf/time_per_step:1268.8913446795195 - perf/throughput:1077.7385555777387
[36m(TaskRunner pid=1876115)[0m step:41 - global_seqlen/min:1362800 - global_seqlen/max:1370235 - global_seqlen/minmax_diff:7435 - global_seqlen/balanced_min:1367071 - global_seqlen/balanced_max:1367075 - global_seqlen/mean:1367073.125 - actor/entropy:1.2123992443084717 - perf/mfu/actor_infer:0.0 - actor/pg_clipfrac:np.float64(0.0) - actor/ppo_kl:np.float64(-0.04150128578981399) - actor/pg_clipfrac_lower:np.float64(0.0) - actor/pg_loss:np.float64(0.0) - actor/kl_loss:np.float64(0.03237882846224238) - actor/kl_coef:np.float64(0.0010000000000000005) - actor/loss:np.float64(3.237883083784254e-05) - actor/grad_norm:np.float64(0.05577226635068655) - actor/perf/max_memory_allocated_gb:np.float64(56.406545639038086) - actor/perf/max_memory_reserved_gb:np.float64(176.685546875) - actor/perf/cpu_memory_used_gb:np.float64(389.13043785095215) - actor/lr:np.float64(1e-06) - perf/mfu/actor:np.float64(0.0) - training/global_step:41 - training/epoch:2 - critic/score/mean:0.0 - critic/score/max:0.0 - critic/score/min:0.0 - critic/rewards/mean:0.0 - critic/rewards/max:0.0 - critic/rewards/min:0.0 - critic/advantages/mean:0.0 - critic/advantages/max:0.0 - critic/advantages/min:0.0 - critic/returns/mean:0.0 - critic/returns/max:0.0 - critic/returns/min:0.0 - response_length/mean:2048.0 - response_length/max:2048.0 - response_length/min:2048.0 - response_length/clip_ratio:1.0 - response_length_non_aborted/mean:2048.0 - response_length_non_aborted/max:2048.0 - response_length_non_aborted/min:2048.0 - response_length_non_aborted/clip_ratio:1.0 - response/aborted_ratio:0.0 - prompt_length/mean:88.0517578125 - prompt_length/max:823.0 - prompt_length/min:32.0 - prompt_length/clip_ratio:0.0 - num_turns/min:np.int32(2) - num_turns/max:np.int32(2) - num_turns/mean:np.float64(2.0) - timing_s/start_profile:6.731972098350525e-05 - timing_s/agent_loop/num_preempted/min:np.int64(-1) - timing_s/agent_loop/num_preempted/max:np.int64(-1) - timing_s/agent_loop/num_preempted/mean:np.float64(-1.0) - timing_s/agent_loop/generate_sequences/min:np.float64(205.88719126023352) - timing_s/agent_loop/generate_sequences/max:np.float64(336.7917275559157) - timing_s/agent_loop/generate_sequences/mean:np.float64(246.87685515709455) - timing_s/agent_loop/tool_calls/min:np.float64(0.0) - timing_s/agent_loop/tool_calls/max:np.float64(0.0) - timing_s/agent_loop/tool_calls/mean:np.float64(0.0) - timing_s/agent_loop/compute_score/min:np.float64(0.0024708695709705353) - timing_s/agent_loop/compute_score/max:np.float64(0.17439054511487484) - timing_s/agent_loop/compute_score/mean:np.float64(0.028739380736078603) - timing_s/agent_loop/slowest/generate_sequences:np.float64(336.69930853135884) - timing_s/agent_loop/slowest/tool_calls:np.float64(0.0) - timing_s/agent_loop/slowest/compute_score:np.float64(0.13758759200572968) - timing_s/agent_loop/slowest/num_preempted:np.int64(-1) - timing_s/agent_loop/slowest/prompt_length:70 - timing_s/agent_loop/slowest/response_length:2048 - timing_s/gen:339.5630155354738 - timing_s/reward:4.8764050006866455e-05 - timing_s/old_log_prob:161.84732938185334 - timing_s/ref:154.60640178993344 - timing_s/adv:0.0886688381433487 - timing_s/update_actor:596.1309310067445 - timing_s/update_weights:1.9114234037697315 - timing_s/step:1254.9117897860706 - timing_s/stop_profile:3.210827708244324e-05 - timing_per_token_ms/gen:0.032383252671763785 - timing_per_token_ms/ref:0.014136625079029097 - timing_per_token_ms/adv:8.10754345559868e-06 - timing_per_token_ms/update_actor:0.05450795938647617 - perf/total_num_tokens:10936585 - perf/time_per_step:1254.9117897860706 - perf/throughput:1089.377863947752[36m(TaskRunner pid=1876115)[0m Training Progress:  20%|█▉        | 41/210 [15:07:05<63:27:54, 1351.92s/it]
[36m(TaskRunner pid=1876115)[0m Training Progress:  20%|██        | 42/210 [15:27:52<61:37:00, 1320.36s/it]
[36m(TaskRunner pid=1876115)[0m Training Progress:  20%|██        | 43/210 [15:48:40<60:14:51, 1298.75s/it]

[36m(TaskRunner pid=1876115)[0m step:42 - global_seqlen/min:1361940 - global_seqlen/max:1373505 - global_seqlen/minmax_diff:11565 - global_seqlen/balanced_min:1367265 - global_seqlen/balanced_max:1367269 - global_seqlen/mean:1367267.5 - actor/entropy:1.3015559911727905 - perf/mfu/actor_infer:0.0 - actor/pg_clipfrac:np.float64(0.0) - actor/ppo_kl:np.float64(0.06393089784274171) - actor/pg_clipfrac_lower:np.float64(0.0) - actor/pg_loss:np.float64(0.0) - actor/kl_loss:np.float64(0.03878394224011572) - actor/kl_coef:np.float64(0.0010000000000000005) - actor/loss:np.float64(3.878394181811018e-05) - actor/grad_norm:np.float64(0.029707496985793114) - actor/perf/max_memory_allocated_gb:np.float64(56.406545639038086) - actor/perf/max_memory_reserved_gb:np.float64(176.685546875) - actor/perf/cpu_memory_used_gb:np.float64(387.36287784576416) - actor/lr:np.float64(1e-06) - perf/mfu/actor:np.float64(0.0) - training/global_step:42 - training/epoch:2 - critic/score/mean:0.0 - critic/score/max:0.0 - critic/score/min:0.0 - critic/rewards/mean:0.0 - critic/rewards/max:0.0 - critic/rewards/min:0.0 - critic/advantages/mean:0.0 - critic/advantages/max:0.0 - critic/advantages/min:0.0 - critic/returns/mean:0.0 - critic/returns/max:0.0 - critic/returns/min:0.0 - response_length/mean:2048.0 - response_length/max:2048.0 - response_length/min:2048.0 - response_length/clip_ratio:1.0 - response_length_non_aborted/mean:2048.0 - response_length_non_aborted/max:2048.0 - response_length_non_aborted/min:2048.0 - response_length_non_aborted/clip_ratio:1.0 - response/aborted_ratio:0.0 - prompt_length/mean:88.35546875 - prompt_length/max:613.0 - prompt_length/min:30.0 - prompt_length/clip_ratio:0.0 - num_turns/min:np.int32(2) - num_turns/max:np.int32(2) - num_turns/mean:np.float64(2.0) - timing_s/start_profile:7.18291848897934e-05 - timing_s/agent_loop/num_preempted/min:np.int64(-1) - timing_s/agent_loop/num_preempted/max:np.int64(-1) - timing_s/agent_loop/num_preempted/mean:np.float64(-1.0) - timing_s/agent_loop/generate_sequences/min:np.float64(203.85380917601287) - timing_s/agent_loop/generate_sequences/max:np.float64(329.2490159776062) - timing_s/agent_loop/generate_sequences/mean:np.float64(243.01958342740653) - timing_s/agent_loop/tool_calls/min:np.float64(0.0) - timing_s/agent_loop/tool_calls/max:np.float64(0.0) - timing_s/agent_loop/tool_calls/mean:np.float64(0.0) - timing_s/agent_loop/compute_score/min:np.float64(0.0024750661104917526) - timing_s/agent_loop/compute_score/max:np.float64(0.13910902477800846) - timing_s/agent_loop/compute_score/mean:np.float64(0.0246083910951711) - timing_s/agent_loop/slowest/generate_sequences:np.float64(329.14724986068904) - timing_s/agent_loop/slowest/tool_calls:np.float64(0.0) - timing_s/agent_loop/slowest/compute_score:np.float64(0.12557359971106052) - timing_s/agent_loop/slowest/num_preempted:np.int64(-1) - timing_s/agent_loop/slowest/prompt_length:46 - timing_s/agent_loop/slowest/response_length:2048 - timing_s/gen:331.85873254574835 - timing_s/reward:4.179216921329498e-05 - timing_s/old_log_prob:160.01722308807075 - timing_s/ref:154.82460359483957 - timing_s/adv:0.07844518311321735 - timing_s/update_actor:597.0186416637152 - timing_s/update_weights:2.018643841147423 - timing_s/step:1246.5322682652622 - timing_s/stop_profile:3.388337790966034e-05 - timing_per_token_ms/gen:0.03164851499040111 - timing_per_token_ms/ref:0.014154564084464047 - timing_per_token_ms/adv:7.1717113799254125e-06 - timing_per_token_ms/update_actor:0.05458136773379343 - perf/total_num_tokens:10938140 - perf/time_per_step:1246.5322682652622 - perf/throughput:1096.856884341036
[36m(TaskRunner pid=1876115)[0m step:43 - global_seqlen/min:1363240 - global_seqlen/max:1371475 - global_seqlen/minmax_diff:8235 - global_seqlen/balanced_min:1367455 - global_seqlen/balanced_max:1367503 - global_seqlen/mean:1367493.75 - actor/entropy:1.270212173461914 - perf/mfu/actor_infer:0.0 - actor/pg_clipfrac:np.float64(0.0) - actor/ppo_kl:np.float64(-0.028879170191388918) - actor/pg_clipfrac_lower:np.float64(0.0) - actor/pg_loss:np.float64(0.0) - actor/kl_loss:np.float64(0.03858209335885476) - actor/kl_coef:np.float64(0.0010000000000000005) - actor/loss:np.float64(3.8582094020966906e-05) - actor/grad_norm:np.float64(0.04777234047651291) - actor/perf/max_memory_allocated_gb:np.float64(56.406545639038086) - actor/perf/max_memory_reserved_gb:np.float64(176.685546875) - actor/perf/cpu_memory_used_gb:np.float64(386.963490486145) - actor/lr:np.float64(1e-06) - perf/mfu/actor:np.float64(0.0) - training/global_step:43 - training/epoch:3 - critic/score/mean:0.0 - critic/score/max:0.0 - critic/score/min:0.0 - critic/rewards/mean:0.0 - critic/rewards/max:0.0 - critic/rewards/min:0.0 - critic/advantages/mean:0.0 - critic/advantages/max:0.0 - critic/advantages/min:0.0 - critic/returns/mean:0.0 - critic/returns/max:0.0 - critic/returns/min:0.0 - response_length/mean:2048.0 - response_length/max:2048.0 - response_length/min:2048.0 - response_length/clip_ratio:1.0 - response_length_non_aborted/mean:2048.0 - response_length_non_aborted/max:2048.0 - response_length_non_aborted/min:2048.0 - response_length_non_aborted/clip_ratio:1.0 - response/aborted_ratio:0.0 - prompt_length/mean:88.708984375 - prompt_length/max:862.0 - prompt_length/min:31.0 - prompt_length/clip_ratio:0.0 - num_turns/min:np.int32(2) - num_turns/max:np.int32(2) - num_turns/mean:np.float64(2.0) - timing_s/start_profile:0.0002654474228620529 - timing_s/agent_loop/num_preempted/min:np.int64(-1) - timing_s/agent_loop/num_preempted/max:np.int64(-1) - timing_s/agent_loop/num_preempted/mean:np.float64(-1.0) - timing_s/agent_loop/generate_sequences/min:np.float64(204.80509476922452) - timing_s/agent_loop/generate_sequences/max:np.float64(328.41128362715244) - timing_s/agent_loop/generate_sequences/mean:np.float64(243.31974044290982) - timing_s/agent_loop/tool_calls/min:np.float64(0.0) - timing_s/agent_loop/tool_calls/max:np.float64(0.0) - timing_s/agent_loop/tool_calls/mean:np.float64(0.0) - timing_s/agent_loop/compute_score/min:np.float64(0.0025480445474386215) - timing_s/agent_loop/compute_score/max:np.float64(0.19194264896214008) - timing_s/agent_loop/compute_score/mean:np.float64(0.03484320861971355) - timing_s/agent_loop/slowest/generate_sequences:np.float64(328.3043202813715) - timing_s/agent_loop/slowest/tool_calls:np.float64(0.0) - timing_s/agent_loop/slowest/compute_score:np.float64(0.12756010331213474) - timing_s/agent_loop/slowest/num_preempted:np.int64(-1) - timing_s/agent_loop/slowest/prompt_length:142 - timing_s/agent_loop/slowest/response_length:2048 - timing_s/gen:331.3815791234374 - timing_s/reward:7.849745452404022e-05 - timing_s/old_log_prob:160.507157985121 - timing_s/ref:155.06559202075005 - timing_s/adv:0.0815615002065897 - timing_s/update_actor:597.330632340163 - timing_s/update_weights:2.056468551978469 - timing_s/step:1247.2526445630938 - timing_s/stop_profile:3.2220035791397095e-05 - timing_per_token_ms/gen:0.03160301009401678 - timing_per_token_ms/ref:0.014174250524065471 - timing_per_token_ms/adv:7.455381442016618e-06 - timing_per_token_ms/update_actor:0.05460085579368854 - perf/total_num_tokens:10939950 - perf/time_per_step:1247.2526445630938 - perf/throughput:1096.4047708866763
[36m(TaskRunner pid=1876115)[0m step:44 - global_seqlen/min:1363285 - global_seqlen/max:1374895 - global_seqlen/minmax_diff:11610 - global_seqlen/balanced_min:1367448 - global_seqlen/balanced_max:1367451 - global_seqlen/mean:1367448.75 - actor/entropy:1.2909756898880005 - perf/mfu/actor_infer:0.0 - actor/pg_clipfrac:np.float64(0.0) - actor/ppo_kl:np.float64(0.003643911669068362) - actor/pg_clipfrac_lower:np.float64(0.0) - actor/pg_loss:np.float64(0.0) - actor/kl_loss:np.float64(0.03451398992547183) - actor/kl_coef:np.float64(0.0010000000000000005) - actor/loss:np.float64(3.451399152254453e-05) - actor/grad_norm:np.float64(0.06024299655109644) - actor/perf/max_memory_allocated_gb:np.float64(56.406545639038086) - actor/perf/max_memory_reserved_gb:np.float64(176.685546875) - actor/perf/cpu_memory_used_gb:np.float64(386.19027614593506) - actor/lr:np.float64(1e-06) - perf/mfu/actor:np.float64(0.0) - training/global_step:44 - training/epoch:3 - critic/score/mean:0.0 - critic/score/max:0.0 - critic/score/min:0.0 - critic/rewards/mean:0.0 - critic/rewards/max:0.0 - critic/rewards/min:0.0 - critic/advantages/mean:0.0 - critic/advantages/max:0.0 - critic/advantages/min:0.0 - critic/returns/mean:0.0 - critic/returns/max:0.0 - critic/returns/min:0.0 - response_length/mean:2048.0 - response_length/max:2048.0 - response_length/min:2048.0 - response_length/clip_ratio:1.0 - response_length_non_aborted/mean:2048.0 - response_length_non_aborted/max:2048.0 - response_length_non_aborted/min:2048.0 - response_length_non_aborted/clip_ratio:1.0 - response/aborted_ratio:0.0 - prompt_length/mean:88.638671875 - prompt_length/max:744.0 - prompt_length/min:34.0 - prompt_length/clip_ratio:0.0 - num_turns/min:np.int32(2) - num_turns/max:np.int32(2) - num_turns/mean:np.float64(2.0) - timing_s/start_profile:7.956847548484802e-05 - timing_s/agent_loop/num_preempted/min:np.int64(-1) - timing_s/agent_loop/num_preempted/max:np.int64(-1) - timing_s/agent_loop/num_preempted/mean:np.float64(-1.0) - timing_s/agent_loop/generate_sequences/min:np.float64(204.62893666885793) - timing_s/agent_loop/generate_sequences/max:np.float64(330.1496714409441) - timing_s/agent_loop/generate_sequences/mean:np.float64(243.16360206993232) - timing_s/agent_loop/tool_calls/min:np.float64(0.0) - timing_s/agent_loop/tool_calls/max:np.float64(0.0) - timing_s/agent_loop/tool_calls/mean:np.float64(0.0) - timing_s/agent_loop/compute_score/min:np.float64(0.0024486053735017776) - timing_s/agent_loop/compute_score/max:np.float64(0.22950386069715023) - timing_s/agent_loop/compute_score/mean:np.float64(0.03211954415128275) - timing_s/agent_loop/slowest/generate_sequences:np.float64(329.97699672169983) - timing_s/agent_loop/slowest/tool_calls:np.float64(0.0) - timing_s/agent_loop/slowest/compute_score:np.float64(0.207664979621768) - timing_s/agent_loop/slowest/num_preempted:np.int64(-1) - timing_s/agent_loop/slowest/prompt_length:174 - timing_s/agent_loop/slowest/response_length:2048 - timing_s/gen:332.6395147461444 - timing_s/reward:3.6213546991348267e-05 - timing_s/old_log_prob:159.90200306102633 - timing_s/ref:154.45487704314291 - timing_s/adv:0.07443384453654289 - timing_s/update_actor:597.0957882907242 - timing_s/update_weights:2.0125039648264647 - timing_s/step:1247.4440875630826 - timing_s/stop_profile:3.11192125082016e-05 - timing_per_token_ms/gen:0.0317229761835236 - timing_per_token_ms/ref:0.014118890839889146 - timing_per_token_ms/adv:6.80407990944294e-06 - timing_per_token_ms/update_actor:0.0545811852446686 - perf/total_num_tokens:10939590 - perf/time_per_step:1247.4440875630826 - perf/throughput:1096.200433857801[36m(TaskRunner pid=1876115)[0m Training Progress:  21%|██        | 44/210 [16:09:28<59:10:49, 1283.43s/it]
[36m(TaskRunner pid=1876115)[0m Training Progress:  21%|██▏       | 45/210 [16:36:42<63:39:07, 1388.77s/it]
[36m(TaskRunner pid=1876115)[0m Training Progress:  22%|██▏       | 46/210 [16:57:38<61:26:33, 1348.74s/it]

[36m(TaskRunner pid=1876115)[0m test_gen_batch meta info: {'eos_token_id': 151645, 'pad_token_id': 151643, 'recompute_log_prob': False, 'do_sample': False, 'validate': True, 'global_steps': 45}
[36m(TaskRunner pid=1876115)[0m validation generation end
[36m(TaskRunner pid=1876115)[0m step:45 - global_seqlen/min:1364390 - global_seqlen/max:1373725 - global_seqlen/minmax_diff:9335 - global_seqlen/balanced_min:1368546 - global_seqlen/balanced_max:1368554 - global_seqlen/mean:1368548.75 - actor/entropy:1.2734400033950806 - perf/mfu/actor_infer:0.0 - actor/pg_clipfrac:np.float64(0.0) - actor/ppo_kl:np.float64(0.019704383640988084) - actor/pg_clipfrac_lower:np.float64(0.0) - actor/pg_loss:np.float64(0.0) - actor/kl_loss:np.float64(0.036248973581678) - actor/kl_coef:np.float64(0.0010000000000000005) - actor/loss:np.float64(3.624897544796113e-05) - actor/grad_norm:np.float64(0.04467900423333049) - actor/perf/max_memory_allocated_gb:np.float64(56.406545639038086) - actor/perf/max_memory_reserved_gb:np.float64(176.685546875) - actor/perf/cpu_memory_used_gb:np.float64(385.8329658508301) - actor/lr:np.float64(1e-06) - perf/mfu/actor:np.float64(0.0) - val-aux/openai/gsm8k/reward/mean@1:np.float64(0.0) - val-core/openai/gsm8k/acc/mean@1:np.float64(0.0) - val-aux/DigitalLearningGmbH/MATH-lighteval/reward/mean@1:np.float64(0.0) - val-core/DigitalLearningGmbH/MATH-lighteval/acc/mean@1:np.float64(0.0) - val-aux/num_turns/min:np.int32(2) - val-aux/num_turns/max:np.int32(2) - val-aux/num_turns/mean:np.float64(2.0) - training/global_step:45 - training/epoch:3 - critic/score/mean:0.0 - critic/score/max:0.0 - critic/score/min:0.0 - critic/rewards/mean:0.0 - critic/rewards/max:0.0 - critic/rewards/min:0.0 - critic/advantages/mean:0.0 - critic/advantages/max:0.0 - critic/advantages/min:0.0 - critic/returns/mean:0.0 - critic/returns/max:0.0 - critic/returns/min:0.0 - response_length/mean:2048.0 - response_length/max:2048.0 - response_length/min:2048.0 - response_length/clip_ratio:1.0 - response_length_non_aborted/mean:2048.0 - response_length_non_aborted/max:2048.0 - response_length_non_aborted/min:2048.0 - response_length_non_aborted/clip_ratio:1.0 - response/aborted_ratio:0.0 - prompt_length/mean:90.357421875 - prompt_length/max:926.0 - prompt_length/min:32.0 - prompt_length/clip_ratio:0.0 - num_turns/min:np.int32(2) - num_turns/max:np.int32(2) - num_turns/mean:np.float64(2.0) - timing_s/start_profile:6.715953350067139e-05 - timing_s/agent_loop/num_preempted/min:np.int64(-1) - timing_s/agent_loop/num_preempted/max:np.int64(-1) - timing_s/agent_loop/num_preempted/mean:np.float64(-1.0) - timing_s/agent_loop/generate_sequences/min:np.float64(205.62797479517758) - timing_s/agent_loop/generate_sequences/max:np.float64(330.498514438048) - timing_s/agent_loop/generate_sequences/mean:np.float64(243.75987351888472) - timing_s/agent_loop/tool_calls/min:np.float64(0.0) - timing_s/agent_loop/tool_calls/max:np.float64(0.0) - timing_s/agent_loop/tool_calls/mean:np.float64(0.0) - timing_s/agent_loop/compute_score/min:np.float64(0.002465728670358658) - timing_s/agent_loop/compute_score/max:np.float64(0.2552201207727194) - timing_s/agent_loop/compute_score/mean:np.float64(0.03828569426732429) - timing_s/agent_loop/slowest/generate_sequences:np.float64(330.3401927705854) - timing_s/agent_loop/slowest/tool_calls:np.float64(0.0) - timing_s/agent_loop/slowest/compute_score:np.float64(0.18540136329829693) - timing_s/agent_loop/slowest/num_preempted:np.int64(-1) - timing_s/agent_loop/slowest/prompt_length:92 - timing_s/agent_loop/slowest/response_length:2048 - timing_s/gen:332.8973794914782 - timing_s/reward:3.915838897228241e-05 - timing_s/old_log_prob:160.85621485300362 - timing_s/ref:156.2385276965797 - timing_s/adv:0.08001046627759933 - timing_s/update_actor:597.1744559835643 - timing_s/update_weights:1.8854796644300222 - timing_s/step:1249.9465793408453 - timing_s/testing:384.43504120595753 - timing_s/stop_profile:0.00011113658547401428 - timing_per_token_ms/gen:0.031747568081996747 - timing_per_token_ms/ref:0.014270456907050233 - timing_per_token_ms/adv:7.307966402146739e-06 - timing_per_token_ms/update_actor:0.054544499783398676 - perf/total_num_tokens:10948390 - perf/time_per_step:1249.9465793408453 - perf/throughput:1094.8857916165498
[36m(TaskRunner pid=1876115)[0m step:46 - global_seqlen/min:1362180 - global_seqlen/max:1374765 - global_seqlen/minmax_diff:12585 - global_seqlen/balanced_min:1368022 - global_seqlen/balanced_max:1368030 - global_seqlen/mean:1368025.0 - actor/entropy:1.2019506692886353 - perf/mfu/actor_infer:0.0 - actor/pg_clipfrac:np.float64(0.0) - actor/ppo_kl:np.float64(-0.026281220012748192) - actor/pg_clipfrac_lower:np.float64(0.0) - actor/pg_loss:np.float64(0.0) - actor/kl_loss:np.float64(0.029580951522802934) - actor/kl_coef:np.float64(0.0010000000000000005) - actor/loss:np.float64(2.9580953196273185e-05) - actor/grad_norm:np.float64(0.009217001497745514) - actor/perf/max_memory_allocated_gb:np.float64(56.406545639038086) - actor/perf/max_memory_reserved_gb:np.float64(176.685546875) - actor/perf/cpu_memory_used_gb:np.float64(386.4242248535156) - actor/lr:np.float64(1e-06) - perf/mfu/actor:np.float64(0.0) - training/global_step:46 - training/epoch:3 - critic/score/mean:0.0 - critic/score/max:0.0 - critic/score/min:0.0 - critic/rewards/mean:0.0 - critic/rewards/max:0.0 - critic/rewards/min:0.0 - critic/advantages/mean:0.0 - critic/advantages/max:0.0 - critic/advantages/min:0.0 - critic/returns/mean:0.0 - critic/returns/max:0.0 - critic/returns/min:0.0 - response_length/mean:2048.0 - response_length/max:2048.0 - response_length/min:2048.0 - response_length/clip_ratio:1.0 - response_length_non_aborted/mean:2048.0 - response_length_non_aborted/max:2048.0 - response_length_non_aborted/min:2048.0 - response_length_non_aborted/clip_ratio:1.0 - response/aborted_ratio:0.0 - prompt_length/mean:89.5390625 - prompt_length/max:837.0 - prompt_length/min:32.0 - prompt_length/clip_ratio:0.0 - num_turns/min:np.int32(2) - num_turns/max:np.int32(2) - num_turns/mean:np.float64(2.0) - timing_s/start_profile:6.930343806743622e-05 - timing_s/agent_loop/num_preempted/min:np.int64(-1) - timing_s/agent_loop/num_preempted/max:np.int64(-1) - timing_s/agent_loop/num_preempted/mean:np.float64(-1.0) - timing_s/agent_loop/generate_sequences/min:np.float64(202.49024462141097) - timing_s/agent_loop/generate_sequences/max:np.float64(336.57759355194867) - timing_s/agent_loop/generate_sequences/mean:np.float64(247.2938025588537) - timing_s/agent_loop/tool_calls/min:np.float64(0.0) - timing_s/agent_loop/tool_calls/max:np.float64(0.0) - timing_s/agent_loop/tool_calls/mean:np.float64(0.0) - timing_s/agent_loop/compute_score/min:np.float64(0.0026133935898542404) - timing_s/agent_loop/compute_score/max:np.float64(0.6812223121523857) - timing_s/agent_loop/compute_score/mean:np.float64(0.06403829672599386) - timing_s/agent_loop/slowest/generate_sequences:np.float64(336.1749075297266) - timing_s/agent_loop/slowest/tool_calls:np.float64(0.0) - timing_s/agent_loop/slowest/compute_score:np.float64(0.45900221168994904) - timing_s/agent_loop/slowest/num_preempted:np.int64(-1) - timing_s/agent_loop/slowest/prompt_length:80 - timing_s/agent_loop/slowest/response_length:2048 - timing_s/gen:338.8885089866817 - timing_s/reward:5.2887946367263794e-05 - timing_s/old_log_prob:160.85442751832306 - timing_s/ref:155.64054667018354 - timing_s/adv:0.0828863400965929 - timing_s/update_actor:596.9457179699093 - timing_s/update_weights:2.0053561367094517 - timing_s/step:1255.2206184398383 - timing_s/stop_profile:3.260001540184021e-05 - timing_per_token_ms/gen:0.0323189267145807 - timing_per_token_ms/ref:0.014221281287822183 - timing_per_token_ms/adv:7.573540331553965e-06 - timing_per_token_ms/update_actor:0.05454448182324056 - perf/total_num_tokens:10944200 - perf/time_per_step:1255.2206184398383 - perf/throughput:1089.868171302325
[36m(TaskRunner pid=1876115)[0m step:47 - global_seqlen/min:1362145 - global_seqlen/max:1372750 - global_seqlen/minmax_diff:10605 - global_seqlen/balanced_min:1367022 - global_seqlen/balanced_max:1367024 - global_seqlen/mean:1367023.125 - actor/entropy:1.3207200765609741 - perf/mfu/actor_infer:0.0 - actor/pg_clipfrac:np.float64(0.0) - actor/ppo_kl:np.float64(0.055688324465330966) - actor/pg_clipfrac_lower:np.float64(0.0) - actor/pg_loss:np.float64(0.0) - actor/kl_loss:np.float64(0.03710971206965041) - actor/kl_coef:np.float64(0.0010000000000000005) - actor/loss:np.float64(3.7109713957761414e-05) - actor/grad_norm:np.float64(0.05404325854033232) - actor/perf/max_memory_allocated_gb:np.float64(56.406545639038086) - actor/perf/max_memory_reserved_gb:np.float64(176.685546875) - actor/perf/cpu_memory_used_gb:np.float64(386.21973609924316) - actor/lr:np.float64(1e-06) - perf/mfu/actor:np.float64(0.0) - training/global_step:47 - training/epoch:3 - critic/score/mean:0.0 - critic/score/max:0.0 - critic/score/min:0.0 - critic/rewards/mean:0.0 - critic/rewards/max:0.0 - critic/rewards/min:0.0 - critic/advantages/mean:0.0 - critic/advantages/max:0.0 - critic/advantages/min:0.0 - critic/returns/mean:0.0 - critic/returns/max:0.0 - critic/returns/min:0.0 - response_length/mean:2048.0 - response_length/max:2048.0 - response_length/min:2048.0 - response_length/clip_ratio:1.0 - response_length_non_aborted/mean:2048.0 - response_length_non_aborted/max:2048.0 - response_length_non_aborted/min:2048.0 - response_length_non_aborted/clip_ratio:1.0 - response/aborted_ratio:0.0 - prompt_length/mean:87.9736328125 - prompt_length/max:845.0 - prompt_length/min:32.0 - prompt_length/clip_ratio:0.0 - num_turns/min:np.int32(2) - num_turns/max:np.int32(2) - num_turns/mean:np.float64(2.0) - timing_s/start_profile:7.328018546104431e-05 - timing_s/agent_loop/num_preempted/min:np.int64(-1) - timing_s/agent_loop/num_preempted/max:np.int64(-1) - timing_s/agent_loop/num_preempted/mean:np.float64(-1.0) - timing_s/agent_loop/generate_sequences/min:np.float64(205.28443290665746) - timing_s/agent_loop/generate_sequences/max:np.float64(329.1314706597477) - timing_s/agent_loop/generate_sequences/mean:np.float64(243.50230334855368) - timing_s/agent_loop/tool_calls/min:np.float64(0.0) - timing_s/agent_loop/tool_calls/max:np.float64(0.0) - timing_s/agent_loop/tool_calls/mean:np.float64(0.0) - timing_s/agent_loop/compute_score/min:np.float64(0.002540033310651779) - timing_s/agent_loop/compute_score/max:np.float64(0.2784710917621851) - timing_s/agent_loop/compute_score/mean:np.float64(0.04088423488501576) - timing_s/agent_loop/slowest/generate_sequences:np.float64(328.9522526860237) - timing_s/agent_loop/slowest/tool_calls:np.float64(0.0) - timing_s/agent_loop/slowest/compute_score:np.float64(0.21262931264936924) - timing_s/agent_loop/slowest/num_preempted:np.int64(-1) - timing_s/agent_loop/slowest/prompt_length:49 - timing_s/agent_loop/slowest/response_length:2048 - timing_s/gen:331.6292000915855 - timing_s/reward:3.717653453350067e-05 - timing_s/old_log_prob:159.8638724386692 - timing_s/ref:154.56137045659125 - timing_s/adv:0.07870402373373508 - timing_s/update_actor:595.897427489981 - timing_s/update_weights:2.0355406161397696 - timing_s/step:1244.7878612056375 - timing_s/stop_profile:4.914402961730957e-05 - timing_per_token_ms/gen:0.03162662506976943 - timing_per_token_ms/ref:0.014133024492233009 - timing_per_token_ms/adv:7.196661700011026e-06 - timing_per_token_ms/update_actor:0.05448860160009922 - perf/total_num_tokens:10936185 - perf/time_per_step:1244.7878612056375 - perf/throughput:1098.1976669309513[36m(TaskRunner pid=1876115)[0m Training Progress:  22%|██▏       | 47/210 [17:18:23<59:39:31, 1317.62s/it]
[36m(TaskRunner pid=1876115)[0m Training Progress:  23%|██▎       | 48/210 [17:39:10<58:20:30, 1296.48s/it]
[36m(TaskRunner pid=1876115)[0m Training Progress:  23%|██▎       | 49/210 [17:59:58<57:19:45, 1281.89s/it]

[36m(TaskRunner pid=1876115)[0m step:48 - global_seqlen/min:1361720 - global_seqlen/max:1375240 - global_seqlen/minmax_diff:13520 - global_seqlen/balanced_min:1368583 - global_seqlen/balanced_max:1368585 - global_seqlen/mean:1368583.75 - actor/entropy:1.2699337005615234 - perf/mfu/actor_infer:0.0 - actor/pg_clipfrac:np.float64(0.0) - actor/ppo_kl:np.float64(-0.02398299761867167) - actor/pg_clipfrac_lower:np.float64(0.0) - actor/pg_loss:np.float64(0.0) - actor/kl_loss:np.float64(0.03740207192458911) - actor/kl_coef:np.float64(0.0010000000000000005) - actor/loss:np.float64(3.740207557711983e-05) - actor/grad_norm:np.float64(0.05912810051813722) - actor/perf/max_memory_allocated_gb:np.float64(56.406545639038086) - actor/perf/max_memory_reserved_gb:np.float64(176.685546875) - actor/perf/cpu_memory_used_gb:np.float64(386.4756898880005) - actor/lr:np.float64(1e-06) - perf/mfu/actor:np.float64(0.0) - training/global_step:48 - training/epoch:3 - critic/score/mean:0.0 - critic/score/max:0.0 - critic/score/min:0.0 - critic/rewards/mean:0.0 - critic/rewards/max:0.0 - critic/rewards/min:0.0 - critic/advantages/mean:0.0 - critic/advantages/max:0.0 - critic/advantages/min:0.0 - critic/returns/mean:0.0 - critic/returns/max:0.0 - critic/returns/min:0.0 - response_length/mean:2048.0 - response_length/max:2048.0 - response_length/min:2048.0 - response_length/clip_ratio:1.0 - response_length_non_aborted/mean:2048.0 - response_length_non_aborted/max:2048.0 - response_length_non_aborted/min:2048.0 - response_length_non_aborted/clip_ratio:1.0 - response/aborted_ratio:0.0 - prompt_length/mean:90.412109375 - prompt_length/max:740.0 - prompt_length/min:31.0 - prompt_length/clip_ratio:0.0 - num_turns/min:np.int32(2) - num_turns/max:np.int32(2) - num_turns/mean:np.float64(2.0) - timing_s/start_profile:7.467158138751984e-05 - timing_s/agent_loop/num_preempted/min:np.int64(-1) - timing_s/agent_loop/num_preempted/max:np.int64(-1) - timing_s/agent_loop/num_preempted/mean:np.float64(-1.0) - timing_s/agent_loop/generate_sequences/min:np.float64(205.30575119517744) - timing_s/agent_loop/generate_sequences/max:np.float64(330.41563890501857) - timing_s/agent_loop/generate_sequences/mean:np.float64(243.86552511418668) - timing_s/agent_loop/tool_calls/min:np.float64(0.0) - timing_s/agent_loop/tool_calls/max:np.float64(0.0) - timing_s/agent_loop/tool_calls/mean:np.float64(0.0) - timing_s/agent_loop/compute_score/min:np.float64(0.0025642700493335724) - timing_s/agent_loop/compute_score/max:np.float64(0.4044548515230417) - timing_s/agent_loop/compute_score/mean:np.float64(0.06635975517019688) - timing_s/agent_loop/slowest/generate_sequences:np.float64(330.15565209276974) - timing_s/agent_loop/slowest/tool_calls:np.float64(0.0) - timing_s/agent_loop/slowest/compute_score:np.float64(0.31574976071715355) - timing_s/agent_loop/slowest/num_preempted:np.int64(-1) - timing_s/agent_loop/slowest/prompt_length:72 - timing_s/agent_loop/slowest/response_length:2048 - timing_s/gen:333.3162894323468 - timing_s/reward:4.427693784236908e-05 - timing_s/old_log_prob:160.26907734386623 - timing_s/ref:154.86179612204432 - timing_s/adv:0.07728048041462898 - timing_s/update_actor:595.7748004719615 - timing_s/update_weights:2.0114261470735073 - timing_s/step:1247.047816824168 - timing_s/stop_profile:3.114528954029083e-05 - timing_per_token_ms/gen:0.03178751844714611 - timing_per_token_ms/ref:0.014144347772107874 - timing_per_token_ms/adv:7.058435446006591e-06 - timing_per_token_ms/update_actor:0.054415266920270815 - perf/total_num_tokens:10948670 - perf/time_per_step:1247.047816824168 - perf/throughput:1097.4589198073777
[36m(TaskRunner pid=1876115)[0m step:49 - global_seqlen/min:1364500 - global_seqlen/max:1378580 - global_seqlen/minmax_diff:14080 - global_seqlen/balanced_min:1370507 - global_seqlen/balanced_max:1370512 - global_seqlen/mean:1370509.375 - actor/entropy:1.2887686491012573 - perf/mfu/actor_infer:0.0 - actor/pg_clipfrac:np.float64(0.0) - actor/ppo_kl:np.float64(0.0056559499218141905) - actor/pg_clipfrac_lower:np.float64(0.0) - actor/pg_loss:np.float64(0.0) - actor/kl_loss:np.float64(0.036350406997371465) - actor/kl_coef:np.float64(0.0010000000000000005) - actor/loss:np.float64(3.635040775407106e-05) - actor/grad_norm:np.float64(0.04993790667504072) - actor/perf/max_memory_allocated_gb:np.float64(56.406545639038086) - actor/perf/max_memory_reserved_gb:np.float64(176.685546875) - actor/perf/cpu_memory_used_gb:np.float64(385.26930809020996) - actor/lr:np.float64(1e-06) - perf/mfu/actor:np.float64(0.0) - training/global_step:49 - training/epoch:3 - critic/score/mean:0.0 - critic/score/max:0.0 - critic/score/min:0.0 - critic/rewards/mean:0.0 - critic/rewards/max:0.0 - critic/rewards/min:0.0 - critic/advantages/mean:0.0 - critic/advantages/max:0.0 - critic/advantages/min:0.0 - critic/returns/mean:0.0 - critic/returns/max:0.0 - critic/returns/min:0.0 - response_length/mean:2048.0 - response_length/max:2048.0 - response_length/min:2048.0 - response_length/clip_ratio:1.0 - response_length_non_aborted/mean:2048.0 - response_length_non_aborted/max:2048.0 - response_length_non_aborted/min:2048.0 - response_length_non_aborted/clip_ratio:1.0 - response/aborted_ratio:0.0 - prompt_length/mean:93.4208984375 - prompt_length/max:983.0 - prompt_length/min:32.0 - prompt_length/clip_ratio:0.0 - num_turns/min:np.int32(2) - num_turns/max:np.int32(2) - num_turns/mean:np.float64(2.0) - timing_s/start_profile:7.703527808189392e-05 - timing_s/agent_loop/num_preempted/min:np.int64(-1) - timing_s/agent_loop/num_preempted/max:np.int64(-1) - timing_s/agent_loop/num_preempted/mean:np.float64(-1.0) - timing_s/agent_loop/generate_sequences/min:np.float64(205.74228971637785) - timing_s/agent_loop/generate_sequences/max:np.float64(329.1471668276936) - timing_s/agent_loop/generate_sequences/mean:np.float64(243.93960903172956) - timing_s/agent_loop/tool_calls/min:np.float64(0.0) - timing_s/agent_loop/tool_calls/max:np.float64(0.0) - timing_s/agent_loop/tool_calls/mean:np.float64(0.0) - timing_s/agent_loop/compute_score/min:np.float64(0.0024185683578252792) - timing_s/agent_loop/compute_score/max:np.float64(0.8708048276603222) - timing_s/agent_loop/compute_score/mean:np.float64(0.044029606297408465) - timing_s/agent_loop/slowest/generate_sequences:np.float64(329.0346973463893) - timing_s/agent_loop/slowest/tool_calls:np.float64(0.0) - timing_s/agent_loop/slowest/compute_score:np.float64(0.15762736648321152) - timing_s/agent_loop/slowest/num_preempted:np.int64(-1) - timing_s/agent_loop/slowest/prompt_length:172 - timing_s/agent_loop/slowest/response_length:2048 - timing_s/gen:331.475723573938 - timing_s/reward:3.952719271183014e-05 - timing_s/old_log_prob:160.57741124555469 - timing_s/ref:154.97063697688282 - timing_s/adv:0.07763219997286797 - timing_s/update_actor:598.0092335157096 - timing_s/update_weights:1.8892467506229877 - timing_s/step:1247.740032998845 - timing_s/stop_profile:3.3527612686157227e-05 - timing_per_token_ms/gen:0.03161198840846424 - timing_per_token_ms/ref:0.01413440139518225 - timing_per_token_ms/adv:7.080597311936298e-06 - timing_per_token_ms/update_actor:0.05454260697010096 - perf/total_num_tokens:10964075 - perf/time_per_step:1247.740032998845 - perf/throughput:1098.393366209537
[36m(TaskRunner pid=1876115)[0m test_gen_batch meta info: {'eos_token_id': 151645, 'pad_token_id': 151643, 'recompute_log_prob': False, 'do_sample': False, 'validate': True, 'global_steps': 50}
[36m(TaskRunner pid=1876115)[0m validation generation end
[36m(TaskRunner pid=1876115)[0m step:50 - global_seqlen/min:1362780 - global_seqlen/max:1376460 - global_seqlen/minmax_diff:13680 - global_seqlen/balanced_min:1369403 - global_seqlen/balanced_max:1369406 - global_seqlen/mean:1369404.375 - actor/entropy:1.2947266101837158 - perf/mfu/actor_infer:0.0 - actor/pg_clipfrac:np.float64(0.0) - actor/ppo_kl:np.float64(0.021073471591011146) - actor/pg_clipfrac_lower:np.float64(0.0) - actor/pg_loss:np.float64(0.0) - actor/kl_loss:np.float64(0.03864479296680656) - actor/kl_coef:np.float64(0.0010000000000000005) - actor/loss:np.float64(3.864479367621243e-05) - actor/grad_norm:np.float64(0.03619747282937169) - actor/perf/max_memory_allocated_gb:np.float64(56.406545639038086) - actor/perf/max_memory_reserved_gb:np.float64(176.685546875) - actor/perf/cpu_memory_used_gb:np.float64(386.42759132385254) - actor/lr:np.float64(1e-06) - perf/mfu/actor:np.float64(0.0) - val-aux/openai/gsm8k/reward/mean@1:np.float64(0.0) - val-core/openai/gsm8k/acc/mean@1:np.float64(0.0) - val-aux/DigitalLearningGmbH/MATH-lighteval/reward/mean@1:np.float64(0.0) - val-core/DigitalLearningGmbH/MATH-lighteval/acc/mean@1:np.float64(0.0) - val-aux/num_turns/min:np.int32(2) - val-aux/num_turns/max:np.int32(2) - val-aux/num_turns/mean:np.float64(2.0) - training/global_step:50 - training/epoch:3 - critic/score/mean:0.0 - critic/score/max:0.0 - critic/score/min:0.0 - critic/rewards/mean:0.0 - critic/rewards/max:0.0 - critic/rewards/min:0.0 - critic/advantages/mean:0.0 - critic/advantages/max:0.0 - critic/advantages/min:0.0 - critic/returns/mean:0.0 - critic/returns/max:0.0 - critic/returns/min:0.0 - response_length/mean:2048.0 - response_length/max:2048.0 - response_length/min:2048.0 - response_length/clip_ratio:1.0 - response_length_non_aborted/mean:2048.0 - response_length_non_aborted/max:2048.0 - response_length_non_aborted/min:2048.0 - response_length_non_aborted/clip_ratio:1.0 - response/aborted_ratio:0.0 - prompt_length/mean:91.6943359375 - prompt_length/max:819.0 - prompt_length/min:32.0 - prompt_length/clip_ratio:0.0 - num_turns/min:np.int32(2) - num_turns/max:np.int32(2) - num_turns/mean:np.float64(2.0) - timing_s/start_profile:7.317960262298584e-05 - timing_s/agent_loop/num_preempted/min:np.int64(-1) - timing_s/agent_loop/num_preempted/max:np.int64(-1) - timing_s/agent_loop/num_preempted/mean:np.float64(-1.0) - timing_s/agent_loop/generate_sequences/min:np.float64(205.558864524588) - timing_s/agent_loop/generate_sequences/max:np.float64(329.07933874614537) - timing_s/agent_loop/generate_sequences/mean:np.float64(243.6369765451662) - timing_s/agent_loop/tool_calls/min:np.float64(0.0) - timing_s/agent_loop/tool_calls/max:np.float64(0.0) - timing_s/agent_loop/tool_calls/mean:np.float64(0.0) - timing_s/agent_loop/compute_score/min:np.float64(0.0024716779589653015) - timing_s/agent_loop/compute_score/max:np.float64(0.4326870460063219) - timing_s/agent_loop/compute_score/mean:np.float64(0.044695620471611616) - timing_s/agent_loop/slowest/generate_sequences:np.float64(328.90770677663386) - timing_s/agent_loop/slowest/tool_calls:np.float64(0.0) - timing_s/agent_loop/slowest/compute_score:np.float64(0.21280831098556519) - timing_s/agent_loop/slowest/num_preempted:np.int64(-1) - timing_s/agent_loop/slowest/prompt_length:88 - timing_s/agent_loop/slowest/response_length:2048 - timing_s/gen:331.61264023929834 - timing_s/reward:3.847852349281311e-05 - timing_s/old_log_prob:160.15769821032882 - timing_s/ref:155.9885599091649 - timing_s/adv:0.07976583391427994 - timing_s/update_actor:598.0363129787147 - timing_s/update_weights:2.0413357242941856 - timing_s/step:1248.6524313762784 - timing_s/testing:384.9268409088254 - timing_s/stop_profile:0.00011280737817287445 - timing_per_token_ms/gen:0.031625045799188456 - timing_per_token_ms/ref:0.014238723305265922 - timing_per_token_ms/adv:7.281070092451685e-06 - timing_per_token_ms/update_actor:0.05458909032793132 - perf/total_num_tokens:10955235 - perf/time_per_step:1248.6524313762784 - perf/throughput:1096.705809070205[36m(TaskRunner pid=1876115)[0m Training Progress:  24%|██▍       | 50/210 [18:27:11<61:39:54, 1387.46s/it]
[36m(TaskRunner pid=1876115)[0m Training Progress:  24%|██▍       | 51/210 [18:48:06<59:30:58, 1347.54s/it]
[36m(TaskRunner pid=1876115)[0m Training Progress:  25%|██▍       | 52/210 [19:08:55<57:50:43, 1318.00s/it]

[36m(TaskRunner pid=1876115)[0m step:51 - global_seqlen/min:1365220 - global_seqlen/max:1373765 - global_seqlen/minmax_diff:8545 - global_seqlen/balanced_min:1368600 - global_seqlen/balanced_max:1368605 - global_seqlen/mean:1368601.25 - actor/entropy:1.2131431102752686 - perf/mfu/actor_infer:0.0 - actor/pg_clipfrac:np.float64(0.0) - actor/ppo_kl:np.float64(-0.00672598897309464) - actor/pg_clipfrac_lower:np.float64(0.0) - actor/pg_loss:np.float64(0.0) - actor/kl_loss:np.float64(0.026619445934557007) - actor/kl_coef:np.float64(0.0010000000000000005) - actor/loss:np.float64(2.6619446998665808e-05) - actor/grad_norm:np.float64(0.04323942167684436) - actor/perf/max_memory_allocated_gb:np.float64(56.406545639038086) - actor/perf/max_memory_reserved_gb:np.float64(176.685546875) - actor/perf/cpu_memory_used_gb:np.float64(386.3684768676758) - actor/lr:np.float64(1e-06) - perf/mfu/actor:np.float64(0.0) - training/global_step:51 - training/epoch:3 - critic/score/mean:0.0 - critic/score/max:0.0 - critic/score/min:0.0 - critic/rewards/mean:0.0 - critic/rewards/max:0.0 - critic/rewards/min:0.0 - critic/advantages/mean:0.0 - critic/advantages/max:0.0 - critic/advantages/min:0.0 - critic/returns/mean:0.0 - critic/returns/max:0.0 - critic/returns/min:0.0 - response_length/mean:2048.0 - response_length/max:2048.0 - response_length/min:2048.0 - response_length/clip_ratio:1.0 - response_length_non_aborted/mean:2048.0 - response_length_non_aborted/max:2048.0 - response_length_non_aborted/min:2048.0 - response_length_non_aborted/clip_ratio:1.0 - response/aborted_ratio:0.0 - prompt_length/mean:90.439453125 - prompt_length/max:823.0 - prompt_length/min:33.0 - prompt_length/clip_ratio:0.0 - num_turns/min:np.int32(2) - num_turns/max:np.int32(2) - num_turns/mean:np.float64(2.0) - timing_s/start_profile:6.958283483982086e-05 - timing_s/agent_loop/num_preempted/min:np.int64(-1) - timing_s/agent_loop/num_preempted/max:np.int64(-1) - timing_s/agent_loop/num_preempted/mean:np.float64(-1.0) - timing_s/agent_loop/generate_sequences/min:np.float64(205.01890509575605) - timing_s/agent_loop/generate_sequences/max:np.float64(335.38342750258744) - timing_s/agent_loop/generate_sequences/mean:np.float64(245.61119116635163) - timing_s/agent_loop/tool_calls/min:np.float64(0.0) - timing_s/agent_loop/tool_calls/max:np.float64(0.0) - timing_s/agent_loop/tool_calls/mean:np.float64(0.0) - timing_s/agent_loop/compute_score/min:np.float64(0.0024660490453243256) - timing_s/agent_loop/compute_score/max:np.float64(0.25747640430927277) - timing_s/agent_loop/compute_score/mean:np.float64(0.0404407121528493) - timing_s/agent_loop/slowest/generate_sequences:np.float64(335.2248940691352) - timing_s/agent_loop/slowest/tool_calls:np.float64(0.0) - timing_s/agent_loop/slowest/compute_score:np.float64(0.18715930171310902) - timing_s/agent_loop/slowest/num_preempted:np.int64(-1) - timing_s/agent_loop/slowest/prompt_length:77 - timing_s/agent_loop/slowest/response_length:2048 - timing_s/gen:337.8816579114646 - timing_s/reward:3.965012729167938e-05 - timing_s/old_log_prob:160.38853722065687 - timing_s/ref:155.3455634266138 - timing_s/adv:0.07856841199100018 - timing_s/update_actor:597.6991606280208 - timing_s/update_weights:2.028669634833932 - timing_s/step:1254.2106567136943 - timing_s/stop_profile:3.096461296081543e-05 - timing_per_token_ms/gen:0.03222290591349264 - timing_per_token_ms/ref:0.014188351375776346 - timing_per_token_ms/adv:7.175977297167471e-06 - timing_per_token_ms/update_actor:0.054590330878700126 - perf/total_num_tokens:10948810 - perf/time_per_step:1254.2106567136943 - perf/throughput:1091.2052474390816
[36m(TaskRunner pid=1876115)[0m step:52 - global_seqlen/min:1365580 - global_seqlen/max:1373265 - global_seqlen/minmax_diff:7685 - global_seqlen/balanced_min:1368291 - global_seqlen/balanced_max:1368296 - global_seqlen/mean:1368292.5 - actor/entropy:1.3001344203948975 - perf/mfu/actor_infer:0.0 - actor/pg_clipfrac:np.float64(0.0) - actor/ppo_kl:np.float64(0.026802839288421594) - actor/pg_clipfrac_lower:np.float64(0.0) - actor/pg_loss:np.float64(0.0) - actor/kl_loss:np.float64(0.03748114591144258) - actor/kl_coef:np.float64(0.0010000000000000005) - actor/loss:np.float64(3.748114750123932e-05) - actor/grad_norm:np.float64(0.1047076266258955) - actor/perf/max_memory_allocated_gb:np.float64(56.406545639038086) - actor/perf/max_memory_reserved_gb:np.float64(176.685546875) - actor/perf/cpu_memory_used_gb:np.float64(386.5452489852905) - actor/lr:np.float64(1e-06) - perf/mfu/actor:np.float64(0.0) - training/global_step:52 - training/epoch:3 - critic/score/mean:0.0 - critic/score/max:0.0 - critic/score/min:0.0 - critic/rewards/mean:0.0 - critic/rewards/max:0.0 - critic/rewards/min:0.0 - critic/advantages/mean:0.0 - critic/advantages/max:0.0 - critic/advantages/min:0.0 - critic/returns/mean:0.0 - critic/returns/max:0.0 - critic/returns/min:0.0 - response_length/mean:2048.0 - response_length/max:2048.0 - response_length/min:2048.0 - response_length/clip_ratio:1.0 - response_length_non_aborted/mean:2048.0 - response_length_non_aborted/max:2048.0 - response_length_non_aborted/min:2048.0 - response_length_non_aborted/clip_ratio:1.0 - response/aborted_ratio:0.0 - prompt_length/mean:89.95703125 - prompt_length/max:914.0 - prompt_length/min:30.0 - prompt_length/clip_ratio:0.0 - num_turns/min:np.int32(2) - num_turns/max:np.int32(2) - num_turns/mean:np.float64(2.0) - timing_s/start_profile:7.138773798942566e-05 - timing_s/agent_loop/num_preempted/min:np.int64(-1) - timing_s/agent_loop/num_preempted/max:np.int64(-1) - timing_s/agent_loop/num_preempted/mean:np.float64(-1.0) - timing_s/agent_loop/generate_sequences/min:np.float64(205.6551673412323) - timing_s/agent_loop/generate_sequences/max:np.float64(330.2460151333362) - timing_s/agent_loop/generate_sequences/mean:np.float64(244.9989998596033) - timing_s/agent_loop/tool_calls/min:np.float64(0.0) - timing_s/agent_loop/tool_calls/max:np.float64(0.0) - timing_s/agent_loop/tool_calls/mean:np.float64(0.0) - timing_s/agent_loop/compute_score/min:np.float64(0.0026390403509140015) - timing_s/agent_loop/compute_score/max:np.float64(0.28326177410781384) - timing_s/agent_loop/compute_score/mean:np.float64(0.05254306273673137) - timing_s/agent_loop/slowest/generate_sequences:np.float64(330.18246932700276) - timing_s/agent_loop/slowest/tool_calls:np.float64(0.0) - timing_s/agent_loop/slowest/compute_score:np.float64(0.09971962869167328) - timing_s/agent_loop/slowest/num_preempted:np.int64(-1) - timing_s/agent_loop/slowest/prompt_length:39 - timing_s/agent_loop/slowest/response_length:2048 - timing_s/gen:333.25963390246034 - timing_s/reward:3.491342067718506e-05 - timing_s/old_log_prob:160.01988499052823 - timing_s/ref:155.6206578835845 - timing_s/adv:0.09766226820647717 - timing_s/update_actor:597.0675374995917 - timing_s/update_weights:2.012775616720319 - timing_s/step:1248.8072383794934 - timing_s/stop_profile:4.8041343688964844e-05 - timing_per_token_ms/gen:0.0317821153547726 - timing_per_token_ms/ref:0.014216684104786121 - timing_per_token_ms/adv:8.921910721435399e-06 - timing_per_token_ms/update_actor:0.05454494721519629 - perf/total_num_tokens:10946340 - perf/time_per_step:1248.8072383794934 - perf/throughput:1095.679507572006
[36m(TaskRunner pid=1876115)[0m step:53 - global_seqlen/min:1363820 - global_seqlen/max:1374945 - global_seqlen/minmax_diff:11125 - global_seqlen/balanced_min:1368733 - global_seqlen/balanced_max:1368736 - global_seqlen/mean:1368733.75 - actor/entropy:1.2891894578933716 - perf/mfu/actor_infer:0.0 - actor/pg_clipfrac:np.float64(0.0) - actor/ppo_kl:np.float64(-0.054054784898916554) - actor/pg_clipfrac_lower:np.float64(0.0) - actor/pg_loss:np.float64(0.0) - actor/kl_loss:np.float64(0.03347679538273951) - actor/kl_coef:np.float64(0.0010000000000000005) - actor/loss:np.float64(3.3476795579190366e-05) - actor/grad_norm:np.float64(0.11223312420770526) - actor/perf/max_memory_allocated_gb:np.float64(56.406545639038086) - actor/perf/max_memory_reserved_gb:np.float64(176.685546875) - actor/perf/cpu_memory_used_gb:np.float64(385.24474239349365) - actor/lr:np.float64(1e-06) - perf/mfu/actor:np.float64(0.0) - training/global_step:53 - training/epoch:3 - critic/score/mean:0.0 - critic/score/max:0.0 - critic/score/min:0.0 - critic/rewards/mean:0.0 - critic/rewards/max:0.0 - critic/rewards/min:0.0 - critic/advantages/mean:0.0 - critic/advantages/max:0.0 - critic/advantages/min:0.0 - critic/returns/mean:0.0 - critic/returns/max:0.0 - critic/returns/min:0.0 - response_length/mean:2048.0 - response_length/max:2048.0 - response_length/min:2048.0 - response_length/clip_ratio:1.0 - response_length_non_aborted/mean:2048.0 - response_length_non_aborted/max:2048.0 - response_length_non_aborted/min:2048.0 - response_length_non_aborted/clip_ratio:1.0 - response/aborted_ratio:0.0 - prompt_length/mean:90.646484375 - prompt_length/max:885.0 - prompt_length/min:31.0 - prompt_length/clip_ratio:0.0 - num_turns/min:np.int32(2) - num_turns/max:np.int32(2) - num_turns/mean:np.float64(2.0) - timing_s/start_profile:7.14380294084549e-05 - timing_s/agent_loop/num_preempted/min:np.int64(-1) - timing_s/agent_loop/num_preempted/max:np.int64(-1) - timing_s/agent_loop/num_preempted/mean:np.float64(-1.0) - timing_s/agent_loop/generate_sequences/min:np.float64(205.7401976455003) - timing_s/agent_loop/generate_sequences/max:np.float64(329.7056303489953) - timing_s/agent_loop/generate_sequences/mean:np.float64(243.95509836124148) - timing_s/agent_loop/tool_calls/min:np.float64(0.0) - timing_s/agent_loop/tool_calls/max:np.float64(0.0) - timing_s/agent_loop/tool_calls/mean:np.float64(0.0) - timing_s/agent_loop/compute_score/min:np.float64(0.0024773795157670975) - timing_s/agent_loop/compute_score/max:np.float64(0.3612373098731041) - timing_s/agent_loop/compute_score/mean:np.float64(0.04370648067852016) - timing_s/agent_loop/slowest/generate_sequences:np.float64(329.59525236301124) - timing_s/agent_loop/slowest/tool_calls:np.float64(0.0) - timing_s/agent_loop/slowest/compute_score:np.float64(0.1323008630424738) - timing_s/agent_loop/slowest/num_preempted:np.int64(-1) - timing_s/agent_loop/slowest/prompt_length:45 - timing_s/agent_loop/slowest/response_length:2048 - timing_s/gen:332.2389258518815 - timing_s/reward:3.8115307688713074e-05 - timing_s/old_log_prob:160.67129037342966 - timing_s/ref:155.66467935219407 - timing_s/adv:0.07947244122624397 - timing_s/update_actor:598.5281148962677 - timing_s/update_weights:2.0066827721893787 - timing_s/step:1249.9882888589054 - timing_s/stop_profile:3.384053707122803e-05 - timing_per_token_ms/gen:0.03168477304953399 - timing_per_token_ms/ref:0.014216121228123628 - timing_per_token_ms/adv:7.257843355788148e-06 - timing_per_token_ms/update_actor:0.054660750757430696 - perf/total_num_tokens:10949870 - perf/time_per_step:1249.9882888589054 - perf/throughput:1094.997258933918[36m(TaskRunner pid=1876115)[0m Training Progress:  25%|██▌       | 53/210 [19:29:45<56:35:28, 1297.63s/it]
[36m(TaskRunner pid=1876115)[0m Training Progress:  26%|██▌       | 54/210 [19:50:33<55:35:08, 1282.75s/it]
[36m(TaskRunner pid=1876115)[0m Training Progress:  26%|██▌       | 55/210 [20:17:45<59:44:42, 1387.63s/it]

[36m(TaskRunner pid=1876115)[0m step:54 - global_seqlen/min:1365955 - global_seqlen/max:1371730 - global_seqlen/minmax_diff:5775 - global_seqlen/balanced_min:1368965 - global_seqlen/balanced_max:1368967 - global_seqlen/mean:1368965.625 - actor/entropy:1.2804090976715088 - perf/mfu/actor_infer:0.0 - actor/pg_clipfrac:np.float64(0.0) - actor/ppo_kl:np.float64(0.05084233348226505) - actor/pg_clipfrac_lower:np.float64(0.0) - actor/pg_loss:np.float64(0.0) - actor/kl_loss:np.float64(0.030603909654018935) - actor/kl_coef:np.float64(0.0010000000000000005) - actor/loss:np.float64(3.060391009057639e-05) - actor/grad_norm:np.float64(0.08591066394001245) - actor/perf/max_memory_allocated_gb:np.float64(56.406545639038086) - actor/perf/max_memory_reserved_gb:np.float64(176.685546875) - actor/perf/cpu_memory_used_gb:np.float64(386.1606636047363) - actor/lr:np.float64(1e-06) - perf/mfu/actor:np.float64(0.0) - training/global_step:54 - training/epoch:3 - critic/score/mean:0.0 - critic/score/max:0.0 - critic/score/min:0.0 - critic/rewards/mean:0.0 - critic/rewards/max:0.0 - critic/rewards/min:0.0 - critic/advantages/mean:0.0 - critic/advantages/max:0.0 - critic/advantages/min:0.0 - critic/returns/mean:0.0 - critic/returns/max:0.0 - critic/returns/min:0.0 - response_length/mean:2048.0 - response_length/max:2048.0 - response_length/min:2048.0 - response_length/clip_ratio:1.0 - response_length_non_aborted/mean:2048.0 - response_length_non_aborted/max:2048.0 - response_length_non_aborted/min:2048.0 - response_length_non_aborted/clip_ratio:1.0 - response/aborted_ratio:0.0 - prompt_length/mean:91.0087890625 - prompt_length/max:723.0 - prompt_length/min:31.0 - prompt_length/clip_ratio:0.0 - num_turns/min:np.int32(2) - num_turns/max:np.int32(2) - num_turns/mean:np.float64(2.0) - timing_s/start_profile:7.095932960510254e-05 - timing_s/agent_loop/num_preempted/min:np.int64(-1) - timing_s/agent_loop/num_preempted/max:np.int64(-1) - timing_s/agent_loop/num_preempted/mean:np.float64(-1.0) - timing_s/agent_loop/generate_sequences/min:np.float64(205.45530708134174) - timing_s/agent_loop/generate_sequences/max:np.float64(328.6398041024804) - timing_s/agent_loop/generate_sequences/mean:np.float64(243.36057560680166) - timing_s/agent_loop/tool_calls/min:np.float64(0.0) - timing_s/agent_loop/tool_calls/max:np.float64(0.0) - timing_s/agent_loop/tool_calls/mean:np.float64(0.0) - timing_s/agent_loop/compute_score/min:np.float64(0.0025175046175718307) - timing_s/agent_loop/compute_score/max:np.float64(0.42580133862793446) - timing_s/agent_loop/compute_score/mean:np.float64(0.04873556294660375) - timing_s/agent_loop/slowest/generate_sequences:np.float64(328.4481223113835) - timing_s/agent_loop/slowest/tool_calls:np.float64(0.0) - timing_s/agent_loop/slowest/compute_score:np.float64(0.23142623156309128) - timing_s/agent_loop/slowest/num_preempted:np.int64(-1) - timing_s/agent_loop/slowest/prompt_length:55 - timing_s/agent_loop/slowest/response_length:2048 - timing_s/gen:331.0021154601127 - timing_s/reward:3.513135015964508e-05 - timing_s/old_log_prob:160.07156899943948 - timing_s/ref:155.84900500252843 - timing_s/adv:0.07835296913981438 - timing_s/update_actor:598.0968096703291 - timing_s/update_weights:2.022662926465273 - timing_s/step:1247.8032985329628 - timing_s/stop_profile:3.3099204301834106e-05 - timing_per_token_ms/gen:0.03156682161904456 - timing_per_token_ms/ref:0.014230544046944972 - timing_per_token_ms/adv:7.15439523361063e-06 - timing_per_token_ms/update_actor:0.05461210993430981 - perf/total_num_tokens:10951725 - perf/time_per_step:1247.8032985329628 - perf/throughput:1097.1005018254777
[36m(TaskRunner pid=1876115)[0m test_gen_batch meta info: {'eos_token_id': 151645, 'pad_token_id': 151643, 'recompute_log_prob': False, 'do_sample': False, 'validate': True, 'global_steps': 55}
[36m(TaskRunner pid=1876115)[0m validation generation end
[36m(TaskRunner pid=1876115)[0m step:55 - global_seqlen/min:1362280 - global_seqlen/max:1375355 - global_seqlen/minmax_diff:13075 - global_seqlen/balanced_min:1367288 - global_seqlen/balanced_max:1367292 - global_seqlen/mean:1367290.0 - actor/entropy:1.2993818521499634 - perf/mfu/actor_infer:0.0 - actor/pg_clipfrac:np.float64(0.0) - actor/ppo_kl:np.float64(-0.044647133562494626) - actor/pg_clipfrac_lower:np.float64(0.0) - actor/pg_loss:np.float64(0.0) - actor/kl_loss:np.float64(0.030424937987845624) - actor/kl_coef:np.float64(0.0010000000000000005) - actor/loss:np.float64(3.0424939723161515e-05) - actor/grad_norm:np.float64(0.055570755153894424) - actor/perf/max_memory_allocated_gb:np.float64(56.406545639038086) - actor/perf/max_memory_reserved_gb:np.float64(176.685546875) - actor/perf/cpu_memory_used_gb:np.float64(386.5040559768677) - actor/lr:np.float64(1e-06) - perf/mfu/actor:np.float64(0.0) - val-aux/openai/gsm8k/reward/mean@1:np.float64(0.0) - val-core/openai/gsm8k/acc/mean@1:np.float64(0.0) - val-aux/DigitalLearningGmbH/MATH-lighteval/reward/mean@1:np.float64(0.0) - val-core/DigitalLearningGmbH/MATH-lighteval/acc/mean@1:np.float64(0.0) - val-aux/num_turns/min:np.int32(2) - val-aux/num_turns/max:np.int32(2) - val-aux/num_turns/mean:np.float64(2.0) - training/global_step:55 - training/epoch:3 - critic/score/mean:0.0 - critic/score/max:0.0 - critic/score/min:0.0 - critic/rewards/mean:0.0 - critic/rewards/max:0.0 - critic/rewards/min:0.0 - critic/advantages/mean:0.0 - critic/advantages/max:0.0 - critic/advantages/min:0.0 - critic/returns/mean:0.0 - critic/returns/max:0.0 - critic/returns/min:0.0 - response_length/mean:2048.0 - response_length/max:2048.0 - response_length/min:2048.0 - response_length/clip_ratio:1.0 - response_length_non_aborted/mean:2048.0 - response_length_non_aborted/max:2048.0 - response_length_non_aborted/min:2048.0 - response_length_non_aborted/clip_ratio:1.0 - response/aborted_ratio:0.0 - prompt_length/mean:88.390625 - prompt_length/max:865.0 - prompt_length/min:31.0 - prompt_length/clip_ratio:0.0 - num_turns/min:np.int32(2) - num_turns/max:np.int32(2) - num_turns/mean:np.float64(2.0) - timing_s/start_profile:7.126666605472565e-05 - timing_s/agent_loop/num_preempted/min:np.int64(-1) - timing_s/agent_loop/num_preempted/max:np.int64(-1) - timing_s/agent_loop/num_preempted/mean:np.float64(-1.0) - timing_s/agent_loop/generate_sequences/min:np.float64(205.5992321614176) - timing_s/agent_loop/generate_sequences/max:np.float64(330.09104773029685) - timing_s/agent_loop/generate_sequences/mean:np.float64(243.94632786359034) - timing_s/agent_loop/tool_calls/min:np.float64(0.0) - timing_s/agent_loop/tool_calls/max:np.float64(0.0) - timing_s/agent_loop/tool_calls/mean:np.float64(0.0) - timing_s/agent_loop/compute_score/min:np.float64(0.0025313086807727814) - timing_s/agent_loop/compute_score/max:np.float64(0.36039124615490437) - timing_s/agent_loop/compute_score/mean:np.float64(0.06066380882257363) - timing_s/agent_loop/slowest/generate_sequences:np.float64(329.8966198004782) - timing_s/agent_loop/slowest/tool_calls:np.float64(0.0) - timing_s/agent_loop/slowest/compute_score:np.float64(0.23780025355517864) - timing_s/agent_loop/slowest/num_preempted:np.int64(-1) - timing_s/agent_loop/slowest/prompt_length:63 - timing_s/agent_loop/slowest/response_length:2048 - timing_s/gen:332.3966173864901 - timing_s/reward:3.308989107608795e-05 - timing_s/old_log_prob:160.2778685260564 - timing_s/ref:155.3914608731866 - timing_s/adv:0.07859604060649872 - timing_s/update_actor:596.5326035767794 - timing_s/update_weights:2.003129966557026 - timing_s/step:1247.4022784978151 - timing_s/testing:384.7388978637755 - timing_s/stop_profile:0.0001035742461681366 - timing_per_token_ms/gen:0.03169981168618108 - timing_per_token_ms/ref:0.01420615422415751 - timing_per_token_ms/adv:7.185385014014832e-06 - timing_per_token_ms/update_actor:0.05453603511113035 - perf/total_num_tokens:10938320 - perf/time_per_step:1247.4022784978151 - perf/throughput:1096.1099106268746
[36m(TaskRunner pid=1876115)[0m step:56 - global_seqlen/min:1362250 - global_seqlen/max:1374080 - global_seqlen/minmax_diff:11830 - global_seqlen/balanced_min:1367906 - global_seqlen/balanced_max:1368009 - global_seqlen/mean:1367995.0 - actor/entropy:1.2207626104354858 - perf/mfu/actor_infer:0.0 - actor/pg_clipfrac:np.float64(0.0) - actor/ppo_kl:np.float64(0.02809175244980495) - actor/pg_clipfrac_lower:np.float64(0.0) - actor/pg_loss:np.float64(0.0) - actor/kl_loss:np.float64(0.024808605547150364) - actor/kl_coef:np.float64(0.0010000000000000005) - actor/loss:np.float64(2.4808606212900486e-05) - actor/grad_norm:np.float64(0.06188489543274045) - actor/perf/max_memory_allocated_gb:np.float64(56.406545639038086) - actor/perf/max_memory_reserved_gb:np.float64(176.685546875) - actor/perf/cpu_memory_used_gb:np.float64(386.64217472076416) - actor/lr:np.float64(1e-06) - perf/mfu/actor:np.float64(0.0) - training/global_step:56 - training/epoch:3 - critic/score/mean:0.0 - critic/score/max:0.0 - critic/score/min:0.0 - critic/rewards/mean:0.0 - critic/rewards/max:0.0 - critic/rewards/min:0.0 - critic/advantages/mean:0.0 - critic/advantages/max:0.0 - critic/advantages/min:0.0 - critic/returns/mean:0.0 - critic/returns/max:0.0 - critic/returns/min:0.0 - response_length/mean:2048.0 - response_length/max:2048.0 - response_length/min:2048.0 - response_length/clip_ratio:1.0 - response_length_non_aborted/mean:2048.0 - response_length_non_aborted/max:2048.0 - response_length_non_aborted/min:2048.0 - response_length_non_aborted/clip_ratio:1.0 - response/aborted_ratio:0.0 - prompt_length/mean:89.4921875 - prompt_length/max:861.0 - prompt_length/min:31.0 - prompt_length/clip_ratio:0.0 - num_turns/min:np.int32(2) - num_turns/max:np.int32(2) - num_turns/mean:np.float64(2.0) - timing_s/start_profile:6.858445703983307e-05 - timing_s/agent_loop/num_preempted/min:np.int64(-1) - timing_s/agent_loop/num_preempted/max:np.int64(-1) - timing_s/agent_loop/num_preempted/mean:np.float64(-1.0) - timing_s/agent_loop/generate_sequences/min:np.float64(205.30412695743144) - timing_s/agent_loop/generate_sequences/max:np.float64(335.5228586103767) - timing_s/agent_loop/generate_sequences/mean:np.float64(245.75536312260664) - timing_s/agent_loop/tool_calls/min:np.float64(0.0) - timing_s/agent_loop/tool_calls/max:np.float64(0.0) - timing_s/agent_loop/tool_calls/mean:np.float64(0.0) - timing_s/agent_loop/compute_score/min:np.float64(0.002562476322054863) - timing_s/agent_loop/compute_score/max:np.float64(0.4709049370139837) - timing_s/agent_loop/compute_score/mean:np.float64(0.07487032746648765) - timing_s/agent_loop/slowest/generate_sequences:np.float64(335.2295368872583) - timing_s/agent_loop/slowest/tool_calls:np.float64(0.0) - timing_s/agent_loop/slowest/compute_score:np.float64(0.3539030384272337) - timing_s/agent_loop/slowest/num_preempted:np.int64(-1) - timing_s/agent_loop/slowest/prompt_length:63 - timing_s/agent_loop/slowest/response_length:2048 - timing_s/gen:338.43437376245856 - timing_s/reward:5.8688223361968994e-05 - timing_s/old_log_prob:161.04714155197144 - timing_s/ref:155.73263089358807 - timing_s/adv:0.8198139164596796 - timing_s/update_actor:596.5988574828953 - timing_s/update_weights:1.9972413871437311 - timing_s/step:1255.436575761065 - timing_s/stop_profile:3.0936673283576965e-05 - timing_per_token_ms/gen:0.032275617004629 - timing_per_token_ms/ref:0.01423000731851981 - timing_per_token_ms/adv:7.491017113180965e-05 - timing_per_token_ms/update_actor:0.054513983739240206 - perf/total_num_tokens:10943960 - perf/time_per_step:1255.436575761065 - perf/throughput:1089.6567986086438[36m(TaskRunner pid=1876115)[0m Training Progress:  27%|██▋       | 56/210 [20:38:41<57:39:53, 1348.01s/it]
[36m(TaskRunner pid=1876115)[0m Training Progress:  27%|██▋       | 57/210 [20:59:29<56:01:17, 1318.15s/it]
[36m(TaskRunner pid=1876115)[0m Training Progress:  28%|██▊       | 58/210 [21:20:14<54:43:11, 1295.99s/it]

[36m(TaskRunner pid=1876115)[0m step:57 - global_seqlen/min:1361180 - global_seqlen/max:1372625 - global_seqlen/minmax_diff:11445 - global_seqlen/balanced_min:1368003 - global_seqlen/balanced_max:1368004 - global_seqlen/mean:1368003.75 - actor/entropy:1.2884224653244019 - perf/mfu/actor_infer:0.0 - actor/pg_clipfrac:np.float64(0.0) - actor/ppo_kl:np.float64(-0.03951551634619851) - actor/pg_clipfrac_lower:np.float64(0.0) - actor/pg_loss:np.float64(0.0) - actor/kl_loss:np.float64(0.035427568553132005) - actor/kl_coef:np.float64(0.0010000000000000005) - actor/loss:np.float64(3.542757076502312e-05) - actor/grad_norm:np.float64(0.0849519893527031) - actor/perf/max_memory_allocated_gb:np.float64(56.406545639038086) - actor/perf/max_memory_reserved_gb:np.float64(176.685546875) - actor/perf/cpu_memory_used_gb:np.float64(385.2400608062744) - actor/lr:np.float64(1e-06) - perf/mfu/actor:np.float64(0.0) - training/global_step:57 - training/epoch:4 - critic/score/mean:0.0 - critic/score/max:0.0 - critic/score/min:0.0 - critic/rewards/mean:0.0 - critic/rewards/max:0.0 - critic/rewards/min:0.0 - critic/advantages/mean:0.0 - critic/advantages/max:0.0 - critic/advantages/min:0.0 - critic/returns/mean:0.0 - critic/returns/max:0.0 - critic/returns/min:0.0 - response_length/mean:2048.0 - response_length/max:2048.0 - response_length/min:2048.0 - response_length/clip_ratio:1.0 - response_length_non_aborted/mean:2048.0 - response_length_non_aborted/max:2048.0 - response_length_non_aborted/min:2048.0 - response_length_non_aborted/clip_ratio:1.0 - response/aborted_ratio:0.0 - prompt_length/mean:89.505859375 - prompt_length/max:646.0 - prompt_length/min:31.0 - prompt_length/clip_ratio:0.0 - num_turns/min:np.int32(2) - num_turns/max:np.int32(2) - num_turns/mean:np.float64(2.0) - timing_s/start_profile:0.000290505588054657 - timing_s/agent_loop/num_preempted/min:np.int64(-1) - timing_s/agent_loop/num_preempted/max:np.int64(-1) - timing_s/agent_loop/num_preempted/mean:np.float64(-1.0) - timing_s/agent_loop/generate_sequences/min:np.float64(205.2049931883812) - timing_s/agent_loop/generate_sequences/max:np.float64(328.93552007712424) - timing_s/agent_loop/generate_sequences/mean:np.float64(243.22843011828846) - timing_s/agent_loop/tool_calls/min:np.float64(0.0) - timing_s/agent_loop/tool_calls/max:np.float64(0.0) - timing_s/agent_loop/tool_calls/mean:np.float64(0.0) - timing_s/agent_loop/compute_score/min:np.float64(0.0026296861469745636) - timing_s/agent_loop/compute_score/max:np.float64(0.6411884967237711) - timing_s/agent_loop/compute_score/mean:np.float64(0.041239114966447235) - timing_s/agent_loop/slowest/generate_sequences:np.float64(328.83731863461435) - timing_s/agent_loop/slowest/tool_calls:np.float64(0.0) - timing_s/agent_loop/slowest/compute_score:np.float64(0.12225905992090702) - timing_s/agent_loop/slowest/num_preempted:np.int64(-1) - timing_s/agent_loop/slowest/prompt_length:63 - timing_s/agent_loop/slowest/response_length:2048 - timing_s/gen:332.5279968492687 - timing_s/reward:6.49280846118927e-05 - timing_s/old_log_prob:160.29806027188897 - timing_s/ref:153.9897919651121 - timing_s/adv:0.09094802662730217 - timing_s/update_actor:597.4012155402452 - timing_s/update_weights:2.053398935124278 - timing_s/step:1247.2410676665604 - timing_s/stop_profile:3.014691174030304e-05 - timing_per_token_ms/gen:0.031712341008116596 - timing_per_token_ms/ref:0.014070666104269824 - timing_per_token_ms/adv:8.31028667020304e-06 - timing_per_token_ms/update_actor:0.05458694973791603 - perf/total_num_tokens:10944030 - perf/time_per_step:1247.2410676665604 - perf/throughput:1096.8238502275844
[36m(TaskRunner pid=1876115)[0m step:58 - global_seqlen/min:1363465 - global_seqlen/max:1376720 - global_seqlen/minmax_diff:13255 - global_seqlen/balanced_min:1366737 - global_seqlen/balanced_max:1366885 - global_seqlen/mean:1366774.375 - actor/entropy:1.2972255945205688 - perf/mfu/actor_infer:0.0 - actor/pg_clipfrac:np.float64(0.0) - actor/ppo_kl:np.float64(-0.005929050239269816) - actor/pg_clipfrac_lower:np.float64(0.0) - actor/pg_loss:np.float64(0.0) - actor/kl_loss:np.float64(0.032893181254621595) - actor/kl_coef:np.float64(0.0010000000000000005) - actor/loss:np.float64(3.28931837429991e-05) - actor/grad_norm:np.float64(0.0873892130330205) - actor/perf/max_memory_allocated_gb:np.float64(56.406545639038086) - actor/perf/max_memory_reserved_gb:np.float64(176.685546875) - actor/perf/cpu_memory_used_gb:np.float64(386.60562896728516) - actor/lr:np.float64(1e-06) - perf/mfu/actor:np.float64(0.0) - training/global_step:58 - training/epoch:4 - critic/score/mean:0.0 - critic/score/max:0.0 - critic/score/min:0.0 - critic/rewards/mean:0.0 - critic/rewards/max:0.0 - critic/rewards/min:0.0 - critic/advantages/mean:0.0 - critic/advantages/max:0.0 - critic/advantages/min:0.0 - critic/returns/mean:0.0 - critic/returns/max:0.0 - critic/returns/min:0.0 - response_length/mean:2048.0 - response_length/max:2048.0 - response_length/min:2048.0 - response_length/clip_ratio:1.0 - response_length_non_aborted/mean:2048.0 - response_length_non_aborted/max:2048.0 - response_length_non_aborted/min:2048.0 - response_length_non_aborted/clip_ratio:1.0 - response/aborted_ratio:0.0 - prompt_length/mean:87.5849609375 - prompt_length/max:723.0 - prompt_length/min:32.0 - prompt_length/clip_ratio:0.0 - num_turns/min:np.int32(2) - num_turns/max:np.int32(2) - num_turns/mean:np.float64(2.0) - timing_s/start_profile:6.818398833274841e-05 - timing_s/agent_loop/num_preempted/min:np.int64(-1) - timing_s/agent_loop/num_preempted/max:np.int64(-1) - timing_s/agent_loop/num_preempted/mean:np.float64(-1.0) - timing_s/agent_loop/generate_sequences/min:np.float64(205.40107962489128) - timing_s/agent_loop/generate_sequences/max:np.float64(328.5996702089906) - timing_s/agent_loop/generate_sequences/mean:np.float64(243.15875593900674) - timing_s/agent_loop/tool_calls/min:np.float64(0.0) - timing_s/agent_loop/tool_calls/max:np.float64(0.0) - timing_s/agent_loop/tool_calls/mean:np.float64(0.0) - timing_s/agent_loop/compute_score/min:np.float64(0.0024278536438941956) - timing_s/agent_loop/compute_score/max:np.float64(0.2722721993923187) - timing_s/agent_loop/compute_score/mean:np.float64(0.033009856328135356) - timing_s/agent_loop/slowest/generate_sequences:np.float64(328.44635146670043) - timing_s/agent_loop/slowest/tool_calls:np.float64(0.0) - timing_s/agent_loop/slowest/compute_score:np.float64(0.17726950719952583) - timing_s/agent_loop/slowest/num_preempted:np.int64(-1) - timing_s/agent_loop/slowest/prompt_length:78 - timing_s/agent_loop/slowest/response_length:2048 - timing_s/gen:331.17988794110715 - timing_s/reward:3.334134817123413e-05 - timing_s/old_log_prob:159.27721843495965 - timing_s/ref:154.8416984360665 - timing_s/adv:0.094037976115942 - timing_s/update_actor:596.0546641554683 - timing_s/update_weights:2.009666645899415 - timing_s/step:1244.099028730765 - timing_s/stop_profile:3.211759030818939e-05 - timing_per_token_ms/gen:0.031583775323973384 - timing_per_token_ms/ref:0.014161234406014024 - timing_per_token_ms/adv:8.600356598354246e-06 - timing_per_token_ms/update_actor:0.054512898677540354 - perf/total_num_tokens:10934195 - perf/time_per_step:1244.099028730765 - perf/throughput:1098.605772881592
[36m(TaskRunner pid=1876115)[0m step:59 - global_seqlen/min:1362280 - global_seqlen/max:1374720 - global_seqlen/minmax_diff:12440 - global_seqlen/balanced_min:1369132 - global_seqlen/balanced_max:1369135 - global_seqlen/mean:1369133.125 - actor/entropy:1.2891950607299805 - perf/mfu/actor_infer:0.0 - actor/pg_clipfrac:np.float64(0.0) - actor/ppo_kl:np.float64(0.024483334669373778) - actor/pg_clipfrac_lower:np.float64(0.0) - actor/pg_loss:np.float64(0.0) - actor/kl_loss:np.float64(0.03078484834622941) - actor/kl_coef:np.float64(0.0010000000000000005) - actor/loss:np.float64(3.07848476950312e-05) - actor/grad_norm:np.float64(0.049315097741782665) - actor/perf/max_memory_allocated_gb:np.float64(56.406545639038086) - actor/perf/max_memory_reserved_gb:np.float64(176.685546875) - actor/perf/cpu_memory_used_gb:np.float64(386.7409954071045) - actor/lr:np.float64(1e-06) - perf/mfu/actor:np.float64(0.0) - training/global_step:59 - training/epoch:4 - critic/score/mean:0.0 - critic/score/max:0.0 - critic/score/min:0.0 - critic/rewards/mean:0.0 - critic/rewards/max:0.0 - critic/rewards/min:0.0 - critic/advantages/mean:0.0 - critic/advantages/max:0.0 - critic/advantages/min:0.0 - critic/returns/mean:0.0 - critic/returns/max:0.0 - critic/returns/min:0.0 - response_length/mean:2048.0 - response_length/max:2048.0 - response_length/min:2048.0 - response_length/clip_ratio:1.0 - response_length_non_aborted/mean:2048.0 - response_length_non_aborted/max:2048.0 - response_length_non_aborted/min:2048.0 - response_length_non_aborted/clip_ratio:1.0 - response/aborted_ratio:0.0 - prompt_length/mean:91.2705078125 - prompt_length/max:983.0 - prompt_length/min:32.0 - prompt_length/clip_ratio:0.0 - num_turns/min:np.int32(2) - num_turns/max:np.int32(2) - num_turns/mean:np.float64(2.0) - timing_s/start_profile:6.61071389913559e-05 - timing_s/agent_loop/num_preempted/min:np.int64(-1) - timing_s/agent_loop/num_preempted/max:np.int64(-1) - timing_s/agent_loop/num_preempted/mean:np.float64(-1.0) - timing_s/agent_loop/generate_sequences/min:np.float64(206.20042033866048) - timing_s/agent_loop/generate_sequences/max:np.float64(330.6770980730653) - timing_s/agent_loop/generate_sequences/mean:np.float64(244.6848459884459) - timing_s/agent_loop/tool_calls/min:np.float64(0.0) - timing_s/agent_loop/tool_calls/max:np.float64(0.0) - timing_s/agent_loop/tool_calls/mean:np.float64(0.0) - timing_s/agent_loop/compute_score/min:np.float64(0.0024649500846862793) - timing_s/agent_loop/compute_score/max:np.float64(0.32427367754280567) - timing_s/agent_loop/compute_score/mean:np.float64(0.06022678285007714) - timing_s/agent_loop/slowest/generate_sequences:np.float64(330.47556381486356) - timing_s/agent_loop/slowest/tool_calls:np.float64(0.0) - timing_s/agent_loop/slowest/compute_score:np.float64(0.24842421524226665) - timing_s/agent_loop/slowest/num_preempted:np.int64(-1) - timing_s/agent_loop/slowest/prompt_length:44 - timing_s/agent_loop/slowest/response_length:2048 - timing_s/gen:332.94740246236324 - timing_s/reward:3.427080810070038e-05 - timing_s/old_log_prob:160.26404072716832 - timing_s/ref:156.28140147961676 - timing_s/adv:0.10006534308195114 - timing_s/update_actor:597.6882258746773 - timing_s/update_weights:1.9462405312806368 - timing_s/step:1249.9307757746428 - timing_s/stop_profile:3.474391996860504e-05 - timing_per_token_ms/gen:0.031752338644253086 - timing_per_token_ms/ref:0.014268280292285015 - timing_per_token_ms/adv:9.135830297907585e-06 - timing_per_token_ms/update_actor:0.05456812553149984 - perf/total_num_tokens:10953065 - perf/time_per_step:1249.9307757746428 - perf/throughput:1095.367160754548[36m(TaskRunner pid=1876115)[0m Training Progress:  28%|██▊       | 59/210 [21:41:04<53:46:57, 1282.23s/it]
[36m(WorkerDict pid=1877020)[0m INFO:2026-05-26 00:41:38,341:[Rank 1] Saved model to /workspace/verl/checkpoints/verl_grpo_gsm8k_math/qwen3_8b_grpo_vllm_fsdp_20260525_0229/global_step_60/actor/model_world_size_8_rank_1.pt
[36m(WorkerDict pid=1877020)[0m INFO:2026-05-26 00:41:49,447:[Rank 1] Saved optim to /workspace/verl/checkpoints/verl_grpo_gsm8k_math/qwen3_8b_grpo_vllm_fsdp_20260525_0229/global_step_60/actor/optim_world_size_8_rank_1.pt
[36m(WorkerDict pid=1877020)[0m INFO:2026-05-26 00:41:49,448:[Rank 1] Saved extra_state to /workspace/verl/checkpoints/verl_grpo_gsm8k_math/qwen3_8b_grpo_vllm_fsdp_20260525_0229/global_step_60/actor/extra_state_world_size_8_rank_1.pt
[36m(WorkerDict pid=1877026)[0m INFO:2026-05-26 00:41:38,336:[Rank 7] Saved model to /workspace/verl/checkpoints/verl_grpo_gsm8k_math/qwen3_8b_grpo_vllm_fsdp_20260525_0229/global_step_60/actor/model_world_size_8_rank_7.pt[32m [repeated 3x across cluster][0m
[36m(TaskRunner pid=1876115)[0m Training Progress:  29%|██▊       | 60/210 [22:08:36<58:03:08, 1393.25s/it]
[36m(WorkerDict pid=1877026)[0m INFO:2026-05-26 00:41:49,740:[Rank 7] Saved optim to /workspace/verl/checkpoints/verl_grpo_gsm8k_math/qwen3_8b_grpo_vllm_fsdp_20260525_0229/global_step_60/actor/optim_world_size_8_rank_7.pt[32m [repeated 3x across cluster][0m
[36m(WorkerDict pid=1877026)[0m INFO:2026-05-26 00:41:49,741:[Rank 7] Saved extra_state to /workspace/verl/checkpoints/verl_grpo_gsm8k_math/qwen3_8b_grpo_vllm_fsdp_20260525_0229/global_step_60/actor/extra_state_world_size_8_rank_7.pt[32m [repeated 3x across cluster][0m
[36m(TaskRunner pid=1876115)[0m Training Progress:  29%|██▉       | 61/210 [22:29:29<55:55:29, 1351.20s/it]

[36m(TaskRunner pid=1876115)[0m local_global_step_folder: checkpoints/verl_grpo_gsm8k_math/qwen3_8b_grpo_vllm_fsdp_20260525_0229/global_step_60
[36m(TaskRunner pid=1876115)[0m test_gen_batch meta info: {'eos_token_id': 151645, 'pad_token_id': 151643, 'recompute_log_prob': False, 'do_sample': False, 'validate': True, 'global_steps': 60}
[36m(TaskRunner pid=1876115)[0m validation generation end
[36m(TaskRunner pid=1876115)[0m step:60 - global_seqlen/min:1363720 - global_seqlen/max:1373620 - global_seqlen/minmax_diff:9900 - global_seqlen/balanced_min:1366958 - global_seqlen/balanced_max:1366960 - global_seqlen/mean:1366958.75 - actor/entropy:1.3086968660354614 - perf/mfu/actor_infer:0.0 - actor/pg_clipfrac:np.float64(0.0) - actor/ppo_kl:np.float64(0.00118242207548909) - actor/pg_clipfrac_lower:np.float64(0.0) - actor/pg_loss:np.float64(0.0) - actor/kl_loss:np.float64(0.03010935700876871) - actor/kl_coef:np.float64(0.0010000000000000005) - actor/loss:np.float64(3.0109357794572134e-05) - actor/grad_norm:np.float64(0.02004946139641106) - actor/perf/max_memory_allocated_gb:np.float64(56.406545639038086) - actor/perf/max_memory_reserved_gb:np.float64(176.685546875) - actor/perf/cpu_memory_used_gb:np.float64(386.3434534072876) - actor/lr:np.float64(1e-06) - perf/mfu/actor:np.float64(0.0) - val-aux/openai/gsm8k/reward/mean@1:np.float64(0.0) - val-core/openai/gsm8k/acc/mean@1:np.float64(0.0) - val-aux/DigitalLearningGmbH/MATH-lighteval/reward/mean@1:np.float64(0.0) - val-core/DigitalLearningGmbH/MATH-lighteval/acc/mean@1:np.float64(0.0) - val-aux/num_turns/min:np.int32(2) - val-aux/num_turns/max:np.int32(2) - val-aux/num_turns/mean:np.float64(2.0) - training/global_step:60 - training/epoch:4 - critic/score/mean:0.0 - critic/score/max:0.0 - critic/score/min:0.0 - critic/rewards/mean:0.0 - critic/rewards/max:0.0 - critic/rewards/min:0.0 - critic/advantages/mean:0.0 - critic/advantages/max:0.0 - critic/advantages/min:0.0 - critic/returns/mean:0.0 - critic/returns/max:0.0 - critic/returns/min:0.0 - response_length/mean:2048.0 - response_length/max:2048.0 - response_length/min:2048.0 - response_length/clip_ratio:1.0 - response_length_non_aborted/mean:2048.0 - response_length_non_aborted/max:2048.0 - response_length_non_aborted/min:2048.0 - response_length_non_aborted/clip_ratio:1.0 - response/aborted_ratio:0.0 - prompt_length/mean:87.873046875 - prompt_length/max:732.0 - prompt_length/min:33.0 - prompt_length/clip_ratio:0.0 - num_turns/min:np.int32(2) - num_turns/max:np.int32(2) - num_turns/mean:np.float64(2.0) - timing_s/start_profile:8.576735854148865e-05 - timing_s/agent_loop/num_preempted/min:np.int64(-1) - timing_s/agent_loop/num_preempted/max:np.int64(-1) - timing_s/agent_loop/num_preempted/mean:np.float64(-1.0) - timing_s/agent_loop/generate_sequences/min:np.float64(205.39228335022926) - timing_s/agent_loop/generate_sequences/max:np.float64(329.56915221735835) - timing_s/agent_loop/generate_sequences/mean:np.float64(243.68706972090112) - timing_s/agent_loop/tool_calls/min:np.float64(0.0) - timing_s/agent_loop/tool_calls/max:np.float64(0.0) - timing_s/agent_loop/tool_calls/mean:np.float64(0.0) - timing_s/agent_loop/compute_score/min:np.float64(0.0024276040494441986) - timing_s/agent_loop/compute_score/max:np.float64(0.2989970091730356) - timing_s/agent_loop/compute_score/mean:np.float64(0.03520168535287667) - timing_s/agent_loop/slowest/generate_sequences:np.float64(329.48611442372203) - timing_s/agent_loop/slowest/tool_calls:np.float64(0.0) - timing_s/agent_loop/slowest/compute_score:np.float64(0.10555315762758255) - timing_s/agent_loop/slowest/num_preempted:np.int64(-1) - timing_s/agent_loop/slowest/prompt_length:45 - timing_s/agent_loop/slowest/response_length:2048 - timing_s/gen:332.2027295641601 - timing_s/reward:3.3680349588394165e-05 - timing_s/old_log_prob:159.5055998712778 - timing_s/ref:153.7368249706924 - timing_s/adv:0.07528077252209187 - timing_s/update_actor:596.0244803391397 - timing_s/save_checkpoint:18.85971987992525 - timing_s/update_weights:2.2060819752514362 - timing_s/step:1263.867330873385 - timing_s/testing:388.20385188795626 - timing_s/stop_profile:0.00010094232857227325 - timing_per_token_ms/gen:0.03168132110253907 - timing_per_token_ms/ref:0.014058290435857372 - timing_per_token_ms/adv:6.8839652734667255e-06 - timing_per_token_ms/update_actor:0.054502785868551236 - perf/total_num_tokens:10935670 - perf/time_per_step:1263.867330873385 - perf/throughput:1081.5682284115805
[36m(TaskRunner pid=1876115)[0m step:61 - global_seqlen/min:1364465 - global_seqlen/max:1372845 - global_seqlen/minmax_diff:8380 - global_seqlen/balanced_min:1368183 - global_seqlen/balanced_max:1368187 - global_seqlen/mean:1368185.0 - actor/entropy:1.2334015369415283 - perf/mfu/actor_infer:0.0 - actor/pg_clipfrac:np.float64(0.0) - actor/ppo_kl:np.float64(0.0049524011626336534) - actor/pg_clipfrac_lower:np.float64(0.0) - actor/pg_loss:np.float64(0.0) - actor/kl_loss:np.float64(0.024390124142882996) - actor/kl_coef:np.float64(0.0010000000000000005) - actor/loss:np.float64(2.439012587274192e-05) - actor/grad_norm:np.float64(0.019644517917186022) - actor/perf/max_memory_allocated_gb:np.float64(56.406545639038086) - actor/perf/max_memory_reserved_gb:np.float64(176.685546875) - actor/perf/cpu_memory_used_gb:np.float64(386.86864948272705) - actor/lr:np.float64(1e-06) - perf/mfu/actor:np.float64(0.0) - training/global_step:61 - training/epoch:4 - critic/score/mean:0.0 - critic/score/max:0.0 - critic/score/min:0.0 - critic/rewards/mean:0.0 - critic/rewards/max:0.0 - critic/rewards/min:0.0 - critic/advantages/mean:0.0 - critic/advantages/max:0.0 - critic/advantages/min:0.0 - critic/returns/mean:0.0 - critic/returns/max:0.0 - critic/returns/min:0.0 - response_length/mean:2048.0 - response_length/max:2048.0 - response_length/min:2048.0 - response_length/clip_ratio:1.0 - response_length_non_aborted/mean:2048.0 - response_length_non_aborted/max:2048.0 - response_length_non_aborted/min:2048.0 - response_length_non_aborted/clip_ratio:1.0 - response/aborted_ratio:0.0 - prompt_length/mean:89.7890625 - prompt_length/max:863.0 - prompt_length/min:31.0 - prompt_length/clip_ratio:0.0 - num_turns/min:np.int32(2) - num_turns/max:np.int32(2) - num_turns/mean:np.float64(2.0) - timing_s/start_profile:6.235390901565552e-05 - timing_s/agent_loop/num_preempted/min:np.int64(-1) - timing_s/agent_loop/num_preempted/max:np.int64(-1) - timing_s/agent_loop/num_preempted/mean:np.float64(-1.0) - timing_s/agent_loop/generate_sequences/min:np.float64(205.30889809317887) - timing_s/agent_loop/generate_sequences/max:np.float64(335.2046604156494) - timing_s/agent_loop/generate_sequences/mean:np.float64(245.96842865470754) - timing_s/agent_loop/tool_calls/min:np.float64(0.0) - timing_s/agent_loop/tool_calls/max:np.float64(0.0) - timing_s/agent_loop/tool_calls/mean:np.float64(0.0) - timing_s/agent_loop/compute_score/min:np.float64(0.002435583621263504) - timing_s/agent_loop/compute_score/max:np.float64(0.16028334014117718) - timing_s/agent_loop/compute_score/mean:np.float64(0.027272092186103693) - timing_s/agent_loop/slowest/generate_sequences:np.float64(335.10783178918064) - timing_s/agent_loop/slowest/tool_calls:np.float64(0.0) - timing_s/agent_loop/slowest/compute_score:np.float64(0.11700986884534359) - timing_s/agent_loop/slowest/num_preempted:np.int64(-1) - timing_s/agent_loop/slowest/prompt_length:79 - timing_s/agent_loop/slowest/response_length:2048 - timing_s/gen:338.03047795780003 - timing_s/reward:5.307979881763458e-05 - timing_s/old_log_prob:160.13473089970648 - timing_s/ref:154.46728153526783 - timing_s/adv:0.07576379738748074 - timing_s/update_actor:597.4339871462435 - timing_s/update_weights:2.0721236169338226 - timing_s/step:1252.9879121836275 - timing_s/stop_profile:3.0545517802238464e-05 - timing_per_token_ms/gen:0.03223709849908829 - timing_per_token_ms/ref:0.014112426456881547 - timing_per_token_ms/adv:6.921925524278582e-06 - timing_per_token_ms/update_actor:0.05458271242067442 - perf/total_num_tokens:10945480 - perf/time_per_step:1252.9879121836275 - perf/throughput:1091.9379083359347
[36m(TaskRunner pid=1876115)[0m step:62 - global_seqlen/min:1364860 - global_seqlen/max:1373340 - global_seqlen/minmax_diff:8480 - global_seqlen/balanced_min:1369975 - global_seqlen/balanced_max:1369979 - global_seqlen/mean:1369976.875 - actor/entropy:1.2976115942001343 - perf/mfu/actor_infer:0.0 - actor/pg_clipfrac:np.float64(0.0) - actor/ppo_kl:np.float64(-0.005219381111388494) - actor/pg_clipfrac_lower:np.float64(0.0) - actor/pg_loss:np.float64(0.0) - actor/kl_loss:np.float64(0.03025298344073235) - actor/kl_coef:np.float64(0.0010000000000000005) - actor/loss:np.float64(3.0252984288381413e-05) - actor/grad_norm:np.float64(0.015023811720311642) - actor/perf/max_memory_allocated_gb:np.float64(56.406545639038086) - actor/perf/max_memory_reserved_gb:np.float64(176.685546875) - actor/perf/cpu_memory_used_gb:np.float64(386.0870304107666) - actor/lr:np.float64(1e-06) - perf/mfu/actor:np.float64(0.0) - training/global_step:62 - training/epoch:4 - critic/score/mean:0.0 - critic/score/max:0.0 - critic/score/min:0.0 - critic/rewards/mean:0.0 - critic/rewards/max:0.0 - critic/rewards/min:0.0 - critic/advantages/mean:0.0 - critic/advantages/max:0.0 - critic/advantages/min:0.0 - critic/returns/mean:0.0 - critic/returns/max:0.0 - critic/returns/min:0.0 - response_length/mean:2048.0 - response_length/max:2048.0 - response_length/min:2048.0 - response_length/clip_ratio:1.0 - response_length_non_aborted/mean:2048.0 - response_length_non_aborted/max:2048.0 - response_length_non_aborted/min:2048.0 - response_length_non_aborted/clip_ratio:1.0 - response/aborted_ratio:0.0 - prompt_length/mean:92.5888671875 - prompt_length/max:808.0 - prompt_length/min:33.0 - prompt_length/clip_ratio:0.0 - num_turns/min:np.int32(2) - num_turns/max:np.int32(2) - num_turns/mean:np.float64(2.0) - timing_s/start_profile:6.0789287090301514e-05 - timing_s/agent_loop/num_preempted/min:np.int64(-1) - timing_s/agent_loop/num_preempted/max:np.int64(-1) - timing_s/agent_loop/num_preempted/mean:np.float64(-1.0) - timing_s/agent_loop/generate_sequences/min:np.float64(206.9849271979183) - timing_s/agent_loop/generate_sequences/max:np.float64(331.98744878545403) - timing_s/agent_loop/generate_sequences/mean:np.float64(245.8085734642882) - timing_s/agent_loop/tool_calls/min:np.float64(0.0) - timing_s/agent_loop/tool_calls/max:np.float64(0.0) - timing_s/agent_loop/tool_calls/mean:np.float64(0.0) - timing_s/agent_loop/compute_score/min:np.float64(0.002517085522413254) - timing_s/agent_loop/compute_score/max:np.float64(0.2360680215060711) - timing_s/agent_loop/compute_score/mean:np.float64(0.033309023068431996) - timing_s/agent_loop/slowest/generate_sequences:np.float64(331.90568430535495) - timing_s/agent_loop/slowest/tool_calls:np.float64(0.0) - timing_s/agent_loop/slowest/compute_score:np.float64(0.11566625908017159) - timing_s/agent_loop/slowest/num_preempted:np.int64(-1) - timing_s/agent_loop/slowest/prompt_length:84 - timing_s/agent_loop/slowest/response_length:2048 - timing_s/gen:334.5463617146015 - timing_s/reward:3.211759030818939e-05 - timing_s/old_log_prob:159.7092020250857 - timing_s/ref:155.00676948204637 - timing_s/adv:0.09421435557305813 - timing_s/update_actor:597.4797479473054 - timing_s/update_weights:2.0317578241229057 - timing_s/step:1249.5182202421129 - timing_s/stop_profile:4.787184298038483e-05 - timing_per_token_ms/gen:0.031904827281437065 - timing_per_token_ms/ref:0.014143192150784148 - timing_per_token_ms/adv:8.596345428554965e-06 - timing_per_token_ms/update_actor:0.05451549574033006 - perf/total_num_tokens:10959815 - perf/time_per_step:1249.5182202421129 - perf/throughput:1096.4040802338573[36m(TaskRunner pid=1876115)[0m Training Progress:  30%|██▉       | 62/210 [22:50:19<54:17:53, 1320.76s/it]
[36m(TaskRunner pid=1876115)[0m Training Progress:  30%|███       | 63/210 [23:11:06<53:01:58, 1298.76s/it]
[36m(TaskRunner pid=1876115)[0m Training Progress:  30%|███       | 64/210 [23:31:53<52:02:09, 1283.08s/it]
